fold,r,r2,rmse,mae
0.0,0.9860657775359662,0.9711729601923469,0.020820024336521525,0.01301355786008157
1.0,0.9831951157148127,0.9665422741781137,0.02064416842140985,0.01229394054513748
2.0,0.9715616949653373,0.9416196378054759,0.027788428275046947,0.014372206800700726
3.0,0.9928188582908589,0.985047462673871,0.016677086105448716,0.012025695045045293
4.0,0.9833102682531635,0.963874639604001,0.028056371415440536,0.016431305976032526
5.0,0.9921303661231492,0.9840674988232936,0.01922945050427236,0.010752277129672588
6.0,0.9929059237482396,0.9854981069809543,0.016684147292577025,0.011083138392508844
