fold,r,r2,rmse,mae
0.0,0.9912378798513081,0.9824144813665885,0.01626143253362601,0.009417873146986463
1.0,0.9796781778015069,0.9364573326857749,0.02844997591925989,0.01573322638214371
2.0,0.9691129303050539,0.8723276508449886,0.04109405679730355,0.021968675114848728
3.0,0.9824207023801027,0.9483953111367972,0.03098184718530858,0.017057860446966888
4.0,0.9927454795151103,0.984585467062437,0.018326966832579974,0.011615818867664019
5.0,0.9767434629328531,0.9534101884164359,0.03288291948281529,0.016600860947626965
6.0,0.9687232586248609,0.9139743382885738,0.0406355062850835,0.022168745083893868
