predicted_SD,SD
13.734300000000005,3.57
8.583500000000004,4.13
12.73275000000001,9.2
16.65734999999997,18.07
9.850399999999992,11.789999999999997
8.001299999999997,11.82
2.7162857142857115,20.51
2.7879599999999902,2.28
5.824229999999981,1.25
3.2380999999999953,2.5
1.657500000000001,0.86
