predicted_SD,SD
2.2095497947507075,0.83
9.707021107528927,19.28
11.276059744611436,15.08
9.657853929454378,0.3
10.142570547785581,11.17
10.728079905801268,0.27
1.732851307329031,2.22
3.7654520827909463,0.33000000000000007
3.6793904646868283,2.91
5.8527508506645205,8.01
1.745873501876905,0.96
