predicted_SD,SD
4.279218578782324,0.17000000000000004
12.767901906908453,2.25
13.146025080156772,15.65
5.463032852009101,6.15
8.805120005076624,17.01
7.976657454906204,15.580000000000002
2.5173884200358456,1.61
6.429221499472747,5.22
3.4882231083254953,2.76
6.044308173909421,3.2899999999999996
4.217260408921143,0.99
