predicted_SD,SD
2.8921624862290503,1.25
2.343697943618892,17.61
11.014266069486064,0.27
13.410634439484111,19.32
12.616645533979895,12.98
9.988945176125952,7.61
2.797528623008944,0.0
2.3548849499112112,3.17
2.8844204572510845,0.4
8.206951596459088,0.56
1.1328142198426554,1.74
