predicted_SD,SD
5.778457817769604,8.75
8.363825728085457,35.18
9.590335934996377,26.91
7.469644713592224,3.9999999999999996
11.766724001144624,6.9399999999999995
9.333035837076189,7.17
8.752581710356209,10.71
4.193971959943649,12.29
6.134393852939285,6.299999999999999
3.834400554410327,2.57
3.886652241463387,0.03
