predicted_SD,SD
6.042763493867245,41.41
1.7451038590576093,1.19
6.252499620604077,3.2899999999999996
8.804146156204903,8.63
7.985905604893478,5.43
10.745799582043778,12.92
4.669008395770897,27.510000000000005
3.096446263181263,2.28
3.8161345593295595,15.13
4.852101084748588,2.28
3.9652271857023678,0.3
