predicted_SD,SD
1.5656272222222143,1.15
14.170230714285694,5.04
24.03014944444443,16.91
5.0062933333333275,21.08
6.2130127777777755,9.28
7.400103888888875,5.94
3.4691083333333124,1.12
7.119306111111108,3.6
4.00292898441427,11.47
8.889565595238093,2.63
2.8320972222222136,0.2
