fold,r,r2,rmse,mae
0.0,0.16863505682110566,-0.15784812435342443,13.285832227216323,7.7270657948528
1.0,0.5742193940254354,0.3248537936607966,5.047068710388994,3.859335154927884
2.0,0.37760425832568867,-0.013654252251383614,10.24162411195712,6.627899122145107
3.0,0.34621446561429037,-0.026767105671227975,6.707836303168333,4.521182207792211
4.0,0.5605329416615397,0.2974499943206952,5.426487632992292,3.9304496474037762
5.0,0.4128996863543254,-0.10970829716971142,6.9012766884395225,5.408541221474597
6.0,0.4338897993618587,0.14118034435781646,6.504651515133481,4.605054301974857
