fold,r,r2,rmse,mae
0.0,0.5396546872540449,0.23829977071991626,0.10375480840024148,0.07062615180823527
1.0,0.5653154835943148,0.09614830640241423,0.10905809536966868,0.0704522977957579
2.0,0.6635616607875484,0.4296495752135171,0.10112758672736684,0.0645252724584148
3.0,0.7373754613921064,0.5218299454432529,0.10460509824233805,0.06753564613871275
4.0,0.7991672258902687,0.6195724895270394,0.08902604787212483,0.06559317003187082
