fold,r,r2,rmse,mae
0.0,0.6055190377157356,0.35927987766251235,0.09815567023772148,0.06767698520009424
1.0,0.6624877972257409,0.415183518542271,0.08630957623941907,0.0626229179064092
2.0,0.5368917701811855,0.0943671469603582,0.10944770933270193,0.07540941519751342
3.0,0.6121753400549012,0.36734579285864344,0.10847906311986101,0.07130330846252163
4.0,0.7663498784222338,0.5591921512221809,0.09800541413938835,0.05939793952490677
5.0,0.6823140573668023,0.3844668969130993,0.11952275608917282,0.07596297733369219
6.0,0.8006611294527839,0.6068130057479526,0.08687428356530179,0.05787317455958907
