predicted_SD,SD
0.33006447868716127,1.25
0.03,17.61
0.030003551080139284,0.27
0.030000000000003454,19.32
0.03768312510667756,12.98
0.031015553881005083,7.61
0.048047023582378584,0.0
0.03,3.17
0.03000049460312131,0.4
0.03,0.56
0.03,1.74
