predicted_SD,SD
0.15047575648219016,0.83
7.259300650634388e-121,19.28
1.0809854479758227e-120,15.08
2.6262797670651865e-06,0.3
9.621404086286355e-122,11.17
0.00014850636701536205,0.27
0.14825759735602959,2.22
4.937849462009203e-07,0.33000000000000007
7.713348728977436e-08,2.91
4.00755580712988e-121,8.01
2.3015320901088608e-122,0.96
