predicted_SD,SD
0.46524386900407233,41.41
0.36462737941296236,1.19
1.4368042519754503e-152,3.2899999999999996
1.4015077117436818e-46,8.63
2.4143878679182217e-152,5.43
8.53069995208855e-36,12.92
1.1107402281509157e-37,27.510000000000005
0.003016866417094101,2.28
1.8528194090183724e-31,15.13
4.0898387640039705e-107,2.28
1.1704433657237795e-12,0.3
