predicted_SD,SD
0.6861037415073037,3.57
3.388845436906319e-120,4.13
3.5960024366266677e-122,9.2
9.675198494632288e-28,18.07
3.87353560735265e-57,11.789999999999997
0.0010976331278645401,11.82
1.1278666311745558,20.51
2.301532090092818e-122,2.28
1.1073509467069404e-120,1.25
7.737003299723953e-90,2.5
1.731719833679095e-07,0.86
