predicted_SD,SD
0.28613745598598106,1.15
2.027808361340544e-68,5.04
5.56275674188748e-28,16.91
4.279083627983712e-07,21.08
0.035993536261788604,9.28
0.0002609235857832653,5.94
0.1070194443002444,1.12
2.1238242885480603e-07,3.6
7.560230894806216e-15,11.47
2.8353475178186037e-122,2.63
1.7401229162537634e-121,0.2
