predicted_SD,SD
2.643752061904081,8.75
4.843563015151052e-06,35.18
8.938862925813803e-07,26.91
2.7805209009741538e-176,3.9999999999999996
1.4505699738049808e-111,6.9399999999999995
1.3307895111754703e-05,7.17
5.337366747149597,10.71
1.7221022257031197e-25,12.29
1.065968528663272e-112,6.299999999999999
1.8856676524094567e-23,2.57
7.01599098523126e-24,0.03
