predicted_SD,SD
0.0002303937964296125,0.17000000000000004
6.297316549475461e-11,2.25
1.2062478477566973e-14,15.65
5.188031482473069e-109,6.15
3.0871842243446194e-86,17.01
0.0031003986828853553,15.580000000000002
0.15342257368981477,1.61
0.4601399630044832,5.22
5.534801559644122e-54,2.76
1.1116250291537079e-52,3.2899999999999996
6.880678358717598e-111,0.99
