fold,r,r2,rmse,mae
0.0,0.483380384986739,-0.762167527542511,16.390287164770825,10.867010171378611
1.0,-0.13878031637198418,-1.081845283338105,8.862668940710824,6.369373333705764
2.0,-0.0401876375293587,-1.0565152135540772,14.587802414763775,10.260805649600174
3.0,0.43248621199283627,-1.2915946040899602,10.0210995786458,7.651357438274389
4.0,-0.29572275570095263,-0.740504829895857,8.54117879483368,5.55101044932696
5.0,-0.3755337453927459,-1.1810585132405231,9.675171712495112,7.0900534545068545
6.0,-0.2186310477432471,-0.6980460831181843,9.146349292248685,5.849934529111297
