Datatype,R_mean,R_std,RMSE_mean,RMSE_std,num_of_data
SMILES,0.9292980013823641,0.01689271663954037,1.1578280709279878,0.17928449093491125,681
