predicted_SD,SD
5.783891481646962,0.17000000000000004
4.703070458601217,2.25
16.14793151196418,15.65
1.1787206117344025,6.15
2.1124989862481627,17.01
2.149458260043263,15.580000000000002
5.146972588367818,1.61
3.926239178207226,5.22
4.739109437165362,2.76
13.049692205609071,3.2899999999999996
2.9582718054429953,0.99
