predicted_SD,SD
6.036358671896429,1.15
6.420369128307674,5.04
22.02400701052201,16.91
12.952496973865156,21.08
4.320693349566104,9.28
2.0147413211852885,5.94
3.599073972250059,1.12
6.026177392237291,3.6
12.532402129806004,11.47
6.167428471669663,2.63
3.031761089678096,0.2
