predicted_SD,SD
6.8096464811980955,1.25
5.5306904873958525,17.61
8.753887957066363,0.27
13.506866311934445,19.32
9.256190062957515,12.98
2.8825433616885205,7.61
5.380667309571633,0.0
1.458200708455356,3.1699999999999995
9.043134282089767,0.4
15.325891363258659,0.56
3.3300957512067093,1.74
