predicted_SD,SD
3.8066360279827554,3.57
3.8429218273783303,4.13
12.953455364257,9.2
21.097570509056677,18.07
2.4748102299649015,11.789999999999997
5.3254605634106,11.82
11.68022433994381,20.51
2.9822426545367464,2.28
1.6387269972869571,1.25
4.509219688685061,2.5
6.518507143265238,0.86
