predicted_SD,SD
17.35531316037997,8.75
8.290377769691501,35.18
11.741073715204449,26.91
2.709510904346933,3.9999999999999996
3.5892555564217328,6.9399999999999995
0.7422999531987179,7.17
11.509286659644234,10.71
12.375552656312221,12.29
0.3882489451544081,6.299999999999999
8.27925568064814,2.57
6.99938558070269,0.03
