predicted_SD,SD
2.6450286296879684,0.83
1.1933473879702439,19.28
1.1162797146224925,15.08
1.846251102355992,0.3
4.50893926314708,11.17
2.653142145180603,0.27
2.0988237202248095,2.22
4.178300101510156,0.33000000000000007
7.215961275795975,2.91
3.7372295386726093,8.01
8.622358860711312,0.96
