predicted_SD,SD
8.649310097310666,41.41
5.731246897110906,1.19
3.897407499791714,3.2899999999999996
7.49295673017254,8.63
2.6614360806414843,5.43
16.715771271318136,12.919999999999998
15.058334834217407,27.510000000000005
5.327926820437456,2.28
11.185397604502539,15.13
1.4226864160714128,2.28
10.553722505598683,0.3
