fold,r,r2,rmse,mae
0.0,0.47584658352075304,0.226429971048373,11.295163431687238,6.924177566485532
1.0,0.10203386622040433,0.010410909855883369,7.274091176224544,5.491092950233142
2.0,0.30803474820752025,0.0948854061032704,10.436694948765956,7.382547899424501
3.0,0.6972627550360321,0.4861753495604377,4.926825294150297,3.7002674022157085
4.0,-0.38445049001129,0.14780217926992098,7.909605871890207,5.8787656809640705
5.0,0.7802381987830416,0.6087716468402051,4.174454620209263,3.7026951110682433
6.0,0.17001621631060215,0.028905513808573462,7.663072206922096,6.588984746541775
