fold,r,r2,rmse,mae
0.0,0.5603598655770773,0.12178454541228512,0.7454593685684001,0.6470351498805215
1.0,0.3483777372430746,-0.07405776017575505,0.8480785027202656,0.6956571186507013
2.0,0.40571871631114015,0.12440878209131445,1.3575697376262543,0.8814394229876157
3.0,0.3987366977418877,0.11030898455548765,0.9409834514043613,0.735207866856329
4.0,0.4050754925856475,0.15028274356653304,1.1127931101832655,0.7362690198076282
5.0,0.40333903655203196,0.15442799445385103,1.0812577996836947,0.7798670116477588
