fold,r,r2,rmse,mae
0.0,0.9918367284186026,0.9833797324434023,0.015326224884047617,0.009874484693253215
1.0,0.9859866640988243,0.9720332712011176,0.019183602048067162,0.011662871150501722
2.0,0.9947140283136413,0.9890670009995756,0.014001301576836336,0.010973079569489848
3.0,0.9905982590665408,0.9806155670486796,0.021061447389750996,0.012085694632648842
4.0,0.9948179864818761,0.9894384553791303,0.014833541805448332,0.010290316620704905
