fold,r,r2,rmse,mae
0.0,0.8915200535972049,0.7886033014135092,0.7172383952720645,0.4843624736961848
1.0,0.8825592354272734,0.7566108272776748,0.7766584879904592,0.5222852386139604
2.0,0.8886216011146527,0.7833537094209507,0.6991728131694814,0.46718950944331716
3.0,0.8908079415182203,0.779790303642615,0.7312512153500813,0.4988155437399647
4.0,0.8988920659551423,0.8059092952522029,0.7118154002204524,0.48115815418638336
