fold,r,r2,rmse,mae
0.0,0.8717842864190656,0.744323188324449,0.060112094337026044,0.04486778805810432
1.0,0.8619501333860087,0.7186248291004256,0.060848826504398525,0.044511570738569164
2.0,0.9051632130766183,0.8096959904317554,0.05841477728083722,0.04189426826540597
3.0,0.9169210209073472,0.8322898560712404,0.06195000257819945,0.04594639495921471
4.0,0.9219240746518261,0.8220427101668737,0.06088902675465952,0.04642859654335876
