Dataset,num_of_folds,Features,Targets,Model,r_mean,r_std,r2_mean,r2_std,rmse_mean,rmse_std,mae_mean,mae_std,num_of_data,feature_length
CO2_Soleimani,5,"polymer_automated_frag_aug,T_K,P_Mpa",exp_CO2_sol_g_g,SVM,0.8955485456881732,0.024242468446644364,0.7853953148189488,0.04533843790462249,0.06044294549102415,0.0011711428375483805,0.04472972371293059,0.0015794250785668561,4116,33
