fold,r,r2,rmse,mae
0.0,0.9255496448363065,0.828566288010849,0.32936052531977883,0.17904483505548624
1.0,0.8686233377797316,0.7428164308698488,0.4149959320998016,0.2031828259092025
2.0,0.9485496838529622,0.8930423387954036,0.47447943816209226,0.2692538278795186
3.0,0.8839959539601839,0.7439335836262058,0.504822485981019,0.20933191411765298
4.0,0.8508343194515764,0.7187179925556011,0.640247924674476,0.21466656152126276
5.0,0.9476013116772505,0.894744426383837,0.3814841524152469,0.1950439985424048
