fold,r,r2,rmse,mae
0.0,0.9308439773462385,0.811299474011091,0.4293370694282471,0.20557174925667776
1.0,0.9419345867304701,0.8847408251422041,0.33667308689271547,0.1692367146392296
2.0,0.7768534989535845,0.5966512940453133,0.6836817753503877,0.22510643644166295
3.0,0.9772892360911545,0.9259687817850055,0.331176656562043,0.17438657446628708
4.0,0.9428960347482933,0.8134669226298543,0.5327246497652266,0.3238985497515725
