fold,r,r2,rmse,mae
0.0,0.2030094862014162,0.013246774595989774,0.9817843657509976,0.7190020223607968
1.0,-0.08633192695475163,-0.4288016058500934,1.1853773434152153,0.8438392311719286
2.0,0.16056759936002993,0.019958506749534477,1.0657022796526237,0.6907454525043017
3.0,0.22415929153404246,0.03209920783733722,1.1974784086121923,0.7677840051579572
4.0,0.365897908486736,0.03266903956938283,1.2131441646281094,0.8525208107033471
