fold,r,r2,rmse,mae
0.0,0.37378020054109823,-0.023684072898308317,0.8048341812549814,0.6621812692099261
1.0,0.19798506843674235,-0.054940334261664114,0.8404970331679125,0.657085368327729
2.0,0.32124317409626835,0.014212588709998975,1.4404662382978082,0.9582870067032686
3.0,0.21278278427447064,-0.008913595530382734,1.002049949613697,0.7421964237290568
4.0,0.15617263950363747,0.022620298569827613,1.1934627447700963,0.732341052107867
5.0,0.3397005734430184,0.03376297564247388,1.1558348703150896,0.8003231178627024
