predicted_SD,SD
1.475242955572903,0.16999999824911355
1.475242955572903,2.249999931454658
13.623245634436607,15.650000483095644
4.523731261342763,6.150000018328428
11.943784088492393,17.010000469088553
11.943784088492393,15.580000293254852
4.047295623943209,1.6100000469386577
11.943784088492393,5.219999964386225
4.053825013488531,2.7600000804662703
4.053825013488531,3.2899999751895663
11.943784088492393,0.9899999852664768
