predicted_SD,SD
10.960972586870193,3.5700001174956557
6.070338565707206,4.130000093579292
5.5978122934699055,9.2000002682209
13.435323367416858,18.06999964147806
5.6720430266857145,11.789999887645244
5.6720430266857145,11.819999969005584
10.579689311683177,20.510000088214873
5.5978122934699055,2.2800000128149986
6.070338565707206,1.2499999962002037
6.070315117537975,2.4999999924004075
17.207141568958757,0.8600000183656811
