predicted_SD,SD
5.531816804111004,1.1500000335276126
5.686484630703926,5.040000093281269
12.53376100629568,16.91000019788742
17.527885373532772,21.080000399947163
17.527885373532772,9.279999868124722
5.531816804111004,5.940000065863132
5.5317001803219314,1.1200000292994081
17.527885373532772,3.5999998903274535
12.73181658476591,11.470000253915785
5.682100440114736,2.630000036433339
5.5317001803219314,0.20000000247731803
