predicted_SD,SD
5.111654841303825,1.2499999809265137
5.152363436818122,17.610000190138816
1.2468408564105629,0.270000008251518
12.991595847010611,19.320000446438787
12.991595847010611,12.979999878406522
5.152363436818122,7.610000295937061
1.2468408564105629,-1.03143974958253e-09
6.712029229998588,3.1700000469386573
18.41163271844387,0.3999999822117388
5.111654841303825,0.5600000005587935
6.712029229998588,1.7399999479949473
