predicted_SD,SD
14.656089358627796,8.75000028192997
14.365578882992267,35.179999147653575
14.365578882992267,26.91000016748905
6.434281302690505,4.000000049546361
6.433853682130574,6.939999692589044
6.433853682130574,7.169999699294567
14.365578882992267,10.709999426901339
14.656089358627796,12.290000009536742
11.964253106117248,6.299999808073044
17.570220426023006,2.57000002797693
17.570220426023006,0.02999999940744601
