predicted_SD,SD
11.6399479752779,41.40999855995178
5.273184915781021,1.190000025331974
5.244862203598022,3.2900000700354575
5.589610022306442,8.629999809265136
5.244862203598022,5.4299998909235
10.22180668950081,12.919999526143075
10.22180668950081,27.509999012947084
5.589610022306442,2.2800000859797
10.22180668950081,15.130000396966935
5.244909383654594,2.2800000859797
14.173568387031555,0.29999999234452845
