predicted_SD,SD
5.104356679022311,0.8300000141374766
7.691398126780986,19.280000454783437
7.691398126780986,15.080000171363352
0.7776441859826445,0.30000000371597707
4.62185999840498,11.169999440312385
0.7776441859826445,0.26999999948777254
5.104397404789924,2.2200000043585897
0.7776441859826445,0.33000000794418155
0.7776441859826445,2.9099998702108856
7.691398126780986,8.010000126212836
4.62185999840498,0.9599999810382723
