fold,r,r2,rmse,mae
0.0,0.49094040388033455,0.13026298592770902,11.514813982577936,7.643299234473909
1.0,0.7017568344219635,0.4666876171657707,4.485709531819553,3.3279972636242476
2.0,0.14662372786395214,-0.06822905761776887,10.513712493937565,7.924351530410032
3.0,0.11951990592262778,-0.20508984912413375,7.26701728145233,6.165455208728937
4.0,0.7353804650766411,0.3989896623478515,5.019045963153055,3.6572589206941086
5.0,0.6622127975317876,0.21127388652445878,5.818193224280383,4.508902439979667
6.0,0.31377856968487977,-0.10920663991826052,7.392294892814036,5.310723344408271
