fold,r,r2,rmse,mae
0.0,0.7851508146283892,0.1509551185112905,0.7329743150576681,0.27983831703960815
1.0,0.8055946736018889,0.5952732362877982,0.5205988354545312,0.2465037624141941
2.0,0.8827412283461924,0.7693694129860851,0.6967386457381841,0.3173214052482864
3.0,0.8452366723734634,0.7129303280055408,0.5345102476076301,0.2459903758591283
4.0,0.8524487939171242,0.7150440361379731,0.6444156491084639,0.2266556974409671
5.0,0.8860696396239962,0.7740469970414204,0.5589371920596014,0.2725719979160948
