predicted_SD,SD
5.593398610315616,41.41
3.722400472397968,1.19
5.927952400072147,3.2899999999999996
9.619397967051484,8.63
7.3808871952584525,5.43
10.62472366148666,12.92
10.264924126632641,27.510000000000005
5.7974196402671465,2.28
2.806139811170313,15.13
7.851310011960278,2.28
11.385697909442397,0.3
