predicted_SD,SD
3.3188159523809557,1.25
4.66341854076479,17.61
7.376687431457431,0.27
11.009134880952374,19.32
10.89685068121692,12.98
8.708908570827312,7.61
3.5366138269600844,0.0
3.0772504256854285,3.17
4.07021145743146,0.4
16.55615273569023,0.56
3.886127559523808,1.74
