predicted_SD,SD
2.9062736861215623,0.17000000000000004
4.689391851951455,2.25
10.46365517279729,15.65
5.8317676947838395,6.15
13.650364776654962,17.01
11.550278217999944,15.580000000000002
3.7433101310228185,1.61
10.859731654392606,5.22
10.07839243243934,2.76
7.5855513035895585,3.2899999999999996
10.974686174082313,0.99
