predicted_SD,SD
11.298204674769686,3.57
5.653399696691463,4.13
11.45116258985062,9.2
13.432175777020595,18.07
8.104167937473159,11.789999999999997
8.283881844460202,11.82
6.881324375852599,20.51
3.2422850691949456,2.28
5.724414709683586,1.25
6.11465911360636,2.5
2.0623981833896172,0.86
