predicted_SD,SD
2.9967585359363924,1.15
7.901695180416841,5.04
22.799888928571427,16.91
6.936974480302488,21.08
5.902967928755062,9.28
7.217339772366857,5.94
2.648106923564848,1.12
3.0661946604795345,3.6
7.151257535091897,11.47
3.7567750805391666,2.63
8.24498303906108,0.2
