predicted_SD,SD
2.7052590275835264,0.83
11.462369393217886,19.28
14.260161619047615,15.08
7.670908183150179,0.3
8.660615667277169,11.17
7.153499301587299,0.27
2.8156778210123186,2.22
4.631232687479185,0.33000000000000007
3.946455183760683,2.91
11.039597142857135,8.01
3.8411934718614624,0.96
