predicted_SD,SD
11.367662183168113,8.75
4.41357624907139,35.18
5.402554056776506,26.91
7.461757913269549,3.9999999999999996
8.24742974477142,6.9399999999999995
5.827229871794884,7.17
29.833043151364635,10.71
7.211439227584291,12.29
12.054493681318677,6.299999999999999
2.705748515379813,2.57
2.5181076354917566,0.03
