fold,r,r2,rmse,mae
0.0,-0.029026795563388434,-0.14603009932637345,13.21785482845663,8.724170853349513
1.0,0.6707387378705311,0.33491749656732606,5.009311777028845,4.312842851942148
2.0,-0.05665818519889729,-0.6360949317548552,13.011523747027272,8.507585765412445
3.0,0.5552847152231754,0.3031506891728496,5.52606411783906,4.294997645670883
4.0,0.8078205229926629,0.5429543503002299,4.3768331039768675,3.5564251036135563
5.0,0.5707422687342384,0.2658171513483052,5.613414864987895,4.0861957141661485
6.0,0.2526273465158376,-0.07669248198317935,7.283143833939622,5.368805727786524
