predicted_SD,SD
0.2535790113219991,0.16999999824911355
3.797353874891996,2.249999931454658
14.403724117875099,15.650000483095644
5.387887004911899,6.150000018328428
12.39170582652092,17.010000469088553
7.602774537056684,15.580000293254852
6.893667961359023,1.6100000469386577
9.14489028289914,5.219999964386225
2.827943310514092,2.7600000804662703
3.144110711216926,3.2899999751895663
2.2306053644791244,0.9899999852664768
