predicted_SD,SD
3.8289477764070026,1.2499999809265137
7.704402678012848,17.610000190138816
3.056997622698545,0.270000008251518
15.883262670636174,19.320000446438787
13.592323255538938,12.979999878406522
6.024294443726539,7.610000295937061
0.47121027292683715,-1.03143974958253e-09
2.5238861307501788,3.1700000469386573
12.412735897302625,0.3999999822117388
1.365078531205654,0.5600000005587935
1.0252566395327447,1.7399999479949473
