predicted_SD,SD
2.060187927111983,1.1500000335276126
12.046047725081444,5.040000093281269
16.890413571894168,16.91000019788742
24.414122733473775,21.080000399947163
19.914838656783104,9.279999868124722
4.377814229801297,5.940000065863132
3.1879057207703587,1.1200000292994081
17.291104526519774,3.5999998903274535
4.3354032792896025,11.470000253915785
2.655209903642535,2.630000036433339
0.44143743221648035,0.20000000247731803
