predicted_SD,SD
2.9331530861556527,0.8300000141374766
14.263354738056659,19.280000454783437
10.159217975139617,15.080000171363352
5.988671060502528,0.30000000371597707
9.575726327300071,11.169999440312385
5.1604521045088765,0.26999999948777254
3.9249819514900444,2.2200000043585897
1.4694620562717318,0.33000000794418155
1.0926947904936968,2.9099998702108856
4.411703930497169,8.010000126212836
0.6843238662555813,0.9599999810382723
