predicted_SD,SD
1.2752567597478628,0.8300000141374766
13.273373033106326,19.280000454783437
10.076359549760818,15.080000171363352
2.661676970422268,0.30000000371597707
9.962289142906664,11.169999440312385
2.4609007872641087,0.26999999948777254
3.3042129595577716,2.2200000043585897
0.3126332448143512,0.33000000794418155
0.15636288240551946,2.9099998702108856
2.8938718491792677,8.010000126212836
-0.12221515543293207,0.9599999810382723
