predicted_SD,SD
6.459459813535213,41.40999855995178
1.8118339572846889,1.190000025331974
6.513820150494576,3.2900000700354575
8.770516695976257,8.629999809265136
6.913949492275715,5.4299998909235
9.455040603876114,12.919999526143075
5.58574020922184,27.509999012947084
2.9564260613918303,2.2800000859797
3.2631855469942095,15.130000396966935
2.312034558057785,2.2800000859797
7.0548370045423505,0.29999999234452845
