predicted_SD,SD
4.306768153458833,1.2499999809265137
6.412580575048923,17.610000190138816
3.2073521256446833,0.270000008251518
15.710306017994878,19.320000446438787
12.44575536549091,12.979999878406522
5.205315441489219,7.610000295937061
1.551461251080036,-1.03143974958253e-09
3.0026289564371105,3.1700000469386573
12.78607971727848,0.3999999822117388
1.5922854609787462,0.5600000005587935
1.6251745161414144,1.7399999479949473
