predicted_SD,SD
7.570869397521019,41.40999855995178
2.6635700142383576,1.190000025331974
10.250234246253967,3.2900000700354575
8.280222596526146,8.629999809265136
8.73535602092743,5.4299998909235
9.681318252086639,12.919999526143075
6.052638767063618,27.509999012947084
3.3591647224128245,2.2800000859797
3.74368401825428,15.130000396966935
2.385565200448036,2.2800000859797
6.544097165465355,0.29999999234452845
