predicted_SD,SD
0.28898210236802696,0.16999999824911355
1.9873099372908472,2.249999931454658
15.996545912623404,15.650000483095644
4.884016083925962,6.150000018328428
9.847344983220099,17.010000469088553
7.2885659840703,15.580000293254852
4.581242215782404,1.6100000469386577
9.143366151899098,5.219999964386225
3.02939671382308,2.7600000804662703
2.5237438862398265,3.2899999751895663
0.9540154528990387,0.9899999852664768
