predicted_SD,SD
12.119073962867258,3.5700001174956557
8.733883367925882,4.130000093579292
8.976960665434598,9.2000002682209
16.972098354697227,18.06999964147806
5.9046538019180295,11.789999887645244
5.505686904788017,11.819999969005584
8.742713454812764,20.510000088214873
3.6411878336966033,2.2800000128149986
2.6344212504476308,1.2499999962002037
2.786112393662333,2.4999999924004075
8.06089314341545,0.8600000183656811
