predicted_SD,SD
11.825014174878596,8.75000028192997
15.713441356122493,35.179999147653575
13.072714707851409,26.91000016748905
4.8327105640619985,4.000000049546361
5.644239668548106,6.939999692589044
3.965135090127587,7.169999699294567
11.842525020837783,10.709999426901339
8.537759178131818,12.290000009536742
5.116643211171031,6.299999808073044
12.040175809860228,2.57000002797693
7.112045697867869,0.02999999940744601
