predicted_SD,SD
2.429093808494508,1.1500000335276126
9.732423037588596,5.040000093281269
19.590809640288352,16.91000019788742
22.157532632350918,21.080000399947163
18.843555978536603,9.279999868124722
4.466470832079649,5.940000065863132
2.386221299283206,1.1200000292994081
13.592186683118342,3.5999998903274535
4.872598676681518,11.470000253915785
2.3148932025954125,2.630000036433339
0.856392162721604,0.20000000247731803
