predicted_SD,SD
18.45003029078245,8.75000028192997
19.70214771836996,35.179999147653575
16.585393615961074,26.91000016748905
5.798534175604582,4.000000049546361
6.446007855534553,6.939999692589044
4.002937858328223,7.169999699294567
13.225862105786799,10.709999426901339
9.130641817748545,12.290000009536742
5.693382711857557,6.299999808073044
11.322479182481764,2.57000002797693
4.992732594981789,0.02999999940744601
