predicted_SD,SD
8.85060897141695,3.5700001174956557
13.275226672589778,4.130000093579292
12.021748017072676,9.2000002682209
23.615455875396727,18.06999964147806
11.002601726055145,11.789999887645244
7.029868503510952,11.819999969005584
10.524929197728634,20.510000088214873
5.258737574070691,2.2800000128149986
4.47485848903656,1.2499999962002037
3.7436918140202757,2.4999999924004075
7.1162299619615075,0.8600000183656811
