fold,r,r2,rmse,mae
0.0,0.20079625743711563,-0.10168890725633739,12.959625098471875,8.130841044815764
1.0,0.8370475076415104,0.6761947072698138,3.495282524428899,2.445258076370863
2.0,0.7339645958857284,0.4977632570901822,7.20905176462401,5.54173868279195
3.0,0.6449869415031939,0.3082334599672435,5.505873826045034,4.732650704780085
4.0,0.9321151900633761,0.7630335209638783,3.151546066296506,2.4790339054925026
5.0,0.8077163021422195,0.4256870858294176,4.964772141564511,3.599477488396858
6.0,0.6438428850683054,0.41065461010578974,5.3883773061508435,3.5447442427978175
