Dataset,num_of_folds,Features,Targets,Model,r_mean,r_std,r2_mean,r2_std,rmse_mean,rmse_std,mae_mean,mae_std,num_of_data,feature_length
Swelling_Xu,7,PS_ohe,SD,NN,0.6857813828202071,0.22018989452601992,0.4256968191385697,0.2601918048385084,6.096361246797382,3.0685135631533265,4.353392020777977,1.859401513268551,77,18
