fold,r,r2,rmse,mae
0.0,0.9816829453907022,0.949053403919773,0.027678260814438305,0.016555739246983312
1.0,0.9618023751398491,0.9244901828908844,0.031013507915395293,0.019368579343517905
2.0,0.9773905128871233,0.9216818634110098,0.032185611519657716,0.018802521282026696
3.0,0.9916848895740841,0.9831859134381162,0.017684767924721394,0.011551338994491853
4.0,0.9821212967677455,0.9641387279375471,0.027953632685921853,0.01927640646736916
5.0,0.9834725540811615,0.9176670941618095,0.0437131007415713,0.02355175050993718
6.0,0.955639392922959,0.8524740030775124,0.053214004643331654,0.029738537629910636
