fold,r,r2,rmse,mae
0.0,0.9860069525484042,0.9706868192157473,0.020353901234320335,0.012392389492012133
1.0,0.9549247581177642,0.9065185648049928,0.03507292660147014,0.021209786466842295
2.0,0.9856029303315155,0.9392135576939986,0.033014302157452415,0.022321186731169028
3.0,0.9609472986636115,0.8834188005805151,0.05165066576090145,0.026483890185132617
4.0,0.9877178250191195,0.9745709932952631,0.02301684720632162,0.014509820439324726
