Dataset,num_of_folds,Features,Targets,Model,r_mean,r_std,r2_mean,r2_std,rmse_mean,rmse_std,mae_mean,mae_std,num_of_data,feature_length
CO2_Soleimani,7,"2mer_fp,T_K,P_Mpa",exp_CO2_sol_g_g,NN,0.985510781163353,0.003627539806580599,0.965905632884273,0.007773445948375338,0.024080859913881255,0.0031037243822389753,0.014567796356475014,0.0020669289159136973,515,514
