Dataset,num_of_folds,Features,Targets,Model,r_mean,r_std,r2_mean,r2_std,rmse_mean,rmse_std,mae_mean,mae_std,num_of_data,feature_length
CO2_Soleimani,7,"2mer_fp,T_K,P_Mpa",exp_CO2_sol_g_g,NN,0.976256280966232,0.011887698363365408,0.9303844555480932,0.038947073864081756,0.03334898374929108,0.01079336057534113,0.019834981924890964,0.005248979083659944,515,514
