predicted_SD,SD
1.6242527646489687e-05,8.75
2.256573572348918e-20,35.18
3.413630469198211e-18,26.91
5.88919029182246e-12,3.9999999999999996
1.8572621267273912e-79,6.9399999999999995
7.898842926006466e-77,7.17
3.2793908817223384e-05,10.71
4.231881253009917e-20,12.29
4.485560275639056e-88,6.299999999999999
6.635318873851608e-17,2.57
8.245384539544742e-18,0.03
