predicted_SD,SD
4.133885632114879e-06,3.57
1.1008668782586056e-11,4.13
3.15223832945269e-11,9.2
4.246379664858476e-18,18.07
1.1713492386657276e-20,11.789999999999997
3.829129319869387e-25,11.82
6.929405992529731e-06,20.51
3.663179795749513e-31,2.28
5.16979231223135e-77,1.25
7.333684344204889e-83,2.5
3.201793411881348e-17,0.86
