predicted_SD,SD
8.481592934856391e-06,41.41
1.2750107026254707e-06,1.19
7.160109777291744e-12,3.2899999999999996
9.021738335390157e-12,8.63
2.1206395264667342e-82,5.43
1.8693760411769288e-18,12.92
2.1574338106588232e-18,27.510000000000005
9.899151417899616e-07,2.28
6.799245474532173e-17,15.13
1.79153461503632e-80,2.28
4.2318862235435074e-20,0.3
