predicted_SD,SD
1.7580892918189718e-06,1.15
1.544793684450694e-11,5.04
5.420779107523571e-18,16.91
3.7968327754896446e-18,21.08
5.906655836178306e-18,9.28
2.548399816177624e-81,5.94
6.573036541485346e-07,1.12
3.064726125819266e-18,3.6
4.6451077646997096e-20,11.47
4.512814644089511e-31,2.63
3.2247359672987634e-76,0.2
