predicted_SD,SD
8.869639670438056e-07,0.83
3.656909424856509e-98,19.28
4.822246389192413e-89,15.08
1.1107308031154159e-15,0.3
1.1237522749292862e-30,11.17
1.0685880317008534e-18,0.27
9.107219304467645e-07,2.22
4.436595745669485e-18,0.33000000000000007
9.475839454485764e-18,2.91
1.464047299761243e-80,8.01
3.6631798060505575e-31,0.96
