predicted_SD,SD
0.030001781847255223,1.25
0.03000000001641455,17.61
0.030000000003974313,0.27
0.03,19.32
0.03,12.98
0.03,7.61
0.03000011087049588,0.0
0.03,3.17
0.030000000000000002,0.4
0.03,0.56
0.03,1.74
