predicted_SD,SD
4.2036340655147014e-19,0.17000000000000004
4.837600997029123e-13,2.25
3.54890044961723e-21,15.65
7.392813345053727e-12,6.15
3.000808026499643e-87,17.01
8.129610649977634e-80,15.580000000000002
9.423992149840433e-07,1.61
2.827197644952131e-06,5.22
6.3203461646227495e-28,2.76
1.5266765762930096e-20,3.2899999999999996
2.6953232015590357e-80,0.99
