fold,r,r2,rmse,mae
0.0,0.64331383522571,0.2920249972038852,0.8316120940158664,0.6182773363706611
1.0,0.49286998041086516,0.012937214485584936,0.9852422933965855,0.7462685065395417
2.0,0.5918480484397473,0.23372719402339714,0.9423351038442974,0.6308127008084038
3.0,0.7791575463714914,0.35357134336028473,0.9786165796158832,0.6674882967133301
4.0,0.691298045515075,0.3373608307988897,1.004068682648495,0.7103864485231565
