predicted_SD,SD
1.6863182842731474,0.8300000141374766
3.0614287641644475,19.280000454783437
15.79826942771673,15.080000171363352
13.852945134341716,0.30000000371597707
6.603980639874934,11.169999440312385
13.942580080628394,0.26999999948777254
2.2877018108218907,2.2200000043585897
14.120476404130457,0.33000000794418155
14.121140357553958,2.9099998702108856
3.0610282941162583,8.010000126212836
4.374751775488257,0.9599999810382723
