predicted_SD,SD
14.65349771887064,8.75000028192997
4.716768314540386,35.179999147653575
7.059510074704885,26.91000016748905
6.829684695154428,4.000000049546361
5.604019270688295,6.939999692589044
5.602361855357885,7.169999699294567
4.716785592138767,10.709999426901339
14.649711456596851,12.290000009536742
8.253743228316306,6.299999808073044
7.189860298633575,2.57000002797693
7.189905343800783,0.02999999940744601
