predicted_SD,SD
6.134261360317468,0.16999999824911355
6.13503453284502,2.249999931454658
13.19539059281349,15.650000483095644
5.076477731391787,6.150000018328428
11.234420199990272,17.010000469088553
11.234637404084205,15.580000293254852
3.03113990008831,1.6100000469386577
9.456078341454267,5.219999964386225
3.036756970733404,2.7600000804662703
3.0367742483317848,3.2899999751895663
9.456074639111756,0.9899999852664768
