predicted_SD,SD
2.082642017379403,1.1500000335276126
4.665759290605783,5.040000093281269
7.100413554757833,16.91000019788742
6.919758986085653,21.080000399947163
6.919478225111961,9.279999868124722
4.868328024595976,5.940000065863132
3.3129008147865533,1.1200000292994081
7.485853943526744,3.5999998903274535
15.44289884775877,11.470000253915785
4.624032656401395,2.630000036433339
3.3128838457167147,0.20000000247731803
