predicted_SD,SD
6.697929207980632,1.2499999809265137
6.699050821661949,17.610000190138816
6.894336157441138,0.270000008251518
10.877067334055898,19.320000446438787
10.876072125434874,12.979999878406522
6.868823300004005,7.610000295937061
6.705523377358913,-1.03143974958253e-09
2.3008696828782553,3.1700000469386573
6.694426246285438,0.3999999822117388
6.697801569700241,0.5600000005587935
2.3007568432390686,1.7399999479949473
