predicted_SD,SD
2.673231179267168,41.40999855995178
2.577492097914219,1.190000025331974
2.171424359679222,3.2900000700354575
5.263922422230244,8.629999809265136
4.748883955776692,5.4299998909235
14.315714558362961,12.919999526143075
15.39358384013176,27.509999012947084
2.5768525460362435,2.2800000859797
14.718505379557609,15.130000396966935
1.9810368426144123,2.2800000859797
15.158424808382987,0.29999999234452845
