predicted_SD,SD
7.519383591413497,3.5700001174956557
1.1330642076395452,4.130000093579292
5.814800417423248,9.2000002682209
10.241949903815984,18.06999964147806
5.203757787793874,11.789999887645244
5.250166034102439,11.819999969005584
10.750835030674933,20.510000088214873
2.7476857807487245,2.2800000128149986
1.135950877815485,1.2499999962002037
2.6603765226155516,2.4999999924004075
10.953680206239223,0.8600000183656811
