fold,r,r2,rmse,mae
0.0,0.18657394009954423,-0.12429689578479564,13.091923403823882,6.787990384337238
1.0,0.7545244915556469,0.5136135201526384,4.283818491346979,3.468331527284939
2.0,-0.15428599007457228,-0.3064377229150612,11.62701570399357,7.639723235581768
3.0,0.5527657010755409,0.20911669852718207,5.887117201216533,4.719145604092628
4.0,-0.14754722783523558,-1.1858239961029136,9.571671748497984,7.547067776895551
5.0,0.5261549995055795,0.2505347734794,5.671537056158852,3.9879522203213784
6.0,0.5762759593604293,0.27629063108430163,5.9711110815519985,4.985353734265292
