predicted_SD,SD
16.115253,8.75
9.181824,35.18
9.181824,26.91
3.9356542,3.9999999999999996
1.5810982,6.9399999999999995
1.5810982,7.17
9.181824,10.71
16.115253,12.29
9.217879,6.299999999999999
16.702765,2.57
16.702765,0.03
