predicted_SD,SD
6.432823,1.25
5.095813,17.61
-1.903301,0.27
12.777906,19.32
12.777906,12.98
5.095813,7.61
-1.903301,0.0
4.0052,3.17
13.607006,0.4
6.432823,0.56
4.0052,1.74
