predicted_SD,SD
10.931442,3.57
4.286343,4.13
4.286343,9.2
12.507801,18.07
3.6908169,11.789999999999997
3.6908169,11.82
11.536514,20.51
4.286343,2.28
4.286343,1.25
4.286343,2.5
18.565037,0.86
