predicted_SD,SD
12.19548,41.41
6.4994736,1.19
3.188667,3.2899999999999996
4.6110687,8.63
3.188667,5.43
9.963411,12.92
9.963411,27.510000000000005
4.6110687,2.28
9.963411,15.13
3.1394255,2.28
12.465291,0.3
