predicted_SD,SD
5.295439,0.83
6.001088,19.28
6.001088,15.08
9.438202,0.3
6.3562756,11.17
9.438202,0.27
5.07681,2.22
9.438202,0.33000000000000007
9.438202,2.91
6.001088,8.01
6.3562756,0.96
