predicted_SD,SD
0.57921344,0.17000000000000004
0.57921344,2.25
12.69696,15.65
2.9831045,6.15
10.565188,17.01
10.565188,15.580000000000002
7.284111,1.61
10.565188,5.22
5.6877704,2.76
5.6877704,3.2899999999999996
10.565188,0.99
