predicted_SD,SD
3.9977062,1.15
3.9964168,5.04
10.87335,16.91
17.554625,21.08
17.554625,9.28
3.9977062,5.94
4.403598,1.12
17.554625,3.6
13.768054,11.47
6.3866644,2.63
4.403598,0.2
