predicted_SD,SD
3.9694705,1.15
9.811379,5.04
15.627736,16.91
21.952444,21.08
18.949028,9.28
6.346103,5.94
3.9092612,1.12
15.37264,3.6
7.366618,11.47
1.8263822,2.63
0.4476162,0.2
