predicted_SD,SD
3.9542644,41.41
1.4732695,1.19
20.311005,3.2899999999999996
8.996484,8.63
12.796596,5.43
10.211821,12.92
4.997637,27.510000000000005
4.885673,2.28
2.464846,15.13
2.7742326,2.28
8.32471,0.3
