predicted_SD,SD
2.5528224,0.83
8.418747,19.28
13.919393,15.08
5.3607955,0.3
8.875733,11.17
4.4405117,0.27
0.14336546,2.22
-0.5981415,0.33000000000000007
-1.0144315,2.91
6.048248,8.01
2.5295174,0.96
