predicted_SD,SD
11.025036,3.57
5.2770004,4.13
10.837823,9.2
14.245257,18.07
4.987745,11.789999999999997
3.71148,11.82
7.254338,20.51
4.378917,2.28
2.5844898,1.25
1.114231,2.5
14.419139,0.86
