predicted_SD,SD
9.718817,3.57
8.401917,4.13
8.016128,9.2
15.352555,18.07
7.7024035,11.789999999999997
5.846321,11.82
8.806919,20.51
2.7631788,2.28
2.3740492,1.25
1.9197341,2.5
15.279669,0.86
