predicted_SD,SD
5.5541234,0.83
7.557374,19.28
9.007531,15.08
9.831958,0.3
10.133934,11.17
7.795084,0.27
4.8513365,2.22
2.43469,0.33000000000000007
1.9998676,2.91
4.891664,8.01
2.7366667,0.96
