predicted_SD,SD
3.6155856,0.17000000000000004
8.296356,2.25
14.29611,15.65
6.93305,6.15
12.430669,17.01
9.9647255,15.580000000000002
6.1636405,1.61
10.241026,5.22
3.2113514,2.76
3.2113514,3.2899999999999996
6.984947,0.99
