predicted_SD,SD
3.545923,1.25
6.9371147,17.61
8.8589525,0.27
16.869936,19.32
12.705409,12.98
5.1168394,7.61
3.687303,0.0
1.2404685,3.17
15.389037,0.4
2.152123,0.56
-0.5605066,1.74
