predicted_SD,SD
3.8600645,1.25
6.635395,17.61
8.67619,0.27
14.305857,19.32
11.994285,12.98
6.904119,7.61
4.0944004,0.0
2.028497,3.17
13.977628,0.4
1.4886658,0.56
0.45175377,1.74
