predicted_SD,SD
13.056158,8.75
13.979224,35.18
10.334656,26.91
6.023286,3.9999999999999996
8.284467,6.9399999999999995
4.30498,7.17
12.120298,10.71
10.173365,12.29
7.408405,6.299999999999999
15.784572,2.57
14.0322,0.03
