predicted_SD,SD
1.1831917,0.17000000000000004
6.4255705,2.25
16.072859,15.65
7.9367633,6.15
10.309602,17.01
9.011444,15.580000000000002
6.732552,1.61
12.036188,5.22
1.1470119,2.76
0.91406465,3.2899999999999996
7.586512,0.99
