predicted_SD,SD
11.957329,8.75
11.955735,35.18
11.955735,26.91
5.828307,3.9999999999999996
7.9275236,6.9399999999999995
5.2197323,7.17
11.349443,10.71
9.693249,12.29
7.629605,6.299999999999999
17.024172,2.57
16.571457,0.03
