predicted_SD,SD
6.978116,41.41
2.4728312,1.19
9.338922,3.2899999999999996
9.090155,8.63
10.055756,5.43
10.274802,12.92
5.968952,27.510000000000005
3.8522007,2.28
4.5895844,15.13
2.4519894,2.28
12.424828,0.3
