predicted_SD,SD
2.635231,1.15
8.260453,5.04
20.020153,16.91
24.140762,21.08
22.579847,9.28
6.2719483,5.94
2.1147213,1.12
19.179174,3.6
9.6299715,11.47
3.247908,2.63
-0.713914,0.2
