fold,r,r2,rmse,mae
0.0,-0.01772648311649585,-0.17894566262510136,13.406328602192788,8.676838729164817
1.0,0.8085865016841863,0.5531008893588403,4.106246782165505,3.4475546429374004
2.0,0.021852144814643135,-0.11825989067968479,10.757101910684344,7.428489555012096
3.0,0.3593688479599959,0.037514665119573576,6.494467423639759,4.790324573083357
4.0,0.45051374903575964,0.19698737427587554,5.801514521366009,4.650317054661838
5.0,0.7790714278436294,0.38426203290339644,5.140708636854863,3.594291443716396
6.0,0.5019892311553236,0.20750752559050645,6.248425843534518,4.520640246976506
