Dataset,num_of_folds,Features,Targets,Model,r_mean,r_std,r2_mean,r2_std,rmse_mean,rmse_std,mae_mean,mae_std,num_of_data,feature_length
Swelling_Xu,7,3mer_circular_graph_fp,SD,BRT,0.41480791705386316,0.3026546130542613,0.15459527627762945,0.24365013219334306,7.422113388633969,3.1167100175897784,5.301208035078916,1.8347343695603628,77,1024
