fold,r,r2,rmse,mae
0.0,0.9471187470671634,0.8944271467561595,0.03984348708241688,0.021594695962781667
1.0,0.9575288596202404,0.914661954558791,0.03297012004342409,0.020050777545941655
2.0,0.9154540567601406,0.8299790623986428,0.0474222106729765,0.029214699032318752
3.0,0.9408295382001022,0.8809477928923497,0.0470577817450321,0.031149486245077917
4.0,0.9419899716315697,0.8848337922844904,0.05009425728444448,0.02921437844253872
5.0,0.9268047101981596,0.857567537044583,0.057494908097524604,0.03712406158560172
6.0,0.9332217311497996,0.8703908617066352,0.049878051089807335,0.02785273225134851
