Dataset,num_of_folds,Features,Targets,Model,r_mean,r_std,r2_mean,r2_std,rmse_mean,rmse_std,mae_mean,mae_std,num_of_data,feature_length
CO2_Soleimani,7,"Polymer_SMILES,T_K,P_Mpa",exp_CO2_sol_g_g,LSTM,0.9375639449467393,0.0127817335156138,0.876115449663093,0.02514493566972463,0.04639440228794657,0.007306242647698656,0.028028690152229852,0.005349925974332538,515,104
