predicted_SD,SD
13.562997520523636,8.75
8.432383040452315,35.18
10.40448109841408,26.91
9.396560488245495,3.9999999999999996
10.646860159963746,6.9399999999999995
9.823757888688853,7.17
13.240965576424285,10.71
9.7179383156047,12.29
3.833378056923523,6.299999999999999
7.215522905226784,2.57
2.4777911263770376,0.03
