predicted_SD,SD
2.9772096890915387,1.25
5.966309124062774,17.61
10.8931444613157,0.27
15.37658449236665,19.32
16.0629259998801,12.98
7.6029510686294515,7.61
4.723763174248073,0.0
3.7471593268120422,3.17
2.4396444703795,0.4
3.5281155414438303,0.56
1.784413390126283,1.74
