predicted_SD,SD
2.9522645516534656,0.17000000000000004
10.80821652315147,2.25
15.007833861339122,15.65
7.024156412774574,6.15
6.156370869792932,17.01
6.202285801408896,15.580000000000002
1.8135750212010353,1.61
2.9068704797376683,5.22
10.764894846393897,2.76
7.533405922534765,3.2899999999999996
2.0545834192247985,0.99
