predicted_SD,SD
3.979452028740469,1.15
12.787775097325724,5.04
22.288215902667257,16.91
6.270679849552796,21.08
5.602756374717448,9.28
8.964727531560511,5.94
5.404131596925836,1.12
6.527126842452815,3.6
7.274247127133788,11.47
2.6385248091017326,2.63
3.298523092870303,0.2
