predicted_SD,SD
3.595291428571437,0.83
5.560313783068801,19.28
5.809176159612001,15.08
12.749108037918889,0.3
8.34717362433865,11.17
9.870029770723109,0.27
2.0094978042328004,2.22
4.408557755731907,0.33000000000000007
4.8021555864197385,2.91
3.382642821869474,8.01
2.298151574074076,0.96
