predicted_SD,SD
5.702320287698444,41.41
1.770979704635639,1.19
9.460521800976831,3.2899999999999996
7.757317162938176,8.63
9.852585974060686,5.43
11.439270260627511,12.92
12.145938478084467,27.510000000000005
9.188312051091298,2.28
4.90128853174604,15.13
4.0526717681276905,2.28
11.866324390210544,0.3
