predicted_SD,SD
4.401326394566755,3.57
8.607766418447525,4.13
13.098163728523968,9.2
13.923493686109184,18.07
13.32199527556473,11.789999999999997
9.235145446366525,11.82
5.6317968898320645,20.51
4.714543238468639,2.28
5.741554560233878,1.25
4.895419092334563,2.5
1.195335333333338,0.86
