fold,r,r2,rmse,mae
0.0,0.9224107283097311,0.8497420994241098,0.3831161792476145,0.18283883003167678
1.0,0.9435536117140939,0.8878726589743671,0.3320675355498358,0.15989779126555476
2.0,0.8052877220495077,0.6483184389801785,0.6383935086350013,0.2158139166299258
3.0,0.9714709816257183,0.9389355159417924,0.300778379312142,0.1756287797190297
4.0,0.9334261491579675,0.868965255283865,0.4464965453475141,0.21832088782404177
