fold,r,r2,rmse,mae
1.0,0.9063303319406746,0.8214346705956934,0.42208809025886984,0.2161940931114706
2.0,0.8919934945318898,0.7956523942872126,0.37678606800739756,0.19140441306120726
3.0,0.9473947354952167,0.8975567848440515,0.5989685243222459,0.31189937199610407
4.0,0.8718493578973792,0.7601213028660724,0.4993798757592554,0.2272263213539924
5.0,0.7836790921698785,0.6141529195042049,0.7611010480362504,0.2934920845492524
6.0,0.9261409146605993,0.8577369938083715,0.4545119185268134,0.2510498638358722
