fold,r,r2,rmse,mae
0.0,0.9917381332434915,0.9828866272901811,0.015551919255077118,0.008604442105791215
1.0,0.9768129730780806,0.9508464934312995,0.025432354815019605,0.013367149894973174
2.0,0.9931386011898568,0.9862068060653747,0.015726467331236692,0.011616527745186444
3.0,0.992256372585956,0.9832590423295222,0.019572748339198354,0.010181557682014784
4.0,0.992143722122048,0.9838798595510422,0.018325910089035884,0.010938334979244227
