fold,r,r2,rmse,mae
0.0,0.9916528632017607,0.9829339289135982,0.01601946411996634,0.008587184642393242
1.0,0.9915804279869077,0.9827621846036471,0.014818024117325641,0.008946672037965746
2.0,0.9668362650800715,0.9295189992418149,0.030532799234803204,0.011462925338588052
3.0,0.9933577455026903,0.9866148185801772,0.015778832080737965,0.01142826468470733
4.0,0.9944408474715843,0.9879081800264171,0.016231970483583026,0.00916636439885383
5.0,0.9956077154836749,0.9911561036279811,0.014326718149598782,0.008517757228335287
6.0,0.9936007287725622,0.9867360876556501,0.01595612714702108,0.009175193757429105
