Dataset,num_of_folds,Features,Targets,Model,r_mean,r_std,r2_mean,r2_std,rmse_mean,rmse_std,mae_mean,mae_std,num_of_data,feature_length
CO2_Soleimani,7,"Polymer_ohe,T_K,P_Mpa",exp_CO2_sol_g_g,BRT,0.9895823704998931,0.009380639072022252,0.9782329003784694,0.020067170111322894,0.017666276476148005,0.00529243234527798,0.009612051726896085,0.001183482019620928,515,15
