fold,r,r2,rmse,mae
0.0,0.9891869734800526,0.9780475454509305,0.01816865391004895,0.011246326751593181
1.0,0.9801396016349144,0.9593742787589721,0.02274834083921025,0.012636538590912377
2.0,0.9749472108107862,0.9489997090095652,0.02597268916969175,0.014257807531675784
3.0,0.9856491522311902,0.968283342881755,0.024288820594271125,0.014401772142077138
4.0,0.965673101272846,0.9316763959688806,0.038584314735722804,0.02038973914417661
5.0,0.9879284446333817,0.9753972625426383,0.023895526865740084,0.014284513481070184
6.0,0.9841915621509554,0.9677715856569467,0.024872024453307367,0.0138882141267029
