Dataset,num_of_folds,Features,Targets,Model,r_mean,r_std,r2_mean,r2_std,rmse_mean,rmse_std,mae_mean,mae_std,num_of_data,feature_length
CO2_Soleimani,5,"polymer_automated_frag_aug_recombined_fp,T_K,P_Mpa",exp_CO2_sol_g_g,RF,0.9789336972441751,0.004065580340113475,0.9575233704668411,0.008405712375763433,0.027361268190502643,0.00503883809308912,0.015464188901425027,0.0027331839463733488,3422,514
