fold,r,r2,rmse,mae
0.0,0.68697905146801,0.47142178178370375,1.1341462511164182,0.8782235567647134
1.0,0.6800257042192199,0.4618850961235792,1.154827125597531,0.8747004874422031
2.0,0.6897044542644826,0.4721203485307427,1.0913809375436323,0.8212684261517146
3.0,0.7059267424930687,0.4933009466971292,1.109234649078138,0.8429272542889394
4.0,0.7198906306361125,0.5138575328384214,1.126540451289511,0.8406976504264618
