predicted_SD,SD
2.9423012659698724,1.1500000335276126
17.45500599533319,5.040000093281269
12.489411879479885,16.91000019788742
25.867450135350225,21.080000399947163
25.43379969358444,9.279999868124722
6.38853083923459,5.940000065863132
2.5494416913390157,1.1200000292994081
3.7591321249306198,3.5999998903274535
4.156206816509366,11.470000253915785
2.8728280428797004,2.630000036433339
1.2536884549260139,0.20000000247731803
