predicted_SD,SD
2.6212636563181873,1.2499999809265137
4.970374371856451,17.610000190138816
0.2903111047670245,0.270000008251518
15.3965772908926,19.320000446438787
15.493164322376249,12.979999878406522
8.423862051367758,7.610000295937061
0.4544509273767471,-1.03143974958253e-09
2.192627796530723,3.1700000469386573
3.4845359165966503,0.3999999822117388
2.355235266089439,0.5600000005587935
3.529915949851274,1.7399999479949473
