predicted_SD,SD
10.557436999082565,3.5700001174956557
8.94282753571868,4.130000093579292
10.1594290086627,9.2000002682209
12.094859408736228,18.06999964147806
3.1987751813232896,11.789999887645244
2.5294623085111376,11.819999969005584
8.106762081831693,20.510000088214873
2.8219300892204044,2.2800000128149986
2.558673636652529,1.2499999962002037
3.034304785877466,2.4999999924004075
-3.2418689054995773,0.8600000183656811
