predicted_SD,SD
48.35521444201469,8.75000028192997
18.07251723438501,35.179999147653575
10.723036608994006,26.91000016748905
6.076626377403736,4.000000049546361
5.693531422615051,6.939999692589044
5.444466820210218,7.169999699294567
16.840186359286307,10.709999426901339
12.347894773483276,12.290000009536742
6.255822223126888,6.299999808073044
14.074690768420695,2.57000002797693
3.9267877690494055,0.02999999940744601
