predicted_SD,SD
-1.9520838452130556,0.16999999824911355
3.729648520350456,2.249999931454658
16.773164086937904,15.650000483095644
7.113270556181669,6.150000018328428
11.139977144896983,17.010000469088553
10.720374624729155,15.580000293254852
1.5120045942068099,1.6100000469386577
10.67222689449787,5.219999964386225
2.125075644738972,2.7600000804662703
2.6036020258069037,3.2899999751895663
4.205215341374278,0.9899999852664768
