predicted_SD,SD
1.7672456295043228,0.8300000141374766
14.68799367815256,19.280000454783437
12.801189844608306,15.080000171363352
6.329571034759282,0.30000000371597707
8.92411589667201,11.169999440312385
6.413515480607748,0.26999999948777254
1.1553622595965862,2.2200000043585897
1.768563509173691,0.33000000794418155
2.0174476223811504,2.9099998702108856
4.66948538981378,8.010000126212836
1.0405537753365932,0.9599999810382723
