predicted_SD,SD
6.613964538574218,41.40999855995178
1.8147077469527721,1.190000025331974
4.909724438190461,3.2900000700354575
14.829727644920348,8.629999809265136
5.683626769483089,5.4299998909235
19.158718008995056,12.919999526143075
10.608394830822945,27.509999012947084
2.781931408494711,2.2800000859797
5.807477563321591,15.130000396966935
1.216033456325531,2.2800000859797
9.944795802235603,0.29999999234452845
