fold,r,r2,rmse,mae
0.0,0.89159040258128,0.6936358608989361,0.44029363131204596,0.23817648869140182
1.0,0.8685129029380497,0.7466246910267196,0.411911940785561,0.2372746234187765
2.0,0.9610963307464345,0.8907092921066417,0.4796263883035877,0.2641453692995041
3.0,0.8949375687731684,0.7985663744547635,0.447742549768648,0.21651480374806759
4.0,0.8162630138823858,0.6654621193387065,0.698232178375311,0.2551899284608059
5.0,0.9396508215572167,0.8780846430824488,0.4105661709581823,0.22867603684717736
