fold,r,r2,rmse,mae
0.0,0.9274428782526942,0.8561151495342572,0.3749033917856479,0.2031653421721916
1.0,0.5224423355388439,0.12029288948902273,0.930121553855924,0.47097033081359785
2.0,0.8129851755207649,0.6604396686262188,0.6272954500248115,0.22601616992317608
3.0,0.9526375526129791,0.8984712380982228,0.38783483455481277,0.23113911488668476
4.0,0.9095341819541837,0.8266852730765073,0.5135025482671924,0.2637499196630895
