predicted_SD,SD
13.903129157423972,41.40999855995178
6.698015285134315,1.190000025331974
3.012648962140083,3.2900000700354575
5.5222049239277835,8.629999809265136
3.012648962140083,5.4299998909235
8.517160840630531,12.919999526143075
8.517160840630531,27.509999012947084
5.5222049239277835,2.2800000859797
8.517160840630531,15.130000396966935
3.433494804650545,2.2800000859797
15.048224777579307,0.29999999234452845
