predicted_SD,SD
5.666869028806686,1.2499999809265137
3.729946408271789,17.610000190138816
0.4767772211506962,0.270000008251518
12.629574220776556,19.320000446438787
12.629574220776556,12.979999878406522
3.729946408271789,7.610000295937061
0.4767772211506962,-1.03143974958253e-09
3.161893166303634,3.1700000469386573
15.048081622719762,0.3999999822117388
5.666869028806686,0.5600000005587935
3.161893166303634,1.7399999479949473
