predicted_SD,SD
0.42270886266604063,0.16999999824911355
0.42270886266604063,2.249999931454658
10.63773216933012,15.650000483095644
3.0003203669190404,6.150000018328428
8.970282256603241,17.010000469088553
8.970282256603241,15.580000293254852
6.076155562847852,1.6100000469386577
8.970282256603241,5.219999964386225
5.276884605884551,2.7600000804662703
5.276884605884551,3.2899999751895663
8.970282256603241,0.9899999852664768
