predicted_SD,SD
4.047204608023167,0.8300000141374766
7.380188471227884,19.280000454783437
7.380188471227884,15.080000171363352
0.6913624821603298,0.30000000371597707
5.890073360055685,11.169999440312385
0.6913624821603298,0.26999999948777254
3.6145686081051824,2.2200000043585897
0.6913624821603298,0.33000000794418155
0.6913624821603298,2.9099998702108856
7.380188471227884,8.010000126212836
5.890073360055685,0.9599999810382723
