predicted_SD,SD
3.073841793015599,1.1500000335276126
5.4377785384654995,5.040000093281269
12.577912674844264,16.91000019788742
19.32542202681303,21.080000399947163
19.32542202681303,9.279999868124722
3.073841793015599,5.940000065863132
4.18884975336492,1.1200000292994081
19.32542202681303,3.5999998903274535
12.150726523101328,11.470000253915785
6.485493338406085,2.630000036433339
4.18884975336492,0.20000000247731803
