predicted_SD,SD
10.40291232973337,3.5700001174956557
3.330992619991302,4.130000093579292
5.777873870283365,9.2000002682209
11.104738248884678,18.06999964147806
3.247402981966734,11.789999887645244
3.247402981966734,11.819999969005584
10.230892857909202,20.510000088214873
5.777873870283365,2.2800000128149986
3.330992619991302,1.2499999962002037
2.8852901277691125,2.4999999924004075
15.790844996869563,0.8600000183656811
