predicted_SD,SD
5.861231898665428,41.40999855995178
1.467782306522131,1.190000025331974
3.859079097509384,3.2900000700354575
7.074115299880504,8.629999809265136
6.359312804341316,5.4299998909235
11.143849680423736,12.919999526143075
7.46360763579607,27.509999012947084
2.6253502367436887,2.2800000859797
3.5410087175667284,15.130000396966935
2.0557957391440866,2.2800000859797
4.159589060395956,0.29999999234452845
