predicted_SD,SD
0.9600846721231937,1.1500000335276126
17.295630023181438,5.040000093281269
19.968231372237202,16.91000019788742
21.049468415379522,21.080000399947163
16.316920717060565,9.279999868124722
6.523873054981231,5.940000065863132
1.7301129852980375,1.1200000292994081
16.619378651976582,3.5999998903274535
5.652482934147119,11.470000253915785
2.83167804852128,2.630000036433339
1.2015833833441136,0.20000000247731803
