predicted_SD,SD
23.972100061178207,8.75000028192997
12.284601994156837,35.179999147653575
13.113985953927038,26.91000016748905
5.853354144096374,4.000000049546361
6.431995106190443,6.939999692589044
5.875118364542722,7.169999699294567
21.257994218468664,10.709999426901339
11.438880831003187,12.290000009536742
7.744087397158145,6.299999808073044
11.259677580595016,2.57000002797693
3.013854279965162,0.02999999940744601
