predicted_SD,SD
1.404835234954953,1.2499999809265137
5.236917939782142,17.610000190138816
2.431136880218982,0.270000008251518
17.597241294980048,19.320000446438787
14.016962865591047,12.979999878406522
10.720524840950963,7.610000295937061
1.5240096174925564,-1.03143974958253e-09
1.955301525071263,3.1700000469386573
10.709970943331717,0.3999999822117388
1.166810190156102,0.5600000005587935
0.45214742638170713,1.7399999479949473
