predicted_SD,SD
9.066245123296975,3.5700001174956557
12.334835377335548,4.130000093579292
9.823672822266817,9.2000002682209
19.329716744124887,18.06999964147806
8.245753573179245,11.789999887645244
6.4213447009027,11.819999969005584
5.495253703594208,20.510000088214873
7.74664077937603,2.2800000128149986
3.327629350349307,1.2499999962002037
3.1754362311959263,2.4999999924004075
4.371640265136957,0.8600000183656811
