predicted_SD,SD
1.1638469487801193,0.8300000141374766
8.771988494098185,19.280000454783437
11.546180887520313,15.080000171363352
4.43658490628004,0.30000000371597707
10.17541263833642,11.169999440312385
5.946319964528083,0.26999999948777254
1.5738701204955576,2.2200000043585897
1.5691672199219464,0.33000000794418155
1.8691856196522711,2.9099998702108856
4.578378453850746,8.010000126212836
0.6308523217588663,0.9599999810382723
