predicted_SD,SD
0.8907069386169314,0.16999999824911355
2.593036465868354,2.249999931454658
16.16224795401096,15.650000483095644
5.636718976795673,6.150000018328428
14.87146819770336,17.010000469088553
9.949070546030997,15.580000293254852
2.672361005321145,1.6100000469386577
9.301936247497796,5.219999964386225
2.770984930694103,2.7600000804662703
3.450254328101873,3.2899999751895663
1.029316163100302,0.9899999852664768
