fold,r,r2,rmse,mae
0.0,0.42984953234004397,-0.08637099669321535,12.869214251379464,6.974681987334043
1.0,0.9354113542023381,0.8668467675069822,2.2413835025897977,1.3830533298460599
2.0,0.2981502734034253,-0.010399839533149935,10.225170003908994,7.280589504942657
3.0,0.44365141910406686,0.1418974592981802,6.132196638947505,4.661224047246981
4.0,0.8167883610943478,0.5916770885451998,4.1369671892572155,2.897277320617471
5.0,0.7278901693302607,0.12263317728736478,6.136427876039439,3.982306610786102
6.0,0.7017778667237713,0.47663081622917536,5.077817954275247,3.227512988430151
