fold,r,r2,rmse,mae
0.0,0.984783537615348,0.9681990680849544,0.021200012246760717,0.011341926275401084
1.0,0.9651505238336052,0.9262351772397149,0.031155446008793195,0.01661605549019662
2.0,0.9801898541721755,0.9601327230312213,0.02673665317804801,0.01682206980120203
3.0,0.9817893771156454,0.9617141982100323,0.029599238375062762,0.016848032038834976
4.0,0.9869619248490056,0.9737928037400312,0.02336637925414021,0.014605629688485167
