Dataset,num_of_folds,Features,Targets,Model,r_mean,r_std,r2_mean,r2_std,rmse_mean,rmse_std,mae_mean,mae_std,num_of_data,feature_length
CO2_Soleimani,7,"polymer_automated_frag,T_K,P_Mpa",exp_CO2_sol_g_g,RF,0.9819681993520614,0.0132403935724646,0.963468860172147,0.026729107026281142,0.023386444624487582,0.0067275024605702016,0.013608675329070018,0.0023579952421157032,515,33
