fold,r,r2,rmse,mae
0.0,0.8849535749288038,0.7799405993455748,0.46364096123100745,0.22090924317685362
1.0,0.5750709864967376,0.2005115751920592,0.8867000796280579,0.43144814054351777
2.0,0.7741713673541987,0.5988946908985693,0.6817778198692135,0.23837067765564127
3.0,0.9464749194175086,0.8682809837917387,0.44174994901166764,0.23382910634727527
4.0,0.8933576820030833,0.7936352131356799,0.5603284401386683,0.2792547923753825
