fold,r,r2,rmse,mae
0.0,0.8950221938665686,0.7992427224015837,0.4428406540402549,0.22641272988391756
1.0,0.9304549212374901,0.8643489147793967,0.36524332990378827,0.19162490501955534
2.0,0.78166578741949,0.6074898476985396,0.6744334629072769,0.2313070836679076
3.0,0.9384513198555224,0.8743565162188986,0.43144183435542083,0.2645031529156378
4.0,0.9005039734330957,0.8108340708720805,0.5364710965689998,0.2750695646722304
