predicted_SD,SD
6.993693617880344,1.2499999809265137
4.190854713171721,17.610000190138816
1.5371019445359706,0.270000008251518
10.667311393618581,19.320000446438787
10.667311393618581,12.979999878406522
4.190854713171721,7.610000295937061
1.5371019445359706,-1.03143974958253e-09
3.785457652956247,3.1700000469386573
14.972683779001233,0.3999999822117388
6.993693617880344,0.5600000005587935
3.785457652956247,1.7399999479949473
