predicted_SD,SD
12.466178446114062,3.5700001174956557
5.092804444804787,4.130000093579292
7.89067177593708,9.2000002682209
13.555376759767531,18.06999964147806
4.446508109793067,11.789999887645244
4.446508109793067,11.819999969005584
12.439377188682554,20.510000088214873
7.89067177593708,2.2800000128149986
5.092804444804787,1.2499999962002037
5.460283844470977,2.4999999924004075
18.8444840323925,0.8600000183656811
