predicted_SD,SD
14.826099692583083,8.75000028192997
13.371635671555994,35.179999147653575
13.371635671555994,26.91000016748905
3.6784047061949967,4.000000049546361
2.898772825077176,6.939999692589044
2.898772825077176,7.169999699294567
13.371635671555994,10.709999426901339
14.826099692583083,12.290000009536742
11.753736676871776,6.299999808073044
19.132613901793956,2.57000002797693
19.132613901793956,0.02999999940744601
