predicted_SD,SD
-0.0715886490419507,0.16999999824911355
-0.0715886490419507,2.249999931454658
10.032431255877016,15.650000483095644
2.785291090682149,6.150000018328428
9.32447672575712,17.010000469088553
9.32447672575712,15.580000293254852
6.069532072097062,1.6100000469386577
9.32447672575712,5.219999964386225
5.4567493414878845,2.7600000804662703
5.4567493414878845,3.2899999751895663
9.32447672575712,0.9899999852664768
