predicted_SD,SD
12.450503444075585,41.40999855995178
6.560532600283623,1.190000025331974
3.0561605072021485,3.2900000700354575
5.288594446480274,8.629999809265136
3.0561605072021485,5.4299998909235
9.350827198028565,12.919999526143075
9.350827198028565,27.509999012947084
5.288594446480274,2.2800000859797
9.350827198028565,15.130000396966935
3.3000562369823454,2.2800000859797
14.431623376011848,0.29999999234452845
