predicted_SD,SD
3.542109137251973,0.8300000141374766
7.760372150689363,19.280000454783437
7.760372150689363,15.080000171363352
-0.06349640816450118,0.30000000371597707
6.074437058866024,11.169999440312385
-0.06349640816450118,0.26999999948777254
3.3945646176487205,2.2200000043585897
-0.06349640816450118,0.33000000794418155
-0.06349640816450118,2.9099998702108856
7.760372150689363,8.010000126212836
6.074437058866024,0.9599999810382723
