predicted_SD,SD
2.78498503036797,1.1500000335276126
4.512863651961088,5.040000093281269
11.770477435588836,16.91000019788742
17.035405943393705,21.080000399947163
17.035405943393705,9.279999868124722
2.78498503036797,5.940000065863132
3.6267422188073395,1.1200000292994081
17.035405943393705,3.5999998903274535
10.935858363509178,11.470000253915785
5.424990030378103,2.630000036433339
3.6267422188073395,0.20000000247731803
