predicted_SD,SD
3.2762661356478926,1.1500000335276126
5.46289831534028,5.040000093281269
14.716552314162254,16.91000019788742
19.1028618773818,21.080000399947163
19.1028618773818,9.279999868124722
3.2762661356478926,5.940000065863132
5.2926244980096815,1.1200000292994081
19.1028618773818,3.5999998903274535
13.176054491996764,11.470000253915785
6.837327564209699,2.630000036433339
5.2926244980096815,0.20000000247731803
