predicted_SD,SD
14.186602709591387,8.75000028192997
18.9920100402832,35.179999147653575
18.9920100402832,26.91000016748905
3.020974810197949,4.000000049546361
2.683653149977326,6.939999692589044
2.683653149977326,7.169999699294567
18.9920100402832,10.709999426901339
14.186602709591387,12.290000009536742
13.193912124037741,6.299999808073044
20.59234265387058,2.57000002797693
20.59234265387058,0.02999999940744601
