predicted_SD,SD
0.7117205837741494,0.16999999824911355
0.7117205837741494,2.249999931454658
11.699232024550437,15.650000483095644
3.6629150307178495,6.150000018328428
10.122277852743863,17.010000469088553
10.122277852743863,15.580000293254852
7.287629291415214,1.6100000469386577
10.122277852743863,5.219999964386225
4.968572033345699,2.7600000804662703
4.968572033345699,3.2899999751895663
10.122277852743863,0.9899999852664768
