predicted_SD,SD
5.953232601881027,1.2499999809265137
4.234971312433481,17.610000190138816
1.3132619368657468,0.270000008251518
12.051914194226264,19.320000446438787
12.051914194226264,12.979999878406522
4.234971312433481,7.610000295937061
1.3132619368657468,-1.03143974958253e-09
3.097068335115909,3.1700000469386573
18.590685178041458,0.3999999822117388
5.953232601881027,0.5600000005587935
3.097068335115909,1.7399999479949473
