predicted_SD,SD
4.286288929134607,0.8300000141374766
8.886300170272587,19.280000454783437
8.886300170272587,15.080000171363352
0.6229171219095587,0.30000000371597707
6.471714453697204,11.169999440312385
0.6229171219095587,0.26999999948777254
3.138916324675083,2.2200000043585897
0.6229171219095587,0.33000000794418155
0.6229171219095587,2.9099998702108856
8.886300170272587,8.010000126212836
6.471714453697204,0.9599999810382723
