predicted_SD,SD
10.49141312509775,3.5700001174956557
4.910392497554421,4.130000093579292
6.814958010762929,9.2000002682209
20.137674013674257,18.06999964147806
3.9749984391033646,11.789999887645244
3.9749984391033646,11.819999969005584
11.950007726252078,20.510000088214873
6.814958010762929,2.2800000128149986
4.910392497554421,1.2499999962002037
3.7018022767454384,2.4999999924004075
18.625243650078772,0.8600000183656811
