predicted_SD,SD
8.13753857254982,41.40999855995178
5.762483516037464,1.190000025331974
3.7324129648506643,3.2900000700354575
5.254205951690674,8.629999809265136
3.7324129648506643,5.4299998909235
15.708273769021034,12.919999526143075
15.708273769021034,27.509999012947084
5.254205951690674,2.2800000859797
15.708273769021034,15.130000396966935
3.7982786828279496,2.2800000859797
13.649295210838318,0.29999999234452845
