fold,r,r2,rmse,mae
0.0,0.3864994311824664,0.11793001228443323,11.59616730936708,6.9427990633164605
1.0,0.635124986308747,0.3999310347344863,4.7581803280530375,4.04205704068765
2.0,0.3078755253104005,-0.10768799637666993,10.706132840610865,8.629228263933909
3.0,0.28652570509047054,-0.25586962048479545,7.418545357406822,5.776083072454413
4.0,0.7905458320729027,0.5272858063693218,4.451224749538772,3.2095217388301065
5.0,0.6707099320294749,0.10762057039243944,6.188705344793648,4.535258126099678
6.0,0.2638973790030178,-0.16388356597686182,7.572300165792148,5.183627652833026
