fold,r,r2,rmse,mae
0.0,0.9069448674496166,0.7381493571823428,0.4070523455342665,0.20724275000830436
1.0,0.829911032172304,0.6735632386281751,0.4675432230590362,0.2312079547745288
2.0,0.9478165266717505,0.825818165393656,0.6054982329777276,0.3142399051073708
3.0,0.8713344834552289,0.7468106322568264,0.5019784988417937,0.22780574749321764
4.0,0.7716528537140068,0.5875844318802887,0.7752552830333068,0.30019275043412313
5.0,0.9301598176301313,0.8558999388689719,0.44636079010554475,0.2431485275454805
