fold,r,r2,rmse,mae
0.0,-0.05608347547538741,-12.299276653959959,5.688901838322782,3.353045048268932
1.0,0.11224647069136354,-3.414718609086613,3.3077370610577033,2.2014271328151582
2.0,0.29451093577945814,-25.309583090371184,7.704880140671922,6.157709110974031
3.0,-0.10536408386938498,-41.17189465988261,10.119520589644761,7.6581221382564
4.0,0.040249714442413285,-9.391885513823276,5.208494238160171,3.6537276380060035
