fold,r,r2,rmse,mae
0.0,,-1.4684527576136475e-06,1.559964620419466,1.335328707483789
1.0,0.0072675444294212875,-0.009288317617347719,1.5815651580057954,1.3425182479765172
2.0,0.007916457437788833,-0.002245473200106707,1.5038203437744115,1.2803179545886
3.0,0.06878832546668466,0.003780337731773886,1.5553421313904003,1.307810037446262
4.0,1.4637301368928382e-17,-0.0016232035161380942,1.6170267326396839,1.366836981985627
