Dataset,num_of_folds,Features,Targets,Model,r_mean,r_std,r2_mean,r2_std,rmse_mean,rmse_std,mae_mean,mae_std,num_of_data,feature_length
,5,polymer_automated_frag,value,NN,0.05711191231369252,0.14063718906423986,-18.317471705424726,13.484740120538817,6.405906773571468,2.324857320698862,4.604806213664105,1.9990964470166075,3380,36
