fold,r,r2,rmse,mae
0.0,0.7768930861416861,0.5990084300385448,0.07528072810145064,0.0523484063790471
1.0,0.7353088054999699,0.5404768636335344,0.07776121037474096,0.05570804231033969
2.0,0.7396455417850436,0.5459427999189421,0.09023064092022282,0.06295977322448655
3.0,0.785649967532006,0.6036646266117296,0.09523423157448901,0.0655763013046235
4.0,0.8107583191505511,0.6486818736972335,0.08555224599095124,0.057297574728041055
