Dataset,num_of_folds,Features,Targets,Model,r_mean,r_std,r2_mean,r2_std,rmse_mean,rmse_std,mae_mean,mae_std,num_of_data,feature_length
CO2_Soleimani,5,"Polymer_ohe,T_K,P_Mpa",exp_CO2_sol_g_g,LSTM,0.7696511440218513,0.028558502436867125,0.5875549187799969,0.0401873660159689,0.08481181139237093,0.007471162194833964,0.058778019589307576,0.004830322996660097,515,93
