fold,r,r2,rmse,mae
0.0,0.9500474224560476,0.9015823589781954,0.03729517625101831,0.028255560258699665
1.0,0.950828897444953,0.8862155056189661,0.038694644694605554,0.03279919887035279
2.0,0.9625148045127037,0.9218167654726894,0.0374417011666814,0.032092936103644824
3.0,0.9708335937472712,0.9360767638248114,0.038246441997417474,0.029811261001240746
4.0,0.9616106157477536,0.9129149317718971,0.042594447473438886,0.036124323405892646
