Dataset,num_of_folds,Features,Targets,Model,r_mean,r_std,r2_mean,r2_std,rmse_mean,rmse_std,mae_mean,mae_std,num_of_data,feature_length
CO2_Soleimani,5,"3mer_circular_graph_fp,T_K,P_Mpa",exp_CO2_sol_g_g,SVM,0.9591670667817459,0.00782277586817057,0.9117212651333118,0.01702865508537875,0.03885448231663232,0.001939586886594695,0.031816655927966134,0.0026944658709026903,515,514
