fold,r,r2,rmse,mae
0.0,0.846999844898451,0.41952634229206986,0.6060587004067965,0.3626676815050359
1.0,0.6720502906171365,0.3549601427311828,0.6572271646453384,0.37445730816669254
2.0,0.8194088210326101,0.6427596124058312,0.8671449990496826,0.4930045976680241
3.0,0.7395904437453001,0.5441160443280116,0.67358054248545,0.3118565479151992
4.0,0.7213929383214209,0.38173173051188325,0.9492173815132002,0.4532685934560688
5.0,0.858758002940687,0.7312142859979814,0.6096169603369099,0.36962004331450266
