fold,r,r2,rmse,mae
0.0,0.8694432953274241,0.6447104357935172,0.4741488023329626,0.29707126637769843
1.0,0.7130261975148487,0.40798866700417424,0.6296326498259487,0.337290023928641
2.0,0.8605640225382147,0.7263606321388735,0.7589282814337808,0.3887624852870554
3.0,0.744301716298608,0.534464603969762,0.6806733276344545,0.33130682022971014
4.0,0.7322868135369317,0.5349884642103491,0.8232070220858333,0.3562694978887425
5.0,0.8997765936503808,0.7567854484895592,0.5798941500704098,0.3284302069689498
