fold,r,r2,rmse,mae
0.0,0.9895883257473554,0.979170531470792,0.01715755037891009,0.010428760244254638
1.0,0.9870873684437423,0.9742230874513952,0.018417249445223657,0.011441909528403606
2.0,0.9912114694476731,0.9817965309666895,0.018066575301066305,0.013230881538761105
3.0,0.9908864862054517,0.9801337546241213,0.021321588660491678,0.013924589825725385
4.0,0.99693719769891,0.993665513976345,0.011487799099463958,0.008228017520645578
