Dataset,num_of_folds,Features,Targets,Model,r_mean,r_std,r2_mean,r2_std,rmse_mean,rmse_std,mae_mean,mae_std,num_of_data
CO2_Soleimani,7,"Polymer_SMILES,T_K,P_Mpa",exp_CO2_sol_g_g,BRT,0.9912712821806374,0.0065625111775759306,0.9826618214290012,0.012936152037498701,0.016334369691459422,0.004420455407179753,0.00985465166357885,0.0017946191341069212,515
