predicted_SD,SD
2.1244492232799526,1.2499999809265137
4.904081700444221,17.610000190138816
13.465104269981381,0.270000008251518
16.885461183190344,19.320000446438787
16.402003140449523,12.979999878406522
10.89571978807449,7.610000295937061
3.255616969019174,-1.03143974958253e-09
1.4884971948713064,3.1700000469386573
3.620612197220325,0.3999999822117388
1.2544616170972585,0.5600000005587935
0.20820862874388693,1.7399999479949473
