predicted_SD,SD
0.9356536080874502,1.1500000335276126
11.858352535068988,5.040000093281269
15.685459051430223,16.91000019788742
17.96406698346138,21.080000399947163
11.460037250220775,9.279999868124722
5.089470176845788,5.940000065863132
2.0701092794537543,1.1200000292994081
7.767074624747037,3.5999998903274535
7.540453622639179,11.470000253915785
2.9921560846269126,2.630000036433339
1.749142563007772,0.20000000247731803
