predicted_SD,SD
10.084395484179257,3.5700001174956557
3.15987929649651,4.130000093579292
10.607683957517146,9.2000002682209
20.769751502275465,18.06999964147806
8.519797880500555,11.789999887645244
7.071117535531521,11.819999969005584
12.219656735956669,20.510000088214873
2.4265489108115434,2.2800000128149986
3.163469951674342,1.2499999962002037
3.331034579873085,2.4999999924004075
0.2963003993965685,0.8600000183656811
