predicted_SD,SD
-0.27599042823538183,0.16999999824911355
10.555557443201542,2.249999931454658
19.81819641023874,15.650000483095644
4.960720907524228,6.150000018328428
14.193224966228007,17.010000469088553
10.596903970241545,15.580000293254852
2.08130886554718,1.6100000469386577
12.199406156539917,5.219999964386225
4.055929795205593,2.7600000804662703
4.053800948262214,3.2899999751895663
0.783366310596466,0.9899999852664768
