predicted_SD,SD
1.12348231382668,0.8300000141374766
3.3521811261773107,19.280000454783437
13.412674904167652,15.080000171363352
2.6202212242782115,0.30000000371597707
6.976350525468587,11.169999440312385
2.7655918517708775,0.26999999948777254
1.455497283115983,2.2200000043585897
3.1654238629341123,0.33000000794418155
2.5204582115262744,2.9099998702108856
5.0867437101155515,8.010000126212836
1.212184886857867,0.9599999810382723
