predicted_SD,SD
16.543342409729956,8.75000028192997
15.224908623099326,35.179999147653575
18.20395039349794,26.91000016748905
5.922371362000703,4.000000049546361
5.275612234175205,6.939999692589044
5.719637873768806,7.169999699294567
26.08145293712616,10.709999426901339
5.249978448748588,12.290000009536742
4.505706406831741,6.299999808073044
9.572476904690264,2.57000002797693
2.022088200189173,0.02999999940744601
