predicted_SD,SD
7.8944988986849784,41.40999855995178
1.6223498072475195,1.190000025331974
9.040990524291992,3.2900000700354575
10.105115731358529,8.629999809265136
6.805626179277897,5.4299998909235
14.372287639975548,12.919999526143075
9.440491322875022,27.509999012947084
1.7921226538717747,2.2800000859797
3.951666288971901,15.130000396966935
2.1457299698144197,2.2800000859797
9.49819882273674,0.29999999234452845
