predicted_SD,SD
7.919442593802231,3.57
5.345154318235265,4.13
5.4390267549961635,9.2
8.60837078413092,18.07
7.221100942263299,11.789999999999997
7.385778281217024,11.82
7.988998877945329,20.51
6.097736110806042,2.28
6.497895690905316,1.25
2.2757548657432,2.5
5.713650050926581,0.86
