predicted_SD,SD
-4.0945877949146645,0.17000000000000004
-1.365654644368066,2.25
10.186878007922678,15.65
8.581030553905034,6.15
17.43440384557157,17.01
16.026491849421788,15.580000000000002
5.691529024150681,1.61
13.828573855819169,5.22
6.326784500935207,2.76
4.436176008928916,3.2899999999999996
6.595999762180077,0.99
