predicted_SD,SD
-0.3305419815408491,0.83
7.979487915636532,19.28
8.52557985752618,15.08
10.164840217566402,0.3
6.066225214382811,11.17
10.437886188511795,0.27
6.430492489259397,2.22
10.983978130402354,0.33000000000000007
4.703920798660357,2.91
3.33770640956604,8.01
3.3357655049312664,0.96
