predicted_SD,SD
6.147188887652633,1.25
7.971071254489083,17.61
4.860782659945522,0.27
7.7339627819749825,19.32
8.349921611738214,12.98
5.350355959432745,7.61
4.039244525987112,0.0
7.356425919077694,3.1699999999999995
7.030061647123548,0.4
6.682102153512521,0.56
-11.983057478343492,1.74
