predicted_SD,SD
3.9927046248449876,41.41
2.8196634470001163,1.19
4.905860619457023,3.2899999999999996
7.358288949848419,8.63
5.4395842944372825,5.43
7.323837523297814,12.919999999999998
7.501745414957294,27.510000000000005
7.892012624828036,2.28
7.679653306615927,15.13
2.2114649039104393,2.28
7.06192986437699,0.3
