predicted_SD,SD
1.5575687365131001,1.15
6.969839748872067,5.04
8.272108727078482,16.91
7.541623739971002,21.08
7.713476534038366,9.28
4.822771823775912,5.94
6.125757350161371,1.12
8.057182122169914,3.6
4.299771384849191,11.47
2.4520748727088946,2.63
4.063523821366749,0.2
