predicted_SD,SD
5.643837201763957,8.75
7.288981702383135,35.18
7.549429351509155,26.91
6.19144967294022,3.9999999999999996
5.227787944558519,6.9399999999999995
3.8476461912204987,7.17
6.6628882073359215,10.71
18.262184803805567,12.29
8.166486577379992,6.299999999999999
4.963911150967036,2.57
4.69898456972083,0.03
