fold,r,r2,rmse,mae
0.0,0.06636279017645402,0.004404019920004063,13.386954887114083,7.9492141933295075
1.0,0.7822272216399675,0.6118794262745828,4.302473707881705,3.6049412574793176
2.0,0.22794009355443512,0.05195668624960464,10.720503322277416,6.95749510691295
3.0,0.6044784642444309,0.3653942137353057,5.932176903075523,4.950440750761772
4.0,0.07358283819133705,0.005414434076292491,7.139433333468646,6.168947810341896
5.0,0.5446334623961356,0.2966256083616029,5.852645997410064,4.35200406333285
6.0,0.3330644556905808,0.11093193164446286,7.399928650611101,6.573050151273409
