predicted_SD,SD
3.8211882,1.15
4.9949574,5.04
11.101699,16.91
15.93943,21.08
15.93943,9.28
3.8211882,5.94
3.9753237,1.12
15.93943,3.6
14.873077,11.47
6.021189,2.63
3.9753237,0.2
