predicted_SD,SD
13.614549,8.75
12.864082,35.18
12.864082,26.91
3.207266,3.9999999999999996
2.040534,6.9399999999999995
2.040534,7.17
12.864082,10.71
13.614549,12.29
9.997662,6.299999999999999
17.797638,2.57
17.797638,0.03
