predicted_SD,SD
3.0115504,0.17000000000000004
3.0115504,2.25
10.511081,15.65
3.9938817,6.15
8.87557,17.01
8.87557,15.580000000000002
6.9835916,1.61
8.87557,5.22
5.957117,2.76
5.957117,3.2899999999999996
8.87557,0.99
