predicted_SD,SD
15.18521,41.41
5.532954,1.19
2.6911957,3.2899999999999996
4.9473042,8.63
2.6911957,5.43
9.396896,12.92
9.396896,27.510000000000005
4.9473042,2.28
9.396896,15.13
3.4622726,2.28
14.5352,0.3
