predicted_SD,SD
4.9672184,1.25
3.8568997,17.61
-0.4210181,0.27
11.988285,19.32
11.988285,12.98
3.8568997,7.61
-0.4210181,0.0
3.6004965,3.17
17.516998,0.4
4.9672184,0.56
3.6004965,1.74
