predicted_SD,SD
9.137728,3.57
3.1511068,4.13
5.6841307,9.2
11.521064,18.07
2.3182302,11.789999999999997
2.3182302,11.82
11.601984,20.51
5.6841307,2.28
3.1511068,1.25
3.6420841,2.5
16.608395,0.86
