predicted_SD,SD
2.48251,0.83
6.8206244,19.28
6.8206244,15.08
5.3957343,0.3
3.6441374,11.17
5.3957343,0.27
6.4241323,2.22
5.3957343,0.33000000000000007
5.3957343,2.91
6.8206244,8.01
3.6441374,0.96
