fold,r,r2,rmse,mae
0.0,0.6025167706055531,0.21730182672548337,10.923457562238047,7.549285110126843
1.0,0.6295188523936357,0.3432043639127471,4.978006171134926,4.4105421933260835
2.0,0.1123606999788162,-0.17507119698128037,11.026965088057354,8.38360166983171
3.0,0.16437068833830873,-0.26768216919749754,7.453352701950101,6.062608940818094
4.0,0.45233028298192196,0.147180810261602,5.9787263894647635,5.067973329370672
5.0,0.6698858918065931,0.33514352918458945,5.341816595710406,4.38251707944003
6.0,0.32112118018158,-0.08595484175765655,7.314403752309427,4.952190430164337
