fold,r,r2,rmse,mae
0.0,0.866250512841107,0.7453360125869469,0.4987645746071028,0.2643739593591388
1.0,0.3129160075995704,-0.5533785223025824,1.235973928122672,0.5917131323261039
2.0,0.8063243224852785,0.6297322391276542,0.6550457287300715,0.28150110707836096
3.0,0.962795477618715,0.9244904477024154,0.33446695551843186,0.2086520314902628
4.0,0.7166834550249993,0.15061630692326844,1.1367810475843736,0.46189771811937347
