fold,r,r2,rmse,mae
0.0,0.4839653304357401,-0.07490848899577429,1.6173357134700883,1.1893097313904726
1.0,0.5816582826884079,0.29406528141049293,1.3227011673646243,0.9844979627093384
2.0,0.5220816201237133,0.03289882498452956,1.4772189111864673,1.0855065826675012
3.0,0.5127238508734663,0.1360986457732506,1.4483731261568458,1.0931771572445017
4.0,0.5002672665140399,0.11006887228434115,1.5242043939168253,1.1285659301544138
