fold,r,r2,rmse,mae
1.0,0.8814035015031871,0.7768721324620788,0.4585179652348294,0.254241696150041
2.0,0.8768281684985728,0.7688276370725616,0.39897493034641074,0.2279620857870628
3.0,0.9653751130750953,0.931949108944753,0.4498707794014482,0.22824938273508422
4.0,0.9061436038042892,0.8210962307154246,0.4269798864644188,0.21217625606210652
5.0,0.8071530713125147,0.6514960805292254,0.7146244175833862,0.26041196894674024
6.0,0.9332951697818413,0.8710398739381161,0.4272038538316378,0.24239135149400853
