predicted_SD,SD
3.657701206877827,0.8300000141374766
7.579114717245101,19.280000454783437
7.579114717245101,15.080000171363352
0.9773830190487205,0.30000000371597707
5.644153897613286,11.169999440312385
0.9773830190487205,0.26999999948777254
3.5381263422966,2.2200000043585897
0.9773830190487205,0.33000000794418155
0.9773830190487205,2.9099998702108856
7.579114717245101,8.010000126212836
5.644153897613286,0.9599999810382723
