predicted_SD,SD
3.765132388025522,0.8300000141374766
7.960594216585159,19.280000454783437
7.960594216585159,15.080000171363352
0.7217471443489193,0.30000000371597707
5.951373044997453,11.169999440312385
0.7217471443489193,0.26999999948777254
3.7287917365878815,2.2200000043585897
0.7217471443489193,0.33000000794418155
0.7217471443489193,2.9099998702108856
7.960594216585159,8.010000126212836
5.951373044997453,0.9599999810382723
