predicted_SD,SD
11.545898275375365,3.5700001174956557
3.6286307220160956,4.130000093579292
6.278172030746936,9.2000002682209
12.387796152830123,18.06999964147806
3.584021814167499,11.789999887645244
3.584021814167499,11.819999969005584
11.863912219405174,20.510000088214873
6.278172030746936,2.2800000128149986
3.6286307220160956,1.2499999962002037
3.5129609031975266,2.4999999924004075
17.408318222165107,0.8600000183656811
