predicted_SD,SD
0.8654965314827858,0.16999999824911355
0.8654965314827858,2.249999931454658
12.924777739942073,15.650000483095644
3.2447385294735427,6.150000018328428
11.334294591546058,17.010000469088553
11.334294591546058,15.580000293254852
6.647705304920673,1.6100000469386577
11.334294591546058,5.219999964386225
6.447661568522453,2.7600000804662703
6.447661568522453,3.2899999751895663
11.334294591546058,0.9899999852664768
