predicted_SD,SD
12.60421041369438,8.75000028192997
11.413363052308558,35.179999147653575
11.413363052308558,26.91000016748905
3.247528553083539,4.000000049546361
2.3594370109215377,6.939999692589044
2.3594370109215377,7.169999699294567
11.413363052308558,10.709999426901339
12.60421041369438,12.290000009536742
9.951359210759401,6.299999808073044
16.741401690542695,2.57000002797693
16.741401690542695,0.02999999940744601
