predicted_SD,SD
12.84659155189991,41.40999855995178
6.831432621777058,1.190000025331974
3.0356896048784257,3.2900000700354575
5.767558517456055,8.629999809265136
3.0356896048784257,5.4299998909235
9.392215640544892,12.919999526143075
9.392215640544892,27.509999012947084
5.767558517456055,2.2800000859797
9.392215640544892,15.130000396966935
3.5363669863343237,2.2800000859797
13.488550661206245,0.29999999234452845
