predicted_SD,SD
3.4577540399134157,1.1500000335276126
5.721382911205291,5.040000093281269
12.024255737066268,16.91000019788742
16.986162319779396,21.080000399947163
16.986162319779396,9.279999868124722
3.4577540399134157,5.940000065863132
4.2971127274632455,1.1200000292994081
16.986162319779396,3.5999998903274535
11.975506993234157,11.470000253915785
6.549736385643482,2.630000036433339
4.2971127274632455,0.20000000247731803
