predicted_SD,SD
6.301237448453903,1.2499999809265137
4.099147841930389,17.610000190138816
1.290732932537794,0.270000008251518
11.002933477163314,19.320000446438787
11.002933477163314,12.979999878406522
4.099147841930389,7.610000295937061
1.290732932537794,-1.03143974958253e-09
3.5595480707287783,3.1700000469386573
16.29621875345707,0.3999999822117388
6.301237448453903,0.5600000005587935
3.5595480707287783,1.7399999479949473
