predicted_SD,SD
10.868831154704093,3.5700001174956557
3.5986102777719493,4.130000093579292
6.356775847524404,9.2000002682209
11.89948802858591,18.06999964147806
3.57690961420536,11.789999887645244
3.57690961420536,11.819999969005584
11.507098959982395,20.510000088214873
6.356775847524404,2.2800000128149986
3.5986102777719493,1.2499999962002037
3.5731542047858236,2.4999999924004075
17.454688827991482,0.8600000183656811
