predicted_SD,SD
16.0309480792284,8.75000028192997
13.95064378261566,35.179999147653575
13.95064378261566,26.91000016748905
3.3355520547926423,4.000000049546361
2.5230587986111637,6.939999692589044
2.5230587986111637,7.169999699294567
13.95064378261566,10.709999426901339
16.0309480792284,12.290000009536742
12.38063705652952,6.299999808073044
20.787473381757735,2.57000002797693
20.787473381757735,0.02999999940744601
