predicted_SD,SD
12.72795363008976,41.40999855995178
6.793377712368965,1.190000025331974
3.306428689956665,3.2900000700354575
5.61153983682394,8.629999809265136
3.306428689956665,5.4299998909235
9.237429407835007,12.919999526143075
9.237429407835007,27.509999012947084
5.61153983682394,2.2800000859797
9.237429407835007,15.130000396966935
3.7760864947736263,2.2800000859797
14.261037066578865,0.29999999234452845
