predicted_SD,SD
6.023540946245193,1.2499999809265137
3.7889038865268225,17.610000190138816
1.373146719560027,0.270000008251518
9.86430197507143,19.320000446438787
9.86430197507143,12.979999878406522
3.7889038865268225,7.610000295937061
1.373146719560027,-1.03143974958253e-09
3.4299329385161395,3.1700000469386573
15.036176115870473,0.3999999822117388
6.023540946245193,0.5600000005587935
3.4299329385161395,1.7399999479949473
