predicted_SD,SD
1.4554135176166891,0.16999999824911355
1.4554135176166891,2.249999931454658
12.699016298353671,15.650000483095644
3.2902208816260097,6.150000018328428
10.545736362636088,17.010000469088553
10.545736362636088,15.580000293254852
6.607453437149524,1.6100000469386577
10.545736362636088,5.219999964386225
6.31908600077033,2.7600000804662703
6.31908600077033,3.2899999751895663
10.545736362636088,0.9899999852664768
