predicted_SD,SD
3.303542218506336,1.1500000335276126
5.629024274945259,5.040000093281269
12.18421174287796,16.91000019788742
17.67237546056509,21.080000399947163
17.67237546056509,9.279999868124722
3.303542218506336,5.940000065863132
4.289626899436116,1.1200000292994081
17.67237546056509,3.5999998903274535
12.420876583158968,11.470000253915785
6.516386918425559,2.630000036433339
4.289626899436116,0.20000000247731803
