fold,r,r2,rmse,mae
0.0,0.5015278341429418,0.13050353075041432,11.513221535445178,7.825477850604802
1.0,0.6356566025352978,0.36908535568169776,4.878941581090325,4.179410301570527
2.0,0.051584360212005013,-0.35066742257150185,11.822194919832478,9.38501506787439
3.0,0.1419186128297253,-0.2754913786554316,7.4762745680902345,6.036024343760852
4.0,0.7908827631794318,0.43459580886961224,4.868102495473634,3.450295407976108
5.0,0.6570945858643612,0.24355672504840153,5.697878882656278,4.370336886309087
6.0,0.22820248887897104,-0.06587136820366735,7.246452522954419,5.410273313307922
