fold,r,r2,rmse,mae
0.0,0.5437365489960352,0.1514410959001795,11.373757055311275,7.73015724205666
1.0,0.6417883944253393,0.39089468168978114,4.7938728378333195,4.168762673039666
2.0,0.055207085656399,-0.19355111428244598,11.113335215528828,8.073892454067773
3.0,0.16018768587545884,-0.2677945117336429,7.453682896562741,6.009765928275883
4.0,0.7840233634435498,0.4638810510328911,4.7403540593104285,3.3268759832505803
5.0,0.661650220207307,0.293265454146833,5.507483320676476,4.294796253093941
6.0,0.25693924858765604,-0.08001865913652884,7.294385010573637,5.3204630785255524
