Dataset,num_of_folds,Features,Targets,Model,r_mean,r_std,r2_mean,r2_std,rmse_mean,rmse_std,mae_mean,mae_std,num_of_data,feature_length
Swelling_Xu,7,polymer_automated_frag_aug_recombined_fp,SD,NN,0.429552463948962,0.2662247451355982,0.06938732155993214,0.2855942531642071,7.643295215077507,2.7190571590014416,5.808119024486241,1.9767717467237487,312,512
