fold,r,r2,rmse,mae
0.0,0.6083970612524588,0.2632430729120371,1.3389875651108032,0.9493602627157184
1.0,0.579485136592424,0.20461723710214974,1.404001439799527,0.986836380964625
2.0,0.6342638744905128,0.35619686174500664,1.2052730579675641,0.8888105997931609
3.0,0.5736117530735855,0.20632796829880784,1.3882539571046144,0.9811948132251415
4.0,0.6407198752778117,0.33741319021337945,1.315183659501409,0.910671770991519
