fold,r,r2,rmse,mae
0.0,0.98841085435166,0.9754575979701701,0.0186240754037913,0.012179052356035964
1.0,0.9828076001938124,0.965141892962862,0.02141712743329886,0.012542126835192758
2.0,0.991215249523461,0.9808289377489715,0.018540517185274486,0.012802879403203868
3.0,0.9870115796512012,0.9733511127744059,0.024694554882310066,0.014735948337936433
4.0,0.9904952029634932,0.9803138607035629,0.020251696847990257,0.013411154298668782
