Dataset,num_of_folds,Features,Targets,Model,r_mean,r_std,r2_mean,r2_std,rmse_mean,rmse_std,mae_mean,mae_std,num_of_data,feature_length
CO2_Soleimani,7,"polymer_automated_frag_aug_recombined_fp,T_K,P_Mpa",exp_CO2_sol_g_g,BRT,0.9883522861857001,0.003555603038501333,0.9759125605584383,0.007693209651687448,0.020076593064107532,0.0021506300327791294,0.012208386383218176,0.0013419276883162435,3665,514
