predicted_SD,SD
5.96218201726675,41.40999855995178
1.2363275644928218,1.190000025331974
4.09068075299263,3.2900000700354575
10.140314150452614,8.629999809265136
5.981901708245277,5.4299998909235
8.42973147779703,12.919999526143075
7.580899353325367,27.509999012947084
1.7413584856688975,2.2800000859797
5.399895345270633,15.130000396966935
2.68959060177207,2.2800000859797
5.8011381363868715,0.29999999234452845
