predicted_SD,SD
2.0186803481727837,0.16999999824911355
4.630035387724638,2.249999931454658
16.831719101965426,15.650000483095644
9.68501515880227,6.150000018328428
12.785026651322841,17.010000469088553
13.285189676284789,15.580000293254852
5.838085066527127,1.6100000469386577
9.520466397106647,5.219999964386225
2.3636359301209446,2.7600000804662703
2.5730512209981677,3.2899999751895663
0.25846762679517266,0.9899999852664768
