predicted_SD,SD
19.01638996571302,3.5700001174956557
5.376224626004696,4.130000093579292
11.216679808795451,9.2000002682209
18.055170525610446,18.06999964147806
10.414954815804958,11.789999887645244
6.6933008870482436,11.819999969005584
11.83485253304243,20.510000088214873
2.6480933842808008,2.2800000128149986
3.062492262050509,1.2499999962002037
2.3461010189354417,2.4999999924004075
0.16887980824336407,0.8600000183656811
