predicted_SD,SD
1.0720304427295921,1.2499999809265137
2.8969789904355996,17.610000190138816
3.382983016073703,0.270000008251518
14.70232370316982,19.320000446438787
12.01978881061077,12.979999878406522
10.261220647096632,7.610000295937061
1.3058289339393376,-1.03143974958253e-09
1.312527014762163,3.1700000469386573
3.509624854624271,0.3999999822117388
0.8251703008264303,0.5600000005587935
0.24186239598318932,1.7399999479949473
