predicted_SD,SD
34.80767677545547,8.75000028192997
16.70351808786392,35.179999147653575
17.017522394955158,26.91000016748905
6.19968113541603,4.000000049546361
5.4501239995658395,6.939999692589044
5.9480039133131495,7.169999699294567
18.7548293402791,10.709999426901339
12.726238388717173,12.290000009536742
7.956298882216214,6.299999808073044
12.256924515664576,2.57000002797693
1.62588972967118,0.02999999940744601
