predicted_SD,SD
1.0883428411372005,0.8300000141374766
13.03445840269327,19.280000454783437
13.69605219990015,15.080000171363352
0.5438193509355187,0.30000000371597707
10.272750308215617,11.169999440312385
0.5479584927298128,0.26999999948777254
3.4189932905882596,2.2200000043585897
1.2097229833528398,0.33000000794418155
2.701122653111815,2.9099998702108856
2.98804463326931,8.010000126212836
0.3711636161245405,0.9599999810382723
