predicted_SD,SD
0.8076987997628747,1.1500000335276126
17.193964931964874,5.040000093281269
27.617354918122288,16.91000019788742
22.78982362270355,21.080000399947163
16.155381342768667,9.279999868124722
5.78003048479557,5.940000065863132
4.463931333646178,1.1200000292994081
6.5545691767334935,3.5999998903274535
2.3567182574048635,11.470000253915785
3.1474159774929285,2.630000036433339
1.768864478766918,0.20000000247731803
