fold,r,r2,rmse,mae
0.0,0.8791720635251767,0.7714799209621661,0.47246976036883714,0.2236279959738684
1.0,0.9290628996975898,0.8604003706873927,0.370520967882176,0.18787857857890894
2.0,0.7666908364937334,0.587689548587849,0.6912351827384147,0.2507789180774617
3.0,0.9503898353755863,0.8728371391168449,0.4340426575185557,0.23193574734103067
4.0,0.8941902957437247,0.7948811681526761,0.5586343502226456,0.279630882609237
