fold,r,r2,rmse,mae
0.0,0.9158273417149335,0.8387397198326416,0.4438562484510332,0.21521460010112428
1.0,0.8877351205803952,0.7880736443118888,0.3923596145521576,0.18166368245500006
2.0,0.9499178261747746,0.9023438764846093,0.5164865170019443,0.2676220335838156
3.0,0.8848033475497802,0.7828769638352971,0.47262384336757723,0.20868360328471855
4.0,0.8693391590625621,0.7557505734796026,0.5972083056690509,0.24272190548555642
5.0,0.9518990865737094,0.9061118710198622,0.36248005691557095,0.20239366513857374
