predicted_SD,SD
1.2785803834721445,0.8300000141374766
12.928296199440956,19.280000454783437
13.439057796895503,15.080000171363352
10.157079255282879,0.30000000371597707
8.30552172243595,11.169999440312385
9.265441640317439,0.26999999948777254
1.6067691360414027,2.2200000043585897
2.8990699380636213,0.33000000794418155
2.888336538597941,2.9099998702108856
3.6224644705653186,8.010000126212836
2.1149827505275605,0.9599999810382723
