predicted_SD,SD
7.273436361402273,3.5700001174956557
9.153611150681972,4.130000093579292
9.207294500023126,9.2000002682209
22.44974865376949,18.06999964147806
6.07927170112729,11.789999887645244
5.320115008205175,11.819999969005584
10.164776425361632,20.510000088214873
4.512763997241854,2.2800000128149986
2.768948950842023,1.2499999962002037
2.7397859074175357,2.4999999924004075
7.1567755489051335,0.8600000183656811
