predicted_SD,SD
3.5773905697464943,41.40999855995178
1.8905929362773894,1.190000025331974
5.787402449250221,3.2900000700354575
13.134125688672066,8.629999809265136
5.585268932878971,5.4299998909235
12.09326968550682,12.919999526143075
13.151787804961204,27.509999012947084
3.432251872271299,2.2800000859797
6.8812243565917015,15.130000396966935
2.8660070556402206,2.2800000859797
9.534335600733757,0.29999999234452845
