predicted_SD,SD
29.827394232749935,8.75000028192997
17.103810423612593,35.179999147653575
14.260859359204767,26.91000016748905
4.955715957507491,4.000000049546361
12.344475043117999,6.939999692589044
6.564027427732944,7.169999699294567
23.65381214380264,10.709999426901339
6.98170534685254,12.290000009536742
6.383954126834869,6.299999808073044
13.135400303006172,2.57000002797693
5.586519531756639,0.02999999940744601
