predicted_SD,SD
1.337271922379732,1.1500000335276126
18.8144370546937,5.040000093281269
21.2502933460474,16.91000019788742
23.373386849164962,21.080000399947163
17.56467925339937,9.279999868124722
6.7106315523386,5.940000065863132
1.4578206573054193,1.1200000292994081
16.66340567499399,3.5999998903274535
3.6762558048963543,11.470000253915785
2.3486715244874357,2.630000036433339
0.3990387071482837,0.20000000247731803
