predicted_SD,SD
3.9221996410936115,0.16999999824911355
7.796953145861625,2.249999931454658
14.884137613773344,15.650000483095644
6.3622583997249595,6.150000018328428
12.226919497847556,17.010000469088553
9.081380299478768,15.580000293254852
5.7108380226790905,1.6100000469386577
11.507349485158919,5.219999964386225
3.3516927254945035,2.7600000804662703
4.4360705891996615,3.2899999751895663
0.6181925472058355,0.9899999852664768
