predicted_SD,SD
2.7639083755016323,1.2499999809265137
5.2549901637434955,17.610000190138816
3.5196099294722076,0.270000008251518
15.147702375650404,19.320000446438787
12.84526071667671,12.979999878406522
10.657915489673613,7.610000295937061
3.5046463450789447,-1.03143974958253e-09
1.9662593022733925,3.1700000469386573
10.68065606832504,0.3999999822117388
2.4826432426273817,0.5600000005587935
2.4448851262032982,1.7399999479949473
