fold,r,r2,rmse,mae
0.0,0.18200269510480577,-0.08541089602959295,12.863526290134226,7.281482695915144
1.0,0.7917934861625514,0.5934243981134466,3.91661579320866,3.096066660599952
2.0,0.3071447752724605,-0.14185485716493984,10.86999526355513,8.47516986535661
3.0,0.6499190277490647,0.4045793682374291,5.108088563913312,4.178018339990893
4.0,0.6728091501623548,0.44240022388676536,4.8343879323399825,3.53679165132767
5.0,0.7199029439764043,-0.09026748379221505,6.840558482863402,4.666003399791026
6.0,0.6512069555750085,0.41720477253067667,5.358349613490643,3.8263683968737965
