fold,r,r2,rmse,mae
1.0,0.06695668517001681,0.004483197688956749,13.355087821131983,7.867657999558883
2.0,0.8157540391071829,0.6654546523196833,4.8921357373022305,4.67866514379328
3.0,0.1842648848960165,0.03395354780574221,10.148894042282027,7.292969636050137
4.0,0.5250850417918205,0.27571430111351786,5.938024395396411,4.613075040470471
5.0,-0.2435688714441202,0.05932579513656235,8.659425096536422,7.275104563452982
6.0,0.4914296461818928,0.24150309714646032,6.605624448011551,6.081757978959517
7.0,0.3663008414590184,0.13417630645358494,7.765411230967076,4.992933128747073
