fold,r,r2,rmse,mae
0.0,0.6250836066341995,0.09649988137169929,1.482786205894452,0.9491412165987421
1.0,0.6530240561379018,0.19221774866867947,1.414902843546965,0.8600759450728723
2.0,0.6416399506841743,0.02763943394985735,1.4812302482656705,0.9404823341845056
3.0,0.6483402153657432,0.1596413015467889,1.4285015981356264,0.9180570986380944
4.0,0.6104124058177873,0.06577864844795978,1.5616722918699637,0.9634765186606075
