Dataset,num_of_folds,Features,Targets,Model,r_mean,r_std,r2_mean,r2_std,rmse_mean,rmse_std,mae_mean,mae_std,num_of_data,feature_length
DFT_Ramprasad,5,polymer_automated_frag_aug,value,BRT,0.6317435072876665,0.027509966814910164,0.1245748700301523,0.10536235858055813,1.459401665469778,0.10280975910327998,0.9213558466567513,0.06929280510774051,20728,36
