fold,r,r2,rmse,mae
0.0,0.6251890855492724,0.37783456047354225,1.2304596351918247,0.875305393552779
1.0,0.611637902718067,0.32682160102944446,1.291649117612592,0.9130027292007452
2.0,0.6211709219012019,0.36926971750425797,1.1929733592623601,0.8487983524817533
3.0,0.6119737725435767,0.32298722137603253,1.2821735539230772,0.9180041263496049
4.0,0.6152074972182275,0.3602957978111204,1.2922740193544513,0.9058737540516998
