Dataset,num_of_folds,Features,Targets,Model,r_mean,r_std,r2_mean,r2_std,rmse_mean,rmse_std,mae_mean,mae_std,num_of_data,feature_length
,5,polymer_automated_frag_aug_recombined_fp,value,LSTM,0.617035835986069,0.005323145808204404,0.35144177963887957,0.022399209661088243,1.257905937068861,0.03969439176584436,0.8921968711273165,0.026285770728999673,13472,93
