fold,r,r2,rmse,mae
0.0,0.5815518090295807,0.1100512428576983,1.4716242330476699,0.9333646703495025
1.0,0.6391278039816887,0.3223629624702825,1.2959195263731595,0.829288001449812
2.0,0.5929646709083898,0.0714664832834282,1.4474637486335358,0.918929977050978
3.0,0.5885334118268128,0.19053958434114793,1.401994108230483,0.9297903154840425
4.0,0.5417147842672273,-0.08252270497190972,1.6810611729222287,1.0412205546845268
