Dataset,num_of_folds,Features,Targets,Model,r_mean,r_std,r2_mean,r2_std,rmse_mean,rmse_std,mae_mean,mae_std,num_of_data,feature_length
DFT_Ramprasad,5,polymer_automated_frag,value,RF,0.5689398298442383,0.030776309180126436,0.013396567691184136,0.1262702111938807,1.5486512280856974,0.11367650283120044,0.9574881372696659,0.06837406233154587,3380,36
