fold,r,r2,rmse,mae
0.0,0.7431091750496533,-0.21746453652940545,0.8777111026320764,0.2914997215800363
1.0,0.8845410773600472,0.7664398618777634,0.39547732855551915,0.18618399561827784
2.0,0.8905559024646519,0.7793077782113262,0.6815613607133226,0.29019423213155343
3.0,0.939702081860227,0.8794816873004611,0.34632903336909415,0.1747544946840821
4.0,0.7840393877597752,0.6025544135979009,0.7610549977240842,0.26546839070578393
5.0,0.9010470063548766,0.8056825137870782,0.5183342322772264,0.21988160423360223
