fold,r,r2,rmse,mae
0.0,0.8012739361551329,0.612107282344701,0.07637250299682768,0.047762384688907006
1.0,0.7591502306766212,0.5702774610563563,0.07398492690549328,0.05315490736960673
2.0,0.7699889278355279,0.5664623078450959,0.07572582663156832,0.05086285277987654
3.0,0.7352890998982407,0.5400294608704506,0.09249701839507868,0.06630815476760461
4.0,0.7578948231087824,0.5695708357627021,0.09684478821135835,0.06626502483534588
5.0,0.7830971141878498,0.5982116295043922,0.09656585122043129,0.07129346066838232
6.0,0.8078109174696365,0.6524912319754674,0.08167225513829386,0.05450060364355602
