Dataset,num_of_folds,Features,Targets,Model,r_mean,r_std,r2_mean,r2_std,rmse_mean,rmse_std,mae_mean,mae_std,num_of_data,feature_length
CO2_Soleimani,5,"3mer_fp,T_K,P_Mpa",exp_CO2_sol_g_g,LSTM,0.7838991473464088,0.025126840051087604,0.606645663599538,0.036562139668595055,0.08293648269704038,0.008343691935720654,0.0571928571817004,0.004798279387109231,515,93
