fold,r,r2,rmse,mae
0.0,0.900878508181371,0.7293134048532588,0.41386320252991493,0.21761641678963023
1.0,0.8862179749232517,0.771761768381402,0.3909456930690185,0.2198085742556165
2.0,0.9535625496891548,0.8756961063839129,0.5115096318826025,0.27391786455993367
3.0,0.8704102036237708,0.7537027850210962,0.4950990965930221,0.24802811030990912
4.0,0.8343350849707654,0.695459569178291,0.6661924214287246,0.22968501175324987
5.0,0.9263661379393335,0.8504428937754793,0.45473405723322036,0.2639468697747174
