predicted_SD,SD
3.477927487194538,1.2499999962002037
7.787557217627763,17.609999628067015
18.503996869325636,0.26999999948777254
13.498255785405634,19.320000563263893
13.984231433868407,12.979999412596225
4.005555105954408,7.61000027552247
0.23691312862560152,0.0
15.114971264600753,3.1699999582767484
4.164191535189747,0.40000000495463606
16.247150072455405,0.5600000146497041
11.528665105104446,1.7399999367073178
