predicted_SD,SD
10.083421151041984,41.41
4.823625941127538,1.1899999877437948
12.493100646734236,3.2899999751895663
15.454982059597969,8.629999956488609
7.661720149219035,5.4299999168515205
15.66650182366371,12.920000483989714
13.445599836111068,27.50999932646751
4.388374853283167,2.2800000128149986
8.394227997809647,15.13000030696392
0.9319111568666993,2.2800000128149986
8.37935445383191,0.30000000371597707
