predicted_SD,SD
19.516056876778602,8.75000028192997
5.099361910447477,35.179999147653575
0.929926624149084,26.91000016748905
11.866945672035216,4.000000049546361
10.340788256525993,6.939999692589044
3.4869590432196853,7.169999699294567
41.90948549628257,10.709999426901339
4.408142277002335,12.290000009536742
6.439280082136392,6.299999808073044
16.096357364356518,2.57000002797693
5.051424596682191,0.02999999940744601
