predicted_SD,SD
8.252992886900902,3.5700001174956557
6.805165931880474,4.130000093579292
4.667441696748137,9.2000002682209
19.724076693058013,18.06999964147806
7.097611498534679,11.789999887645244
5.1380890301615,11.819999969005584
8.227600370794534,20.510000088214873
19.450863561630246,2.2800000128149986
4.273440875038505,1.2499999962002037
9.937570453137159,2.4999999924004075
-0.2622686213068664,0.8600000183656811
