predicted_SD,SD
2.4781169884651897,1.1500000335276126
23.17894969344139,5.040000093281269
15.74772628188133,16.91000019788742
18.230330817997455,21.080000399947163
25.78811634004116,9.279999868124722
4.988506371006369,5.940000065863132
4.2803593190759415,1.1200000292994081
1.7977643473446367,3.5999998903274535
3.585222915783524,11.470000253915785
14.290575594305992,2.630000036433339
9.691687397062777,0.20000000247731803
