predicted_SD,SD
1.9206484890729187,0.8300000141374766
5.561843418926,19.280000454783437
7.514610037803649,15.080000171363352
11.178058205842971,0.30000000371597707
11.427951515913009,11.169999440312385
1.9271528878062962,0.26999999948777254
0.7595327120833099,2.2200000043585897
0.9487380721792578,0.33000000794418155
-0.6303613757155835,2.9099998702108856
7.814714516997337,8.010000126212836
18.5028725913167,0.9599999810382723
