predicted_SD,SD
-0.26040410619229076,0.16999999824911355
28.029201030731198,2.249999931454658
11.998398576974868,15.650000483095644
6.9224672496318815,6.150000018328428
7.5391615051031104,17.010000469088553
4.759067577719688,15.580000293254852
5.391301798820495,1.6100000469386577
3.2210688367485996,5.219999964386225
9.016562772095202,2.7600000804662703
12.68060084670782,3.2899999751895663
2.0123083081841466,0.9899999852664768
