fold,r,r2,rmse,mae
0.0,0.39111006024665596,0.15296707922614286,11.493379855057249,8.027499917734584
1.0,0.0063771192791106535,4.066765030000478e-05,9.68663455475702,6.6704682532951916
2.0,-0.21843178258325532,0.04771244364249853,16.5871362434789,12.6859952934117
3.0,0.27106357466161696,0.07347546150833399,7.570561814521372,5.995966982199726
4.0,0.15186148981080644,0.023061912087557666,7.923485199604911,5.320462148393588
5.0,0.4153953423110543,0.17255329041371797,9.121138902816266,6.812568667561493
6.0,0.1265463111419043,0.016013968863623648,9.441822555105503,7.466970902850681
