fold,r,r2,rmse,mae
0.0,0.9917737723034089,0.9829334711315394,0.016019678972408108,0.009909217229729712
1.0,0.9845607885488695,0.9691334818172801,0.01982864356019416,0.012211416185828666
2.0,0.9852045251644554,0.9703337576078263,0.01980896850574099,0.01174621329683434
3.0,0.9930141726367716,0.9852999252709311,0.01653569658272514,0.012090279793908346
4.0,0.9841477911096226,0.9654440187510226,0.027440184227739386,0.01594765699200882
5.0,0.9904711246434175,0.980652977079521,0.021190049323182438,0.012106772602739747
6.0,0.9898584367422151,0.9797318233857146,0.019724182252516584,0.012694597374972676
