Dataset,num_of_folds,Features,Targets,Model,r_mean,r_std,r2_mean,r2_std,rmse_mean,rmse_std,mae_mean,mae_std,num_of_data,feature_length
CO2_Soleimani,7,"3mer_fp,T_K,P_Mpa",exp_CO2_sol_g_g,RF,0.9884329444498229,0.003424988233094919,0.9762184935776907,0.007176233316464209,0.020078200489215263,0.0034788347117027437,0.012386593353717473,0.0016699148057218146,515,514
