Datatype,R_mean,R_std,RMSE_mean,RMSE_std,num_of_data
SUM_OF_FRAGS,0.58007547123932,0.18752205102407843,707.4844841977076,136.85291704245583,681
