Datatype,R_mean,R_std,RMSE_mean,RMSE_std,num_of_data
SUM_OF_FRAGS,0.45723431356278355,0.15670392012641143,800.8836016286017,70.01776013835065,681
