Datatype,R_mean,R_std,RMSE_mean,RMSE_std,num_of_data
SUM_OF_FRAGS,0.5185385015043587,0.07190740372766881,0.9817932252878128,0.16885803897047447,681
