fold,r,r2,rmse,mae
0.0,0.6635014660946661,0.41234009092886237,0.7576608798379646,0.4903559208995472
1.0,0.13270054253060465,-0.05574496891537506,1.0189436612469167,0.5514498831610848
2.0,0.5572846942089908,0.3007975281734119,0.9001505407709963,0.4142081058168427
3.0,0.7806789436743184,0.5789779549463212,0.7897773738990785,0.3835512258665794
4.0,0.723491026290174,0.38781044977307155,0.9650900120569134,0.5087853601679788
