fold,r,r2,rmse,mae
0.0,0.7338354779346544,0.4799461478931464,0.5736507834503869,0.39147811874188887
1.0,0.6262509404778624,0.35144335883080136,0.6590163440915848,0.34932223992825756
2.0,0.6879938272463911,0.44491876663775287,1.0809104615219842,0.5403485166991745
3.0,0.6407383915184227,0.2307328702615753,0.8749857239199547,0.5780124130231304
4.0,0.5268072348213935,0.26687330825644395,1.033633839029114,0.5126276839617661
5.0,0.8495236656300693,0.6684199639679571,0.6770927089228305,0.365404630798698
