fold,r,r2,rmse,mae
0.0,0.9940472937072491,0.9876172208192879,0.013645525742394103,0.00823999002365446
1.0,0.9921535417097473,0.9839654091874033,0.014291510258524586,0.008796768232920284
2.0,0.9895611254033041,0.9789589611270186,0.016682617041017343,0.00872214220596729
3.0,0.9940144347310631,0.9880174834808223,0.014929207064972649,0.010322055826523418
4.0,0.9922412625552636,0.9831919884926716,0.019137428288932425,0.01040041122481023
5.0,0.9940579771653493,0.9881306200225236,0.016597356067930693,0.00971689181172276
6.0,0.9960296776509366,0.9916063337509341,0.012693094550821047,0.00839241466618564
