Dataset,num_of_folds,Features,Targets,Model,r_mean,r_std,r2_mean,r2_std,rmse_mean,rmse_std,mae_mean,mae_std,num_of_data,feature_length
CO2_Soleimani,5,"3mer_fp,T_K,P_Mpa",exp_CO2_sol_g_g,BRT,0.9918112028027934,0.0013500023998065588,0.9833964560730803,0.0026318670321896806,0.017018707584827063,0.0020999073096267286,0.010457063479906076,0.0017411211016415407,515,514
