predicted_SD,SD
11.123646194361191,3.57
3.7423909668109667,4.13
5.907076213508711,9.2
12.632851576479077,18.07
3.3124702200577203,11.789999999999997
3.3124702200577203,11.82
11.486012221389721,20.51
5.907076213508711,2.28
3.7423909668109667,1.25
3.437998233433234,2.5
18.697667035187045,0.86
