predicted_SD,SD
13.216574502164496,8.75
12.591608080253073,35.18
12.591608080253073,26.91
3.176855224775224,3.9999999999999996
2.4132665470640466,6.9399999999999995
2.4132665470640466,7.17
12.591608080253073,10.71
13.216574502164496,12.29
10.813777593240093,6.299999999999999
18.51964234126984,2.57
18.51964234126984,0.03
