predicted_SD,SD
6.445655061327561,1.25
4.021646316738817,17.61
1.0314076451326455,0.27
11.21819472000222,19.32
11.21819472000222,12.98
4.021646316738817,7.61
1.0314076451326455,0.0
3.5048383305583304,3.17
19.104940384615386,0.4
6.445655061327561,0.56
3.5048383305583304,1.74
