predicted_SD,SD
3.235960023032523,1.15
5.268586283748931,5.04
12.916063034188033,16.91
19.092545548340553,21.08
19.092545548340553,9.28
3.235960023032523,5.94
4.079560807803308,1.12
19.092545548340553,3.6
13.349923312243314,11.47
6.723353145049393,2.63
4.079560807803308,0.2
