predicted_SD,SD
11.633683080564998,41.41
5.7070101539764835,1.19
3.4275431814061608,3.2899999999999996
5.69975704922268,8.63
3.4275431814061608,5.43
11.506498583364186,12.92
11.506498583364186,27.510000000000005
5.69975704922268,2.28
11.506498583364186,15.13
4.330481251451577,2.28
14.23628956766351,0.3
