predicted_SD,SD
3.645749716857354,1.15
5.571923326777853,5.04
12.257439187770991,16.91
17.4003200845424,21.08
17.4003200845424,9.28
3.645749716857354,5.94
4.487470701123911,1.12
17.4003200845424,3.6
12.694454761926021,11.47
5.548913060176386,2.63
4.487470701123911,0.2
