predicted_SD,SD
13.505287395382396,41.41
6.958083895490471,1.19
3.011584599289598,3.2899999999999996
5.02260696858697,8.63
3.011584599289598,5.43
9.153947063492065,12.92
9.153947063492065,27.510000000000005
5.02260696858697,2.28
9.153947063492065,15.13
3.3745764141414143,2.28
14.195235453435457,0.3
