predicted_SD,SD
0.8021988006437962,0.17000000000000004
0.8021988006437962,2.25
12.325272392899574,15.65
2.981811953456783,6.15
10.498718130462585,17.01
10.498718130462585,15.580000000000002
6.547695048503999,1.61
10.498718130462585,5.22
5.898468973643204,2.76
5.898468973643204,3.2899999999999996
10.498718130462585,0.99
