predicted_SD,SD
0.9433679637029637,0.17000000000000004
0.9433679637029637,2.25
12.407255562770558,15.65
2.833833652597402,6.15
10.304971111111112,17.01
10.304971111111112,15.580000000000002
6.758982780969031,1.61
10.304971111111112,5.22
5.87794638167388,2.76
5.87794638167388,3.2899999999999996
10.304971111111112,0.99
