predicted_SD,SD
6.314149178328087,1.25
4.018101688455181,17.61
1.5364068816779144,0.27
10.981943817779884,19.32
10.981943817779884,12.98
4.018101688455181,7.61
1.5364068816779144,0.0
3.8530995110958535,3.17
17.76335967423398,0.4
6.314149178328087,0.56
3.8530995110958535,1.74
