predicted_SD,SD
3.556756448273948,0.83
8.155464563492062,19.28
8.155464563492062,15.08
0.5916659126984131,0.3
5.866333913308912,11.17
0.5916659126984131,0.27
3.460788647716661,2.22
0.5916659126984131,0.33000000000000007
0.5916659126984131,2.91
8.155464563492062,8.01
5.866333913308912,0.96
