predicted_SD,SD
3.9031705749762113,0.83
7.6204630340946835,19.28
7.6204630340946835,15.08
1.4774110116338983,0.3
4.756662744174774,11.17
1.4774110116338983,0.27
3.8961533639747303,2.22
1.4774110116338983,0.33000000000000007
1.4774110116338983,2.91
7.6204630340946835,8.01
4.756662744174774,0.96
