predicted_SD,SD
10.941729194493934,3.57
4.325256170107746,4.13
4.967127217010314,9.2
12.737455852269633,18.07
3.6638950699062245,11.789999999999997
3.6638950699062245,11.82
11.386168652933163,20.51
4.967127217010314,2.28
4.325256170107746,1.25
3.8652727812890255,2.5
17.492561540668788,0.86
