predicted_SD,SD
13.408733018214733,8.75
10.748585598791232,35.18
10.748585598791232,26.91
3.222462416929431,3.9999999999999996
2.6061762087239733,6.9399999999999995
2.6061762087239733,7.17
10.748585598791232,10.71
13.408733018214733,12.29
11.27105095824162,6.299999999999999
16.950352973849565,2.57
16.950352973849565,0.03
