fold,r,r2,rmse,mae
0.0,0.5358638104415553,0.15350677959641046,11.359905216017458,7.80069072532996
1.0,0.6330869292185528,0.3924261445110594,4.78784233039203,4.170344211722622
2.0,0.062305313175334436,-0.22997536036932398,11.2816368205054,8.47647408008658
3.0,0.1209496713334662,-0.37274635540089784,7.756068426044438,6.143227929545202
4.0,0.7949578892511194,0.48263683275208025,4.656696675537192,3.233219305263216
5.0,0.6572103082375298,0.1272755784533035,6.1201714352128,4.465224260981888
6.0,0.19651963409967824,-0.2596657509506861,7.877723025893207,5.519914580470036
