fold,r,r2,rmse,mae
0.0,0.8987927190088536,0.8042976118994263,0.690100739111757,0.44975651739975603
1.0,0.8909409512485238,0.7936932910068377,0.7150495559871519,0.4599913023844764
2.0,0.8623629623248857,0.7354182626165087,0.7726607227349809,0.49806088618493344
3.0,0.8981392935649621,0.8027460073144858,0.6920879427060832,0.4667142924681501
4.0,0.8982138520502656,0.8033574233332454,0.7164795340109424,0.4601601427187026
