Dataset,num_of_folds,Features,Targets,Model,r_mean,r_std,r2_mean,r2_std,rmse_mean,rmse_std,mae_mean,mae_std,num_of_data,feature_length
,5,polymer_automated_frag_aug_recombined_fp,value,NN,0.8896899556394982,0.013965944121249596,0.7879025192341008,0.02651834268213641,0.7172756989101832,0.029819429765095145,0.4669366282312037,0.01648079719892835,13472,512
