fold,r,r2,rmse,mae
0.0,0.5232687927930771,0.18360898138517134,0.718741213468912,0.5791765175068121
1.0,0.40079750460525193,0.01565673137820589,0.811886881263109,0.6556849809594484
2.0,0.6665406885871306,0.2615782962431379,1.2467049284554803,0.8516355388974112
3.0,0.5641059633103643,0.256564025388636,0.8601697583522179,0.6468487421303691
4.0,0.38008312139400663,0.07958194319015932,1.1581632338125325,0.7310306963265664
5.0,0.40328640395364235,0.15933561080373815,1.078115476913324,0.703223890414306
