fold,r,r2,rmse,mae
0.0,0.8772316852354525,0.6361071721237408,0.4798551800501697,0.2529517401125807
1.0,0.864915627242493,0.7401766190752411,0.417120323804231,0.2376598522730812
2.0,0.9583758160332396,0.8900909625821086,0.48098125586657564,0.2586200493353448
3.0,0.9006797611365719,0.8043532242725108,0.44126423714742163,0.2311834941958475
4.0,0.8252594179796306,0.6796620744036119,0.6832527501367651,0.22833904948031108
5.0,0.9330194458388397,0.8615610938124962,0.43750501416620624,0.24394739212891084
