predicted_SD,SD
10.946456,3.57
3.5878596,4.13
6.129484,9.2
12.801913,18.07
3.5340023,11.789999999999997
3.5340023,11.82
11.5396595,20.51
6.129484,2.28
3.5878596,1.25
3.5335577,2.5
17.131233,0.86
