predicted_SD,SD
12.693933,41.41
6.600212,1.19
3.0555768,3.2899999999999996
5.023409,8.63
3.0555768,5.43
9.034782,12.92
9.034782,27.510000000000005
5.023409,2.28
9.034782,15.13
3.45698,2.28
14.305138,0.3
