predicted_SD,SD
0.58855027,0.17000000000000004
0.58855027,2.25
13.565452,15.65
3.482722,6.15
10.244673,17.01
10.244673,15.580000000000002
5.27107,1.61
10.244673,5.22
5.5893245,2.76
5.5893245,3.2899999999999996
10.244673,0.99
