predicted_SD,SD
3.665619,0.83
8.186421,19.28
8.186421,15.08
4.7654567,0.3
6.0523787,11.17
4.7654567,0.27
3.6129951,2.22
4.7654567,0.33000000000000007
4.7654567,2.91
8.186421,8.01
6.0523787,0.96
