predicted_SD,SD
6.5742884,1.25
4.1896534,17.61
3.6100414,0.27
11.492696,19.32
11.492696,12.98
4.1896534,7.61
3.6100414,0.0
3.5199409,3.17
17.201305,0.4
6.5742884,0.56
3.5199409,1.74
