predicted_SD,SD
3.7901154,1.15
5.3116407,5.04
13.114499,16.91
17.27873,21.08
17.27873,9.28
3.7901154,5.94
4.122232,1.12
17.27873,3.6
12.814421,11.47
6.2625976,2.63
4.122232,0.2
