predicted_SD,SD
13.384138,8.75
12.5063505,35.18
12.5063505,26.91
4.031817,3.9999999999999996
2.1846955,6.9399999999999995
2.1846955,7.17
12.5063505,10.71
13.384138,12.29
11.96349,6.299999999999999
15.976085,2.57
15.976085,0.03
