predicted_SD,SD
6.110214789117042,1.15
5.2783925397975855,5.04
20.76394370200466,16.91
12.360995406490842,21.08
8.816929208258811,9.28
7.8835602794044615,5.94
5.632035278179761,1.12
-1.8521931861465168,3.6
8.327109246705371,11.47
7.068901473888061,2.63
6.6353390607284375,0.2
