predicted_SD,SD
9.298403777699923,3.57
9.124538291911918,4.13
13.47082665432503,9.2
13.381072754145931,18.07
5.308670848434194,11.789999999999997
7.437552083041348,11.82
7.848703752562111,20.51
7.218329311888619,2.28
6.254410530474715,1.25
6.987834687096115,2.5
0.6463873898463445,0.86
