predicted_SD,SD
4.068972858060155,1.25
4.070821659105902,17.61
8.112498737366693,0.27
10.362566369952193,19.32
12.97200291204858,12.98
7.667531704932358,7.61
5.392758761731358,0.0
5.904717993324115,3.17
-2.5050792212706003,0.4
13.474247846520447,0.56
5.728863420374692,1.74
