predicted_SD,SD
6.497967079302449,41.41
4.80393960625133,1.19
7.156196121610905,3.2899999999999996
9.5541396022498,8.63
7.02588894245602,5.43
11.551877129994535,12.92
11.155973751403032,27.510000000000005
6.6044728326981055,2.28
4.868714499481763,15.13
5.1334286606279536,2.28
7.420109087679237,0.3
