predicted_SD,SD
14.082631952408821,8.75
12.66650832237872,35.18
13.805273112513966,26.91
7.942884497622722,3.9999999999999996
9.59526681669099,6.9399999999999995
8.158024830337107,7.17
18.263982635909667,10.71
7.97144295369344,12.29
7.176281396368156,6.299999999999999
5.660892528996194,2.57
6.163466040524273,0.03
