predicted_SD,SD
6.378240354098598,0.17000000000000004
10.361923273542665,2.25
11.478846336632476,15.65
7.782859626856781,6.15
8.122522637779923,17.01
8.84147610724228,15.580000000000002
6.393886793379994,1.61
7.83373178985095,5.22
10.703926749534357,2.76
7.869281717853671,3.2899999999999996
7.753932488439147,0.99
