predicted_SD,SD
4.789562477338673,0.83
8.13629518899237,19.28
8.652176658700593,15.08
7.335597299242518,0.3
10.748624775380073,11.17
5.878632730610709,0.27
5.676836696730946,2.22
4.356007081738964,0.33000000000000007
4.264243370533943,2.91
7.087892603458236,8.01
8.617820291269142,0.96
