predicted_SD,SD
0.048418292517549526,8.75
2.183528002798469e-19,35.18
6.91122509776517e-13,26.91
4.3515557443553925e-11,3.9999999999999996
1.3812596298098084e-123,6.9399999999999995
2.901948915287881e-132,7.17
0.09775726441500374,10.71
2.600166107280782e-25,12.29
1.3766746256747892e-139,6.299999999999999
4.208237819107221e-21,2.57
1.2132514253609035e-22,0.03
