predicted_SD,SD
0.0026440023217774488,0.83
4.518226681245201e-84,19.28
2.249492606806618e-85,15.08
2.9128232246882784e-20,0.3
1.0231988082303013e-59,11.17
1.2623030767934245e-20,0.27
0.002714823812539344,2.22
4.892839458266262e-21,0.33000000000000007
5.552404111421184e-22,2.91
9.118610621431845e-129,8.01
2.1637705964815877e-76,0.96
