predicted_SD,SD
0.0052407903163803,1.15
1.1414567195679952e-10,5.04
1.2957890790804848e-19,16.91
1.2101681717134979e-05,21.08
6.759544178758327e-14,9.28
1.1852736724316507e-132,5.94
0.001959394577745788,1.12
7.289974454510486e-17,3.6
2.854396601073821e-25,11.47
2.054742398295899e-56,2.63
1.4477845397119277e-135,0.2
