predicted_SD,SD
0.012322939392569893,3.57
8.134367120907496e-11,4.13
2.329206585352537e-10,9.2
9.019300583664483e-13,18.07
9.941649264382736e-41,11.789999999999997
1.4342490538125547e-40,11.82
0.020656268138886314,20.51
5.457449916027334e-81,2.28
7.227584598251192e-128,1.25
1.9190072343670876e-135,2.5
1.1958629553139343e-17,0.86
