predicted_SD,SD
0.02534579485377118,41.41
0.003800753337555083,1.19
5.2906452818910547e-11,3.2899999999999996
6.666213055182729e-11,8.63
3.2447031264843937e-127,5.43
5.454461687152347e-26,12.92
1.3340570396587067e-23,27.510000000000005
0.0029508954484123305,2.28
8.229765772015634e-22,15.13
1.4546272545678363e-120,2.28
2.6005023131614353e-25,0.3
