predicted_SD,SD
0.03531161180714219,1.25
0.03000000012128804,17.61
0.03000000002936308,0.27
0.030000000000000002,19.32
0.03,12.98
0.03,7.61
0.03033050029047437,0.0
0.03,3.17
0.03000000000000133,0.4
0.03,0.56
0.03,1.74
