predicted_SD,SD
1.915653269264156e-12,0.17000000000000004
2.9958700787289044e-11,2.25
7.107504689558401e-18,15.65
5.462591253552514e-11,6.15
2.3271863005274888e-136,17.01
5.050077132471214e-128,15.580000000000002
0.0028092524668885386,1.61
0.008427757400665618,5.22
5.074530051389359e-42,2.76
6.369398624250008e-43,3.2899999999999996
1.659103144608765e-128,0.99
