predicted_SD,SD
2.429164615795016,0.8300000141374766
9.030326230376959,19.280000454783437
9.030326230376959,15.080000171363352
5.274855722188949,0.30000000371597707
5.763522973656654,11.169999440312385
5.274855722188949,0.26999999948777254
4.964297987446188,2.2200000043585897
5.274855722188949,0.33000000794418155
5.274855722188949,2.9099998702108856
9.030326230376959,8.010000126212836
5.763522973656654,0.9599999810382723
