predicted_SD,SD
7.552167822718619,1.2499999809265137
9.8680441814661,17.610000190138816
4.8202563388645645,0.270000008251518
11.109991780519483,19.320000446438787
11.109991780519483,12.979999878406522
9.8680441814661,7.610000295937061
4.8202563388645645,-1.03143974958253e-09
7.140594179630279,3.1700000469386573
17.972289425134658,0.3999999822117388
7.552167822718619,0.5600000005587935
7.140594179630279,1.7399999479949473
