predicted_SD,SD
1.1097885829955338,0.16999999824911355
1.1097885829955338,2.249999931454658
9.410272342860697,15.650000483095644
3.2586260162293907,6.150000018328428
6.653500088006258,17.010000469088553
6.653500088006258,15.580000293254852
5.289351010173559,1.6100000469386577
6.653500088006258,5.219999964386225
4.935721765309572,2.7600000804662703
4.935721765309572,3.2899999751895663
6.653500088006258,0.9899999852664768
