predicted_SD,SD
9.857899127602577,3.5700001174956557
3.2904692471027372,4.130000093579292
5.686604956835508,9.2000002682209
13.072435798048971,18.06999964147806
3.076931089311838,11.789999887645244
3.076931089311838,11.819999969005584
12.797049391567706,20.510000088214873
5.686604956835508,2.2800000128149986
3.2904692471027372,1.2499999962002037
4.029988406822085,2.4999999924004075
18.488721004128454,0.8600000183656811
