predicted_SD,SD
3.524317838847637,1.1500000335276126
3.283254615664482,5.040000093281269
6.937248852103948,16.91000019788742
20.26535176336765,21.080000399947163
20.26535176336765,9.279999868124722
3.524317838847637,5.940000065863132
1.3722394675388931,1.1200000292994081
20.26535176336765,3.5999998903274535
9.828225469440222,11.470000253915785
4.560820094496012,2.630000036433339
1.3722394675388931,0.20000000247731803
