predicted_SD,SD
8.95424966841936,1.2499999809265137
7.66360159099102,17.610000190138816
6.981187532842159,0.270000008251518
13.878342760205268,19.320000446438787
13.878342760205268,12.979999878406522
7.66360159099102,7.610000295937061
6.981187532842159,-1.03143974958253e-09
6.1960499399900435,3.1700000469386573
18.886960141062737,0.3999999822117388
8.95424966841936,0.5600000005587935
6.1960499399900435,1.7399999479949473
