predicted_SD,SD
3.286946159675717,0.8300000141374766
8.905054386258124,19.280000454783437
8.905054386258124,15.080000171363352
3.369071521237492,0.30000000371597707
5.809465341866016,11.169999440312385
3.369071521237492,0.26999999948777254
4.267179596796631,2.2200000043585897
3.369071521237492,0.33000000794418155
3.369071521237492,2.9099998702108856
8.905054386258124,8.010000126212836
5.809465341866016,0.9599999810382723
