predicted_SD,SD
5.596385657489299,1.1500000335276126
6.35919594541192,5.040000093281269
13.123745328783988,16.91000019788742
18.94362042367458,21.080000399947163
18.94362042367458,9.279999868124722
5.596385657489299,5.940000065863132
5.793636593520641,1.1200000292994081
18.94362042367458,3.5999998903274535
15.683633796572684,11.470000253915785
9.587434368431568,2.630000036433339
5.793636593520641,0.20000000247731803
