predicted_SD,SD
17.776049689650534,8.75000028192997
11.12600820660591,35.179999147653575
11.12600820660591,26.91000016748905
7.384894148558377,4.000000049546361
4.745496641248464,6.939999692589044
4.745496641248464,7.169999699294567
11.12600820660591,10.709999426901339
17.776049689650534,12.290000009536742
12.556763660311697,6.299999808073044
16.843622133135796,2.57000002797693
16.843622133135796,0.02999999940744601
