predicted_SD,SD
9.358341408371926,41.40999855995178
3.618929726332426,1.190000025331974
3.6525706793367863,3.2900000700354575
3.9026441133022307,8.629999809265136
3.6525706793367863,5.4299998909235
4.238657068759203,12.919999526143075
4.238657068759203,27.509999012947084
3.9026441133022307,2.2800000859797
4.238657068759203,15.130000396966935
3.1190030319988726,2.2800000859797
13.779325543642043,0.29999999234452845
