predicted_SD,SD
13.556370221674442,8.75000028192997
13.452024634480475,35.179999147653575
13.452024634480475,26.91000016748905
4.110886133313179,4.000000049546361
5.334403582066297,6.939999692589044
5.334403582066297,7.169999699294567
13.452024634480475,10.709999426901339
13.556370221674442,12.290000009536742
13.396045215725898,6.299999808073044
21.745434760451314,2.57000002797693
21.745434760451314,0.02999999940744601
