predicted_SD,SD
12.549057340025902,41.40999855995178
6.243061144948006,1.190000025331974
2.426508315652609,3.2900000700354575
4.650838555991649,8.629999809265136
2.426508315652609,5.4299998909235
9.832224187254905,12.919999526143075
9.832224187254905,27.509999012947084
4.650838555991649,2.2800000859797
9.832224187254905,15.130000396966935
0.8842178877070546,2.2800000859797
15.015435686707496,0.29999999234452845
