predicted_SD,SD
11.14886029869318,3.5700001174956557
4.3967739257961505,4.130000093579292
8.508114521652459,9.2000002682209
12.431584991812706,18.06999964147806
4.533997857123613,11.789999887645244
4.533997857123613,11.819999969005584
11.351129142940044,20.510000088214873
8.508114521652459,2.2800000128149986
4.3967739257961505,1.2499999962002037
4.354992682039738,2.4999999924004075
15.122016822397708,0.8600000183656811
