predicted_SD,SD
-0.12533146725967526,0.16999999824911355
-0.12533146725967526,2.249999931454658
12.551395263671873,15.650000483095644
1.050566837787628,6.150000018328428
10.868170903623103,17.010000469088553
10.868170903623103,15.580000293254852
6.983821235597133,1.6100000469386577
10.868170903623103,5.219999964386225
5.665459027588367,2.7600000804662703
5.665459027588367,3.2899999751895663
10.868170903623103,0.9899999852664768
