fold,r,r2,rmse,mae
0.0,0.1911640066182666,-0.18037242410241006,13.414437841774646,9.10299478398636
1.0,0.6041126119277316,0.34051793888025905,4.988176446056469,4.3548582968234335
2.0,-0.04980277151022816,-0.38897972431957806,11.988693468166794,8.685428056211991
3.0,0.1958581535711793,-0.2826487326842666,7.497221587821205,5.946660089198161
4.0,0.7861630736619426,0.38200552694954626,5.089469280117453,4.46932357463393
5.0,0.5481686834956144,-0.10345511944231522,6.8818050756613545,4.543811182403428
6.0,0.2974038141169179,-0.14813527671392457,7.520896005088923,6.335303890883541
