predicted_SD,SD
5.783194136470556,3.5700001174956557
5.784721969813108,4.130000093579292
8.376890544891356,9.2000002682209
8.376873267292975,18.06999964147806
8.376890544891356,11.789999887645244
8.376890544891356,11.819999969005584
8.388282035738229,20.510000088214873
8.388749147951602,2.2800000128149986
5.784721969813108,1.2499999962002037
4.6187111561000345,2.4999999924004075
8.388749147951602,0.8600000183656811
