predicted_SD,SD
8.46602522999048,1.2499999809265137
8.466852720677851,17.610000190138816
11.01979282915592,0.270000008251518
11.572793386578558,19.320000446438787
11.572795853018759,12.979999878406522
10.969061853885648,7.610000295937061
8.609408648014067,-1.03143974958253e-09
3.142119715213775,3.1700000469386573
8.457368641495703,0.3999999822117388
8.465916706621645,0.5600000005587935
3.142119715213775,1.7399999479949473
