predicted_SD,SD
9.122535538822412,0.16999999824911355
9.121810496747493,2.249999931454658
13.057716518342493,15.650000483095644
6.716366480886935,6.150000018328428
6.770719337165355,17.010000469088553
6.770719337165355,15.580000293254852
8.98196129605174,1.6100000469386577
7.258514686971902,5.219999964386225
8.976060996204614,2.7600000804662703
8.976042484492062,3.2899999751895663
7.258514686971902,0.9899999852664768
