predicted_SD,SD
4.7561214386671775,0.8300000141374766
4.977454261556267,19.280000454783437
5.114654436185956,15.080000171363352
13.157112073600292,0.30000000371597707
13.007516456246375,11.169999440312385
13.157130585312842,0.26999999948777254
3.7295658347010607,2.2200000043585897
6.771587536484002,0.33000000794418155
6.771552981287241,2.9099998702108856
4.977454261556267,8.010000126212836
6.716588004380464,0.9599999810382723
