predicted_SD,SD
3.368441632091999,41.40999855995178
3.3006187281012536,1.190000025331974
4.300659788548947,3.2900000700354575
9.674910151958466,8.629999809265136
6.489775620996952,5.4299998909235
9.090984609127045,12.919999526143075
9.057860015630721,27.509999012947084
3.282615866959095,2.2800000859797
9.07422415614128,15.130000396966935
3.2630890899896623,2.2800000859797
12.0518204331398,0.29999999234452845
