predicted_SD,SD
3.681246871128678,1.1500000335276126
8.366656036078929,5.040000093281269
10.44052319318056,16.91000019788742
10.425408996939659,21.080000399947163
10.425413933396339,9.279999868124722
2.873091526255011,5.940000065863132
9.637876933962106,1.1200000292994081
8.359008230566978,3.5999998903274535
9.44751482322812,11.470000253915785
8.367040462642908,2.630000036433339
9.637876933962106,0.20000000247731803
