predicted_SD,SD
8.567678425014018,8.75000028192997
4.852473051324487,35.179999147653575
9.99186715722084,26.91000016748905
5.394806683063506,4.000000049546361
4.129151948615908,6.939999692589044
4.132103949710727,7.169999699294567
4.852463178411126,10.709999426901339
8.56698423579335,12.290000009536742
8.546383167952298,6.299999808073044
10.086179396212101,2.57000002797693
10.086179396212101,0.02999999940744601
