fold,r,r2,rmse,mae
0.0,0.0010453958894931514,-0.1847403646582022,13.439234829577277,7.758361527532002
1.0,0.0384280083725756,-0.1701075120867317,6.644360653695122,5.964786610875955
2.0,-0.14341246336591548,-0.26151426629246965,11.425362449058289,7.6428022943400045
3.0,0.5556679222697332,0.1872871272528457,5.967810829297286,4.877547292191196
4.0,-0.22902930892747944,-0.6376869687835096,8.285059819688907,6.943419398412277
5.0,0.4215627893994842,0.14247397030150766,6.066646451585969,5.24259834784337
6.0,0.40803679423287864,0.025653420569248464,6.928349467611697,5.965921117814722
