fold,r,r2,rmse,mae
0.0,0.823559789303991,0.6761998582285267,0.8876728716738407,0.6078398450927218
1.0,0.8079351256557695,0.6483662386583111,0.9335224125829332,0.6440126395062731
2.0,0.816756016590867,0.6657551510246706,0.8684428919171167,0.5803972337214307
3.0,0.8458805036258991,0.710126006258353,0.8389827039697796,0.5846888385846879
4.0,0.8242075871127542,0.6747147699837699,0.921503910341871,0.6293155802106664
