Dataset,num_of_folds,Features,Targets,Model,r_mean,r_std,r2_mean,r2_std,rmse_mean,rmse_std,mae_mean,mae_std,num_of_data,feature_length
DFT_Ramprasad,5,polymer_automated_frag_SMILES,value,RF,0.823667804457856,0.01256182336068973,0.6750324048307264,0.02015031789828633,0.8900249580971081,0.034524143953799415,0.609250827423156,0.024693278113964212,3380,113
