fold,r,r2,rmse,mae
0.0,0.8682906294934958,0.7463221262266159,0.7856981394462135,0.5973334185015828
1.0,0.8709900874518707,0.7484521383085737,0.7895684405902695,0.6037112574358371
2.0,0.8524363381025016,0.7201735898295061,0.7946085867539182,0.5975571693539498
3.0,0.8759663588770878,0.7547993663253191,0.7716301255873377,0.5954760572224403
4.0,0.8894524328346767,0.7752540619824692,0.7659685460897404,0.5948890459563346
