Dataset,num_of_folds,Features,Targets,Model,r_mean,r_std,r2_mean,r2_std,rmse_mean,rmse_std,mae_mean,mae_std,num_of_data,feature_length
DFT_Ramprasad,5,polymer_automated_frag_aug_recombined_fp,value,SVM,0.8714271693519265,0.011968249325468737,0.7490002565344969,0.017671114869878435,0.7814947676934958,0.01089219444975759,0.5977933896940288,0.0031334892527993125,13472,512
