fold,r,r2,rmse,mae
0.0,0.9102647166633379,0.7428352663881164,0.4033937312640957,0.20493674646235793
1.0,0.8264520780577949,0.6776138014593664,0.46463343322403056,0.24890861473209422
2.0,0.9407972235660987,0.7912461537199231,0.6628705015195199,0.33634924361744484
3.0,0.8531827560242452,0.7213666522261923,0.5265976659691545,0.23696041533172382
4.0,0.7834038458189654,0.6033665638837215,0.7602770311658211,0.30220610125467723
5.0,0.9265858652003024,0.8508588791473117,0.4541012072119337,0.2505072047492233
