fold,r,r2,rmse,mae
0.0,0.6783185062012,0.44599580815526274,1.16110355649068,0.8230063688788685
1.0,0.6274708117331265,0.35867597253894345,1.2607187772552457,0.9081871147797498
2.0,0.6760552136613566,0.43144116255086606,1.132652300002333,0.8093862710703472
3.0,0.6955943428646675,0.4341650576037208,1.172177183269906,0.8572592477873779
4.0,0.6478626239118974,0.393997950235753,1.2577723923080677,0.8788492650183629
