predicted_SD,SD
1.6102302092313765,1.1500000335276126
7.5653666853904715,5.040000093281269
23.102713524699208,16.91000019788742
7.844156161695718,21.080000399947163
8.2675751799345,9.279999868124722
5.652568705081939,5.940000065863132
5.298671657443046,1.1200000292994081
1.123266343846917,3.5999998903274535
7.046291477829217,11.470000253915785
4.649684027954936,2.630000036433339
5.725240752100944,0.20000000247731803
