predicted_SD,SD
5.3419508072733874,3.5700001174956557
3.6084341350942846,4.130000093579292
13.03759058445692,9.2000002682209
6.490072519034147,18.06999964147806
5.642491545826196,11.789999887645244
4.50287288069725,11.819999969005584
7.000351577848195,20.510000088214873
4.309576046466827,2.2800000128149986
4.875414616689086,1.2499999962002037
6.788702231794595,2.4999999924004075
2.1036759507656098,0.8600000183656811
