predicted_SD,SD
16.049275908768177,8.75000028192997
11.450186550915241,35.179999147653575
14.150092675983904,26.91000016748905
4.39501346193254,4.000000049546361
7.683055514991283,6.939999692589044
6.6151265420019625,7.169999699294567
38.57645165145397,10.709999426901339
9.155767765194177,12.290000009536742
5.261628486514091,6.299999808073044
2.538500960692763,2.57000002797693
4.672927951291203,0.02999999940744601
