predicted_SD,SD
8.444787158071994,41.40999855995178
2.7702417631447314,1.190000025331974
4.221184196919203,3.2900000700354575
11.335141744017601,8.629999809265136
7.318602877259254,5.4299998909235
14.065457908511162,12.919999526143075
10.717164781689643,27.509999012947084
7.499338665306568,2.2800000859797
2.56181337878108,15.130000396966935
5.496931091845036,2.2800000859797
9.6168430352211,0.29999999234452845
