predicted_SD,SD
3.657851436287164,1.2499999809265137
5.801496584117412,17.610000190138816
7.162733563482761,0.270000008251518
14.419989060163497,19.320000446438787
14.030760132074354,12.979999878406522
5.946708250939846,7.610000295937061
3.018983613103628,-1.03143974958253e-09
6.523031466901302,3.1700000469386573
0.3032012800592929,0.3999999822117388
13.980765389204024,0.5600000005587935
5.507786102294921,1.7399999479949473
