predicted_SD,SD
0.8229815297201275,0.8300000141374766
8.578470136374234,19.280000454783437
7.706667204350232,15.080000171363352
4.942033025175332,0.30000000371597707
7.442324885576963,11.169999440312385
5.001562990397215,0.26999999948777254
1.9496421503275632,2.2200000043585897
5.312185207605362,0.33000000794418155
3.40081077799201,2.9099998702108856
4.6517718406021595,8.010000126212836
5.513740116804838,0.9599999810382723
