predicted_SD,SD
4.347594167590141,0.16999999824911355
8.655388770252465,2.249999931454658
13.85915149450302,15.650000483095644
6.802094838768244,6.150000018328428
8.479910076409578,17.010000469088553
6.808889254331588,15.580000293254852
7.349781749248504,1.6100000469386577
5.4704319652915,5.219999964386225
6.725277402251958,2.7600000804662703
2.453854458145797,3.2899999751895663
6.754627722501755,0.9899999852664768
