fold,r,r2,rmse,mae
0.0,0.2787524897152222,0.006157430195725677,12.308970973392213,8.029997677049515
1.0,0.5609426995856188,0.29047540410062966,5.1739716117362775,4.262126593459397
2.0,0.2633486745446014,-0.39618090574242015,12.019731051371362,7.4723109924349815
3.0,0.36603968397653147,0.03892574699094753,6.489704918177025,5.079335168488323
4.0,0.7363222924366918,0.3843018077645365,5.080005014986835,4.07622497452677
5.0,0.6395557369214658,0.36665902862548894,5.2136734001832625,3.8489135521548716
6.0,0.5071498696147232,0.1967356463731852,6.2907481771189815,4.761865234613546
