fold,r,r2,rmse,mae
0.0,0.7417114618534771,0.4913094443113848,0.5673489777860428,0.4804924587428711
1.0,0.5819760224953067,0.11000431036003877,0.7719980223146425,0.5662341884855521
2.0,0.7435037872723343,0.5084391254376786,1.0171853671001005,0.6949404868120133
3.0,0.6678732700751572,0.44160699797054237,0.7454737694808107,0.5025663589988624
4.0,0.6017542328416929,0.3616563638965805,0.9645049825759937,0.5522624495183546
5.0,0.7168832699508914,0.5114986131333331,0.8218392062305382,0.572565011834872
