predicted_SD,SD
0.37721350784771734,0.17000000000000004
0.03508021081008744,2.25
0.9416229784522112,15.65
0.8588092322291428,6.15
1.016746323598522,17.01
1.0721644576003895,15.580000000000002
3.122264747940282,1.61
2.2921260999620854,5.22
0.8770268837005627,2.76
0.16116152943988993,3.2899999999999996
0.025360030883511433,0.99
