predicted_SD,SD
0.018966856541559076,41.41
0.12470504495892683,1.19
0.60001044983192,3.2899999999999996
4.688972261334044,8.63
3.086245242243817,5.43
6.405636718277845,12.92
2.3565500397131216,27.510000000000005
4.57326107501738,2.28
0.866925044004323,15.13
0.03938014439602924,2.28
0.10401250804546491,0.3
