predicted_SD,SD
0.3227731660919502,1.15
1.1227687590877806,5.04
2.347206204841255,16.91
4.824332710083144,21.08
4.894048887071483,9.28
2.3957451731076254,5.94
2.640874664396356,1.12
3.7841054127355407,3.6
1.2206097154182447,11.47
0.1533819687729899,2.63
0.01010702331130968,0.2
