predicted_SD,SD
0.45018525991349423,1.25
1.2326262659729974,17.61
0.7638082223147732,0.27
7.779803999840949,19.32
8.93293123995782,12.98
4.020763663190929,7.61
0.624695027065739,0.0
0.8337431869235873,3.17
5.39978726414426,0.4
0.03200082006816202,0.56
0.03203504394409391,1.74
