predicted_SD,SD
0.2939337103247431,0.83
0.8165125188399456,19.28
6.0270245697916485,15.08
0.4606466820472992,0.3
5.24407010885196,11.17
0.1723768158956855,0.27
2.8483495959166527,2.22
0.1631465428477139,0.33000000000000007
0.3425455667156714,2.91
0.4601419997773036,8.01
0.015718621231216083,0.96
