predicted_SD,SD
1.4875078734161151,8.75
0.138285031334204,35.18
1.007071321163602,26.91
0.6798253174903325,3.9999999999999996
0.43377728997977444,6.9399999999999995
0.4920756293489563,7.17
4.115928088333296,10.71
7.264542343472563,12.29
1.926714970089931,6.299999999999999
0.00011967105309355043,2.57
0.0019954440086932383,0.03
