predicted_SD,SD
1.0327262581182384,3.57
0.2966989282604666,4.13
4.658704785942317,9.2
9.400912280113367,18.07
3.24232876977309,11.789999999999997
1.772501918113866,11.82
7.962395853957395,20.51
0.6145698726936896,2.28
0.4404544781497258,1.25
0.1482279412895521,2.5
0.09711449459119699,0.86
