fold,r,r2,rmse,mae
0.0,-0.06333815462040773,-0.5692230517497312,15.466972212572358,9.281077887788213
1.0,0.07878238282992073,-0.7846397446758404,8.205698990703338,5.758125500828328
2.0,0.029271864766625168,-0.8836196972263739,13.961128379431267,9.391105183664495
3.0,0.9194921812573115,0.050068861120941666,6.451973044291292,5.119396765363373
4.0,0.5591872717163067,-0.13479341931585798,6.896656585192208,4.190320529426187
5.0,0.5655008102236739,-0.35077913213298384,7.614075771537908,5.283091497213284
6.0,0.6096522049390029,0.14087372862733072,6.505812556617487,4.27674554851934
