fold,r,r2,rmse,mae
0.0,0.2339963270772603,-0.035928590029432605,1.587739829411751,1.3041685345264393
1.0,0.2571331918402547,-0.030020771892116382,1.5977265687359705,1.2845983381373571
2.0,0.21671674573984825,-0.10035778023725639,1.5757084473874257,1.23837263894531
3.0,0.18549570109099325,-0.07439019025681248,1.6152115036695358,1.3146652404199224
4.0,0.15949574154037702,-0.11527804384214257,1.7063047019367863,1.3643711987599922
