Dataset,num_of_folds,Features,Targets,Model,r_mean,r_std,r2_mean,r2_std,rmse_mean,rmse_std,mae_mean,mae_std,num_of_data,feature_length
,5,polymer_automated_frag_aug_recombined_SMILES,value,LSTM,0.1885183235573882,0.02838101490654804,-0.07676759402477415,0.03770982671280406,1.6205705144407605,0.04399986003302626,1.324595474828818,0.028583831234238036,3380,15795
