fold,r,r2,rmse,mae
0.0,0.983567789467758,0.965644458182508,0.022035077858156872,0.01222425402185901
1.0,0.9693955988457692,0.9347932009325922,0.02929245436723767,0.014770234951456327
2.0,0.9848851485361619,0.969398461083715,0.023424503230559536,0.014566443689320382
3.0,0.9805642313627034,0.9579122118835247,0.031034139942509475,0.016944384466019414
4.0,0.9901261798156024,0.9797505757549264,0.02053938712346416,0.012806476642302857
