Dataset,num_of_folds,Features,Targets,Model,r_mean,r_std,r2_mean,r2_std,rmse_mean,rmse_std,mae_mean,mae_std,num_of_data
CO2_Soleimani,7,"Polymer_SMILES,T_K,P_Mpa",exp_CO2_sol_g_g,RF,0.9837771287087355,0.010208188826813298,0.9679216460895276,0.019972951345254827,0.022688515157213446,0.006134964432086235,0.012847216188253827,0.00198503376698361,515
