predicted_SD,SD
-1.3418337,0.17000000000000004
-1.3418337,2.25
12.319941,15.65
2.038102,6.15
11.87419,17.01
11.87419,15.580000000000002
5.800458,1.61
11.87419,5.22
6.032604,2.76
6.032604,3.2899999999999996
11.87419,0.99
