predicted_SD,SD
3.415756,0.83
10.235902,19.28
10.235902,15.08
0.52950007,0.3
6.038152,11.17
0.52950007,0.27
3.3416877,2.22
0.52950007,0.33000000000000007
0.52950007,2.91
10.235902,8.01
6.038152,0.96
