predicted_SD,SD
8.712113,1.25
5.6404414,17.61
4.0037427,0.27
11.73911,19.32
11.73911,12.98
5.6404414,7.61
4.0037427,0.0
3.2477908,3.17
19.22489,0.4
8.712113,0.56
3.2477908,1.74
