predicted_SD,SD
13.3737755,8.75
12.768949,35.18
12.768949,26.91
3.1824496,3.9999999999999996
2.2859747,6.9399999999999995
2.2859747,7.17
12.768949,10.71
13.3737755,12.29
10.592557,6.299999999999999
18.101616,2.57
18.101616,0.03
