predicted_SD,SD
2.9646065,1.15
3.7185423,5.04
13.925051,16.91
20.522112,21.08
20.522112,9.28
2.9646065,5.94
3.7488627,1.12
20.522112,3.6
13.165737,11.47
6.6862783,2.63
3.7488627,0.2
