predicted_SD,SD
13.456872,41.41
7.295735,1.19
2.4201722,3.2899999999999996
5.6880836,8.63
2.4201722,5.43
7.1753883,12.92
7.1753883,27.510000000000005
5.6880836,2.28
7.1753883,15.13
3.2456458,2.28
13.72464,0.3
