predicted_SD,SD
10.625513,3.57
4.651422,4.13
6.70474,9.2
12.265382,18.07
2.4266813,11.789999999999997
2.4266813,11.82
11.114631,20.51
6.70474,2.28
4.651422,1.25
3.1255608,2.5
16.45748,0.86
