fold,r,r2,rmse,mae
0.0,0.9269637255457377,0.8579081842973337,0.588029293835075,0.4271498791956645
1.0,0.9101829111151645,0.8245442457509211,0.6594217592132046,0.4689277201892902
2.0,0.9063706728722789,0.8162578866114447,0.6438923386234828,0.4609665989419454
3.0,0.8884899454976127,0.7875858122480232,0.7181913042173257,0.4978210369867215
4.0,0.9026638017154062,0.8144672422644476,0.6959456285845869,0.4821137069207253
