Dataset,num_of_folds,Features,Targets,Model,r_mean,r_std,r2_mean,r2_std,rmse_mean,rmse_std,mae_mean,mae_std,num_of_data,feature_length
,5,2mer_fp,value,NN,0.9078309280587776,0.010353780624681265,0.8216093643888834,0.01959033420930219,0.6583700887462454,0.03231418115903649,0.46217713631881246,0.01810166353656203,3380,512
