fold,r,r2,rmse,mae
0.0,0.947325109932517,0.896109235081272,0.31856664854512917,0.17427636938235092
1.0,0.5126052206390554,0.2185775935485903,0.8766244659141593,0.4504451383022001
2.0,0.7813582206804788,0.6090293887312024,0.6731094995229605,0.22275799258383416
3.0,0.9477362728414493,0.8923566416855078,0.3993428271455997,0.21700413672001437
4.0,0.9466155526994064,0.8943645555748679,0.40089413386442274,0.21226105489036518
