predicted_SD,SD
15.179348479325682,8.75
5.139360265041692,35.18
5.139360265041692,26.91
5.287249523092166,3.9999999999999996
2.1748965932980964,6.9399999999999995
2.1748965932980964,7.17
5.139360265041692,10.71
15.179348479325682,12.29
10.93936008588577,6.299999999999999
17.061436456737272,2.57
17.061436456737272,0.03
