predicted_SD,SD
6.891228240737189,1.25
5.321326550979352,17.61
4.431398890164262,0.27
11.506364522928942,19.32
11.506364522928942,12.98
5.321326550979352,7.61
4.431398890164262,0.0
5.2905495466976955,3.17
10.385217929651157,0.4
6.891228240737189,0.56
5.2905495466976955,1.74
