predicted_SD,SD
10.951486922694215,3.57
4.347304717599459,4.13
5.7433541544469735,9.2
10.979372986882128,18.07
4.71348678311351,11.789999999999997
4.71348678311351,11.82
11.500973082299097,20.51
5.7433541544469735,2.28
4.347304717599459,1.25
5.294546153796466,2.5
12.782686273843378,0.86
