predicted_SD,SD
4.409503265002068,0.17000000000000004
4.409503265002068,2.25
12.88972304115212,15.65
3.170122435683319,6.15
10.43950296272026,17.01
10.43950296272026,15.580000000000002
6.419735735006233,1.61
10.43950296272026,5.22
5.389503297169946,2.76
5.389503297169946,3.2899999999999996
10.43950296272026,0.99
