predicted_SD,SD
3.062231801424873,0.83
7.708469342901093,19.28
7.708469342901093,15.08
4.308469485740547,0.3
5.749768793270547,11.17
4.308469485740547,0.27
5.307094503359271,2.22
4.308469485740547,0.33000000000000007
4.308469485740547,2.91
7.708469342901093,8.01
5.749768793270547,0.96
