predicted_SD,SD
7.11076652226811,41.41
5.789965862757937,1.19
4.686917066348337,3.2899999999999996
4.762361938461849,8.63
4.686917066348337,5.43
6.08323384053152,12.92
6.08323384053152,27.510000000000005
4.762361938461849,2.28
6.08323384053152,15.13
3.6506579330467632,2.28
14.984410658440003,0.3
