predicted_SD,SD
5.893948015832601,1.15
5.385987504793161,5.04
10.984038792836213,16.91
6.869564557241899,21.08
6.869564557241899,9.28
5.893948015832601,5.94
3.2254935100340933,1.12
6.869564557241899,3.6
12.88537076798054,11.47
5.7463542826696274,2.63
3.2254935100340933,0.2
