fold,r,r2,rmse,mae
0.0,-0.01671122699447357,-0.2084025531104141,13.572779157612947,9.159506037307457
1.0,0.6567766696178763,0.3741956753993032,4.859141895121002,4.368900307501348
2.0,-0.3822645907387501,-0.781694612091075,13.578148132991743,10.355482318125688
3.0,0.27350950086448755,0.024880986916484105,6.536951976601414,5.692364468193157
4.0,0.8258437465274487,0.33776823074342677,5.268478382936333,4.381617838094823
5.0,0.6430668093038884,0.3614145189489575,5.2352152544175174,3.6922814750393997
6.0,0.4594614544398844,0.17858634706212762,6.361419050481606,5.462380830639351
