predicted_SD,SD
6.830840249955654,41.40999855995178
7.326176849007607,1.190000025331974
10.702835674285888,3.2900000700354575
13.48642965555191,8.629999809265136
13.486014471054077,5.4299998909235
11.401647800207138,12.919999526143075
4.999036285281181,27.509999012947084
4.959454838931561,2.2800000859797
5.229188464581966,15.130000396966935
4.844997070133686,2.2800000859797
4.833174796402455,0.29999999234452845
