predicted_SD,SD
9.074364689588545,1.2499999809265137
9.29559574306011,17.610000190138816
11.997651276588439,0.270000008251518
12.065457417368886,19.320000446438787
11.957894726991652,12.979999878406522
11.920271648168562,7.610000295937061
6.762660931050777,-1.03143974958253e-09
7.347082086801528,3.1700000469386573
4.161871266067028,0.3999999822117388
3.325470563471317,0.5600000005587935
3.8199270796775813,1.7399999479949473
