predicted_SD,SD
8.64371034786105,0.8300000141374766
8.549287655651568,19.280000454783437
10.800066313147545,15.080000171363352
10.875501541793346,0.30000000371597707
10.875692829489706,11.169999440312385
10.82535948306322,0.26999999948777254
5.076028822362423,2.2200000043585897
7.016304354667663,0.33000000794418155
3.8573750175535677,2.9099998702108856
3.896542098969221,8.010000126212836
3.3895704661309716,0.9599999810382723
