predicted_SD,SD
9.010417500585318,1.1500000335276126
9.557133163213729,5.040000093281269
10.017050490975379,16.91000019788742
10.244524883031843,21.080000399947163
10.029442231357097,9.279999868124722
10.119880585968493,5.940000065863132
5.291890200078487,1.1200000292994081
4.94728294685483,3.5999998903274535
1.88447829965502,11.470000253915785
1.2260645061358808,2.630000036433339
0.9365093891322612,0.20000000247731803
