predicted_SD,SD
9.603281628489494,3.5700001174956557
10.32161937817931,4.130000093579292
11.057735776603222,9.2000002682209
11.202345572710037,18.06999964147806
11.196452677547931,11.789999887645244
10.725631951093673,11.819999969005584
3.6803518298268316,20.510000088214873
5.63386200249195,2.2800000128149986
5.653513419479132,1.2499999962002037
2.6341867687553164,2.4999999924004075
2.3037761478871106,0.8600000183656811
