predicted_SD,SD
8.778914342820643,0.16999999824911355
9.435891318917273,2.249999931454658
9.72352630853653,15.650000483095644
9.72139375925064,6.150000018328428
9.913329365551471,17.010000469088553
9.588442639708518,15.580000293254852
4.396104418858886,1.6100000469386577
4.547805126458406,5.219999964386225
5.19299569517374,2.7600000804662703
2.550633999891579,3.2899999751895663
2.271753816194832,0.9899999852664768
