predicted_SD,SD
7.762105464041232,8.75000028192997
7.880423691868781,35.179999147653575
11.523458377420901,26.91000016748905
11.527625980973243,4.000000049546361
11.535231826603411,6.939999692589044
11.4114106836915,7.169999699294567
5.817605558931827,10.709999426901339
6.86560173690319,12.290000009536742
6.936470743119716,6.299999808073044
4.4347284900397055,2.57000002797693
3.767436479181051,0.02999999940744601
