fold,r,r2,rmse,mae
1.0,0.905782669766343,0.820442244849044,0.3982541251520233,0.22604725527512362
2.0,0.9268388145079617,0.8590301880785238,0.3271780728412732,0.16636825766192256
3.0,0.9578487695563168,0.9174742653405501,0.49362179120733735,0.2668825082690754
4.0,0.8593907360290585,0.7385524371725668,0.5138313796498176,0.2670142861952945
5.0,0.823482067777618,0.6781227159513015,0.6864216101846576,0.2328863323386323
6.0,0.9403567125980666,0.8842707469282429,0.4100581783213044,0.2336193288434614
