fold,r,r2,rmse,mae
0.0,0.783862485260931,0.4095198061779014,0.611260182610047,0.4953666275311827
1.0,0.6367909305769128,0.2752725972680309,0.6966418770010401,0.5193381097502717
2.0,0.7700686696109256,0.5285397201066686,0.9961712523822919,0.6850547528284373
3.0,0.7179986586906907,0.5013880707727854,0.7044395252451047,0.45966246458966864
4.0,0.6467706953784259,0.3984494555632988,0.9362962221870605,0.5369642994051509
5.0,0.7480497184938226,0.5395575787268565,0.7978874234511202,0.5546846514261957
