fold,r,r2,rmse,mae
0.0,0.73484215066618,0.515240478571307,0.6881371567027537,0.4914956683438527
1.0,0.704702534427117,0.453455153819762,0.7331343343518456,0.4991506626675221
2.0,0.5513058915598563,0.25207929220346625,0.9309823381837556,0.58997988984755
3.0,0.7723762412916773,0.5785937554980907,0.7901376425061376,0.545125049993772
4.0,0.7758037153736734,0.5540744305240157,0.8236753276495011,0.5938495099334169
