predicted_SD,SD
4.120538550066773,0.83
7.723750484639537,19.28
7.723750484639537,15.08
4.143411492128689,0.3
5.311815627349707,11.17
4.143411492128689,0.27
4.0380368715727855,2.22
4.143411492128689,0.33000000000000007
4.143411492128689,2.91
7.723750484639537,8.01
5.311815627349707,0.96
