predicted_SD,SD
15.61116922747725,8.75
7.744698791757991,35.18
7.744698791757991,26.91
4.239820911513048,3.9999999999999996
4.302161073068325,6.9399999999999995
4.302161073068325,7.17
7.744698791757991,10.71
15.61116922747725,12.29
10.95683105034093,6.299999999999999
17.070208566183876,2.57
17.070208566183876,0.03
