predicted_SD,SD
4.155310162687658,0.17000000000000004
4.155310162687658,2.25
13.215500924194444,15.65
4.344417850317828,6.15
10.433658103884792,17.01
10.433658103884792,15.580000000000002
5.458727643781919,1.61
10.433658103884792,5.22
6.418315699709006,2.76
6.418315699709006,3.2899999999999996
10.433658103884792,0.99
