predicted_SD,SD
7.441376051544837,1.25
5.146022983648945,17.61
4.302105153693631,0.27
11.898123352492933,19.32
11.898123352492933,12.98
5.146022983648945,7.61
4.302105153693631,0.0
4.812494300532888,3.17
14.839516049994645,0.4
7.441376051544837,0.56
4.812494300532888,1.74
