predicted_SD,SD
5.4581970606318855,1.15
6.431836395197939,5.04
11.003689333463582,16.91
14.856044522664748,21.08
14.856044522664748,9.28
5.4581970606318855,5.94
4.965638326871634,1.12
14.856044522664748,3.6
13.214375372895566,11.47
5.385099774967675,2.63
4.965638326871634,0.2
