predicted_SD,SD
7.186980436297246,41.41
5.700803027008847,1.19
4.4715164451821305,3.2899999999999996
6.283165895772314,8.63
4.4715164451821305,5.43
6.086013494431888,12.92
6.086013494431888,27.510000000000005
6.283165895772314,2.28
6.086013494431888,15.13
3.7079350954639625,2.28
15.114704198009854,0.3
