predicted_SD,SD
10.938069484212475,3.57
4.353707447981476,4.13
5.329850050946489,9.2
10.979957607829009,18.07
4.694667462554035,11.789999999999997
4.694667462554035,11.82
11.87915276468961,20.51
5.329850050946489,2.28
4.353707447981476,1.25
4.761391612505875,2.5
14.83887932896883,0.86
