fold,r,r2,rmse,mae
0.0,-0.04863148610835924,-0.20720102062263912,13.566029672130327,9.160765581899069
1.0,0.69064932963135,0.39092648505307304,4.793747544871616,4.28600550855118
2.0,-0.2699432064080255,-0.5149950264965526,12.52072602639679,9.24463536616051
3.0,0.22010157117519036,-0.06764040998592491,6.840045393640538,5.799755456729404
4.0,0.8536785486062333,0.3472122063140989,5.230777046353392,4.298269994203246
5.0,0.6833877920127055,0.36396850386952495,5.224735798803662,4.38681303509142
6.0,0.27073625963878306,-0.031078521521627822,7.127199519273819,5.817561308113964
