fold,r,r2,rmse,mae
1.0,0.6228485153796637,0.14297744172903326,0.9180509294313046,0.38091220711001916
2.0,0.6870794074441263,0.4394113572614322,0.8060014381302496,0.34393211133073
3.0,0.8000927263915755,0.6144592953147878,0.7557660654083934,0.4270617772656953
4.0,0.6967856456255256,0.4736287938109843,0.8948926211150415,0.47509300584242015
