predicted_SD,SD
7.140487022545838,1.25
8.082191107259806,17.61
8.253403400765201,0.27
12.514127578527196,19.32
11.214649829476974,12.98
6.0729172728098515,7.61
4.508282157465057,0.0
4.578445563483443,3.17
9.375008899286941,0.4
1.2119389247309924,0.56
1.9402152260505547,1.74
