predicted_SD,SD
7.602303370380245,41.41
6.160820461963309,1.19
9.35783870987066,3.2899999999999996
11.086450101338984,8.63
7.852889552107569,5.43
10.533751974918985,12.92
6.803269103993489,27.510000000000005
3.6047757564058682,2.28
6.951259689543732,15.13
3.7973120745322735,2.28
13.009329199193793,0.3
