predicted_SD,SD
4.340262366249562,0.17000000000000004
8.910781114181734,2.25
16.257248868371953,15.65
7.658870092490187,6.15
9.929169047892081,17.01
9.752906850863164,15.580000000000002
7.711599931813982,1.61
10.14672590857854,5.22
3.803309051534221,2.76
2.403346284927804,3.2899999999999996
7.712758887879822,0.99
