predicted_SD,SD
9.55125430288986,3.57
9.400290035729741,4.13
9.46222243398449,9.2
13.826790057606589,18.07
5.264242382679297,11.789999999999997
2.996021280861941,11.82
9.802419620013055,20.51
4.198356190127024,2.28
4.372059916995873,1.25
3.1089324738331614,2.5
9.023730260434277,0.86
