predicted_SD,SD
5.517590878200439,1.15
13.394625305298256,5.04
16.86180819254587,16.91
17.254539046262504,21.08
13.396473699949471,9.28
5.91582851704105,5.94
5.59773594964028,1.12
13.792701571235407,3.6
9.43571254691487,11.47
3.3268842319922203,2.63
2.0552504645906327,0.2
