predicted_SD,SD
5.62899431943367,0.83
9.775767329381852,19.28
12.471572086369095,15.08
3.55514899681837,0.3
8.659314663664588,11.17
1.2259995405285284,0.27
5.961470210335304,2.22
-0.49157906342614116,0.33000000000000007
-2.842735472148853,2.91
7.412691558715789,8.01
2.4264311922703534,0.96
