predicted_SD,SD
10.018529742286262,8.75
14.901327469632786,35.18
14.174447220336766,26.91
6.771460731846071,3.9999999999999996
8.232787288164161,6.9399999999999995
6.790301170938508,7.17
11.345359954428604,10.71
8.06204169621233,12.29
5.7629167817042735,6.299999999999999
12.188616306886813,2.57
8.661306300883753,0.03
