fold,r,r2,rmse,mae
0.0,0.9915961003019068,0.9825994306455275,0.0161756945833987,0.012205230899205482
1.0,0.9855913538323945,0.9709913493006442,0.019222636294748595,0.010892878940653156
2.0,0.9828592056663322,0.9655348323868256,0.02135112624919095,0.010193363858931572
3.0,0.9933798476680791,0.9862173620735687,0.016011384877107585,0.011636155280716518
4.0,0.9937247551258902,0.986818757213569,0.016947419811548556,0.01062393066590371
5.0,0.9915229741862278,0.9829659583612622,0.019883083976959936,0.012464774323052739
6.0,0.9929663527563067,0.9852072072918998,0.016850653664389873,0.011094383451881474
