fold,r,r2,rmse,mae
0.0,0.9137521766478895,0.7129239100956775,0.4262083467478648,0.22595912938914883
1.0,0.8485141316198341,0.6634810049505947,0.4747085214525898,0.21333513924581962
2.0,0.939949194755853,0.8677644788194409,0.5275765887337365,0.2802967291551129
3.0,0.8738974100485911,0.753360629427358,0.4954428725738883,0.20063793665069354
4.0,0.7705725398787764,0.5888556180360773,0.7740595784730278,0.2649074002748023
5.0,0.9193750159662809,0.8411417811804713,0.46866098343552187,0.251126748103628
