fold,r,r2,rmse,mae
0.0,0.8513695071283691,0.7228005161551012,0.5203649583842253,0.2344322610068137
1.0,0.5226201540823815,0.19950180218576707,0.8872598646346956,0.440330712382667
2.0,0.7653291320078076,0.5849915057311368,0.6934931186016269,0.2418569143323794
3.0,0.9472780243683382,0.8929099599890793,0.3983151353968194,0.20341339932818853
4.0,0.9052100958256066,0.8168653119897716,0.5278495747223096,0.2584756270517038
