predicted_SD,SD
5.604426532528615,0.83
9.748773549952332,19.28
12.410239091605224,15.08
3.888716824005211,0.3
8.721255334132156,11.17
1.7642575234246747,0.27
6.040688522895631,2.22
0.11569065830110971,0.33000000000000007
-1.9784952742975068,2.91
7.460807698735342,8.01
2.464105249521354,0.96
