predicted_SD,SD
7.700896453210723,41.41
6.140872945233,1.19
9.318243376283297,3.2899999999999996
10.881922831990893,8.63
7.865168358968254,5.43
10.522555572399655,12.92
6.831283203920314,27.510000000000005
3.5799355534137174,2.28
7.272354933705803,15.13
3.7174481229044534,2.28
12.990327137478317,0.3
