predicted_SD,SD
9.515986690045846,3.57
9.568831199337781,4.13
9.296325480925992,9.2
13.501856098086368,18.07
5.193744813520431,11.789999999999997
2.895907379670212,11.82
9.653505060843782,20.51
4.342322063830044,2.28
4.395050310173738,1.25
3.1334610551593096,2.5
9.792960801247794,0.86
