predicted_SD,SD
3.637792274444454,0.17000000000000004
7.949961873204035,2.25
16.172291624830624,15.65
7.770971101441461,6.15
10.059842149955987,17.01
9.859278163594372,15.580000000000002
7.89452545771322,1.61
10.246443601269082,5.22
3.9340364551066673,2.76
2.5249488580618356,3.2899999999999996
7.7733243752093655,0.99
