predicted_SD,SD
5.397990715036009,1.15
13.35879258657075,5.04
16.38310065315274,16.91
17.29923770297926,21.08
13.330656623794997,9.28
5.924879663022114,5.94
5.578564063350803,1.12
13.935900365139632,3.6
9.466181508938703,11.47
3.407034167950019,2.63
1.9825035143010619,0.2
