predicted_SD,SD
10.02415239414592,8.75
14.912474879038012,35.18
14.25813924882361,26.91
6.88029735974504,3.9999999999999996
8.253425040000227,6.9399999999999995
6.79520685590798,7.17
11.366557037186743,10.71
8.03543909873534,12.29
5.729283255191406,6.299999999999999
12.251614010863761,2.57
8.628443352530056,0.03
