predicted_SD,SD
7.009748877259964,1.25
8.095792047702393,17.61
7.892865630589421,0.27
12.435309219184136,19.32
11.14852585451885,12.98
6.133981879196534,7.61
4.650339301654393,0.0
4.662115900950401,3.17
9.911412836017204,0.4
1.3590264356125816,0.56
1.9600760963467465,1.74
