fold,r,r2,rmse,mae
0.0,0.32283648151517197,-0.981341948054455,2.195806909877527,1.7986758005783638
1.0,0.22296818255845977,-0.2589027347111501,1.7663450865357646,1.4554171688181132
2.0,0.2929608901082009,-0.8885177386793874,2.06428395790651,1.65856687256715
3.0,0.30259242770242895,-0.21178949158663274,1.7153864362196283,1.4134690509597694
4.0,0.16253011440647888,-0.6540137958719816,2.07794751661272,1.7017797064350149
