fold,r,r2,rmse,mae
0.0,0.9042105688632243,0.812434769786795,0.053107685940230395,0.027042975094775924
1.0,0.9146565448035009,0.8320295247671488,0.046255742645771945,0.026362385077621932
2.0,0.9256064481333023,0.850027061239365,0.04453864937111544,0.027233596780417944
3.0,0.9158537742263375,0.833448767500388,0.05565916041411945,0.03345609425234725
4.0,0.9219296866623923,0.8429074337700345,0.05850637978584405,0.0341868549922915
5.0,0.892215448630817,0.7911203533544573,0.06962624181318515,0.04174138628030196
6.0,0.9268809829327809,0.8590984025511106,0.052005541475869464,0.028921164164415328
