Dataset,num_of_folds,Features,Targets,Model,r_mean,r_std,r2_mean,r2_std,rmse_mean,rmse_std,mae_mean,mae_std,num_of_data,feature_length
CO2_Soleimani,5,"Augmented_SMILES,T_K,P_Mpa",exp_CO2_sol_g_g,LSTM,0.9223350518945006,0.020423330883860412,0.845076435513851,0.042061009059959374,0.05211634625620572,0.011180187946608753,0.03055959699539722,0.006836967207264337,2118,103
