predicted_SD,SD
4.207253,1.25
9.427009,17.61
4.770713,0.27
15.201585,19.32
11.558512,12.98
6.6199875,7.61
1.1316767,0.0
-0.9666343,3.17
16.650547,0.4
-4.9151664,0.56
-6.580402,1.74
