predicted_SD,SD
4.2832947,1.15
9.077586,5.04
12.444016,16.91
18.92572,21.08
19.847956,9.28
6.4622035,5.94
4.8576345,1.12
14.88876,3.6
8.737825,11.47
2.7267008,2.63
1.4014678,0.2
