predicted_SD,SD
4.712797,1.15
11.013821,5.04
17.864529,16.91
24.40621,21.08
21.296555,9.28
5.8490806,5.94
2.3559341,1.12
16.521547,3.6
8.506987,11.47
1.8757231,2.63
-5.0550985,0.2
