predicted_SD,SD
4.3718295,0.83
6.8299327,19.28
7.7809463,15.08
9.457845,0.3
9.8647585,11.17
8.083339,0.27
4.60198,2.22
2.0618958,0.33000000000000007
1.7076459,2.91
4.268739,8.01
3.2717083,0.96
