predicted_SD,SD
13.526441,3.57
10.666746,4.13
10.596073,9.2
18.066948,18.07
7.166293,11.789999999999997
4.350149,11.82
10.859839,20.51
1.6344693,2.28
2.347641,1.25
-2.0776494,2.5
8.445377,0.86
