predicted_SD,SD
4.210705,0.17000000000000004
7.8650265,2.25
13.986703,15.65
6.389762,6.15
12.430669,17.01
9.085002,15.580000000000002
7.2453623,1.61
10.535073,5.22
2.892302,2.76
3.4391575,3.2899999999999996
7.420603,0.99
