predicted_SD,SD
12.676904,8.75
13.136958,35.18
12.772167,26.91
5.455405,3.9999999999999996
7.3970866,6.9399999999999995
4.9907994,7.17
11.481802,10.71
10.153597,12.29
7.3095818,6.299999999999999
16.941984,2.57
16.941984,0.03
