predicted_SD,SD
15.244538,8.75
14.179543,35.18
11.959495,26.91
6.067932,3.9999999999999996
6.938642,6.9399999999999995
4.1999407,7.17
10.866815,10.71
11.409824,12.29
7.0894113,6.299999999999999
15.663644,2.57
14.118351,0.03
