predicted_SD,SD
5.9425845,1.25
6.7688556,17.61
8.5755625,0.27
11.787074,19.32
10.978654,12.98
5.912565,7.61
4.894978,0.0
2.3087885,3.17
15.513194,0.4
3.0535147,0.56
0.9953572,1.74
