predicted_SD,SD
10.42609,3.57
7.858422,4.13
8.586305,9.2
14.188785,18.07
6.714454,11.789999999999997
4.9383793,11.82
9.059714,20.51
3.3866482,2.28
2.4264061,1.25
2.1998057,2.5
13.498937,0.86
