predicted_SD,SD
4.5340776,0.83
13.754258,19.28
12.112811,15.08
4.890179,0.3
12.364383,11.17
1.3113326,0.27
4.3156037,2.22
-3.7107453,0.33000000000000007
-2.2774544,2.91
2.212358,8.01
-4.9020867,0.96
