predicted_SD,SD
1.6775047,0.17000000000000004
8.119608,2.25
17.277727,15.65
5.9105706,6.15
14.052026,17.01
9.212143,15.580000000000002
7.2553954,1.61
11.883059,5.22
3.3651264,2.76
-0.09351722,3.2899999999999996
1.4413115,0.99
