predicted_SD,SD
7.642769,41.41
3.068502,1.19
8.672473,3.2899999999999996
8.411545,8.63
8.543792,5.43
8.430179,12.92
6.7217727,27.510000000000005
2.700859,2.28
5.3456836,15.13
2.2474313,2.28
12.7008915,0.3
