predicted_SD,SD
10.176132,41.41
4.380046,1.19
12.437303,3.2899999999999996
10.347191,8.63
12.195035,5.43
8.748443,12.92
6.4511228,27.510000000000005
3.831757,2.28
4.081157,15.13
0.5094851,2.28
9.609945,0.3
