fold,r,r2,rmse,mae
0.0,0.10303683376473223,-0.12375302478727512,13.088756929591938,8.388830673911356
1.0,0.7549746474261616,0.48139188890583806,4.42343809533322,3.663237944516269
2.0,0.11947821103509211,-0.060409415279099266,10.475160757332825,7.2182932767001065
3.0,0.36685494930305795,0.08096157323545217,6.3461936098774725,4.882641839981079
4.0,0.376272363919015,0.1391425790496963,6.006836493494153,4.812415885058317
5.0,0.7109195837284832,0.3370529126873798,5.334140570554801,3.9943673393943087
6.0,0.3340594293664069,0.0182248230230434,6.954710718579824,5.379867208003998
