Dataset,num_of_folds,Features,Targets,Model,r_mean,r_std,r2_mean,r2_std,rmse_mean,rmse_std,mae_mean,mae_std,num_of_data,feature_length
Swelling_Xu,7,PS_ohe,SD,BRT,0.553304208421402,0.2443733866107219,0.2176517582378969,0.23928173786009976,7.105588355942196,2.9455658140218386,5.387861777269221,1.8967309649640867,77,18
