predicted_SD,SD
6.24584700184995,1.25
6.072496835899795,17.61
13.234878365731927,0.27
10.621400934300953,19.32
11.6352391004954,12.98
6.994817006254336,7.61
4.556582755436255,0.0
8.376967714280521,3.17
5.119185168742573,0.4
8.81078053271361,0.56
6.959471859129852,1.74
