predicted_SD,SD
4.892497047938721,41.41
4.759140432830096,1.19
7.111378212991903,3.2899999999999996
6.80258891519889,8.63
8.205685970092938,5.43
15.18961722913439,12.92
16.504898934090345,27.510000000000005
5.653129657608512,2.28
7.651279086894785,15.13
8.614315925029793,2.28
9.286133935196858,0.3
