predicted_SD,SD
9.21687328720799,3.57
7.690881712977416,4.13
12.342552856241321,9.2
15.896629327379728,18.07
3.487540193357794,11.789999999999997
6.350785792505545,11.82
8.63871631992443,20.51
7.091248739818261,2.28
7.411829853059534,1.25
6.885268015026502,2.5
4.124776228309244,0.86
