predicted_SD,SD
5.639723475686352,1.15
5.859842680256918,5.04
16.672639952577253,16.91
13.43616138891128,21.08
9.068082710031065,9.28
7.492017913603867,5.94
5.823188486158886,1.12
5.969537727118316,3.6
5.81807259866372,11.47
5.781893665614359,2.63
9.87126115707463,0.2
