predicted_SD,SD
6.680997310572313,0.17000000000000004
19.54816729270871,2.25
11.49621619707741,15.65
8.262574110144007,6.15
10.701719329628244,17.01
10.740159361839394,15.580000000000002
5.430848919100664,1.61
8.269493350353116,5.22
7.350311545891357,2.76
7.187729402639272,3.2899999999999996
5.785409814329082,0.99
