predicted_SD,SD
15.849812242377554,8.75
11.566453686119521,35.18
12.856939964556087,26.91
7.477337063234092,3.9999999999999996
8.135836078203337,6.9399999999999995
7.323643734655468,7.17
10.434209390263113,10.71
9.216634061266976,12.29
6.74222815337856,6.299999999999999
4.868387624379293,2.57
4.558843135388307,0.03
