predicted_SD,SD
4.5966349397359565,0.83
9.363334632520074,19.28
10.300714733542646,15.08
6.5041012868535875,0.3
8.607393124560094,11.17
4.780461421966667,0.27
6.075601046934229,2.22
9.258840446573828,0.33000000000000007
3.976316433208996,2.91
5.474278017401811,8.01
6.953325007295246,0.96
