fold,r,r2,rmse,mae
0.0,0.20003098595324575,-0.005615097797241786,12.381659544986206,7.996194307160161
1.0,0.29213706899127945,-0.2281517359099401,6.807165578634522,5.579766987017589
2.0,0.6067899794227288,0.24924619652011348,8.813992560073464,5.4738046299464465
3.0,0.4436990308485198,0.19106288701576457,5.953931894827452,5.344523550861162
4.0,0.6388110065807895,0.26505971585397403,5.550169202645647,4.9199600067767175
5.0,0.7460593943989867,0.4812331862730762,4.718577754993834,3.682046223211819
6.0,0.24645499670769852,-0.05084183967709577,7.195181019853008,6.1917963200849275
