Dataset,num_of_folds,Features,Targets,Model,r_mean,r_std,r2_mean,r2_std,rmse_mean,rmse_std,mae_mean,mae_std,num_of_data
Swelling_Xu,7,PS_BigSMILES,SD,SVM,0.49754124132382277,0.18967728754606286,0.2835247602288823,0.17222174999380158,7.190839994096653,2.74886900855603,5.679588091256091,1.4444202542032056,77
