predicted_SD,SD
10.680046241879463,0.8300000141374766
13.33278328925371,19.280000454783437
10.319793506264686,15.080000171363352
11.713820488154887,0.30000000371597707
11.712192691564558,11.169999440312385
10.022491700351237,0.26999999948777254
8.964339996874331,2.2200000043585897
9.771449429988861,0.33000000794418155
5.60219956934452,2.9099998702108856
5.602456882148981,8.010000126212836
1.5860377148911355,0.9599999810382723
