predicted_SD,SD
7.441098176091908,8.75000028192997
7.382822070866823,35.179999147653575
7.458106737583875,26.91000016748905
7.458286918252706,4.000000049546361
7.365895577967167,6.939999692589044
7.46083783224225,7.169999699294567
7.417466740906238,10.709999426901339
7.452238524705171,12.290000009536742
7.452660591751337,6.299999808073044
7.180500159710645,2.57000002797693
0.7833397000096738,0.02999999940744601
