predicted_SD,SD
12.57310383915901,1.2499999809265137
14.980063368082044,17.610000190138816
12.473452255725858,0.270000008251518
13.231709966659544,19.320000446438787
12.43519036889076,12.979999878406522
12.431810112595556,7.610000295937061
11.81253754019737,-1.03143974958253e-09
12.333945465087888,3.1700000469386573
8.81685353398323,0.3999999822117388
1.0719542913883924,0.5600000005587935
1.0786247789114713,1.7399999479949473
