predicted_SD,SD
8.222767247855662,41.40999855995178
8.22788575977087,1.190000025331974
12.379567704796791,3.2900000700354575
7.508808751106262,8.629999809265136
9.637037147879601,5.4299998909235
5.903396715223789,12.919999526143075
4.758460458815097,27.509999012947084
4.76073715865612,2.2800000859797
5.404394225776196,15.130000396966935
3.716373842507601,2.2800000859797
1.2595725230872632,0.29999999234452845
