predicted_SD,SD
7.760025364607572,3.5700001174956557
10.9385586053133,4.130000093579292
7.352360430806875,9.2000002682209
8.67278916299343,18.06999964147806
8.682362803667782,11.789999887645244
6.782263241112232,11.819999969005584
5.76610350638628,20.510000088214873
6.48101782336831,2.2800000128149986
6.481228239834308,1.2499999962002037
3.7174132039397954,2.4999999924004075
0.41843805631622666,0.8600000183656811
