predicted_SD,SD
10.551503378152846,1.1500000335276126
14.822461524009704,5.040000093281269
10.160521816760301,16.91000019788742
11.85189935207367,21.080000399947163
9.90760369285941,9.279999868124722
9.907814726382494,5.940000065863132
8.863401181846857,1.1200000292994081
9.671704003363846,3.5999998903274535
4.375699883699417,11.470000253915785
4.375727034211159,2.630000036433339
1.6816925158351659,0.20000000247731803
