predicted_SD,SD
8.587378589510918,0.16999999824911355
12.838358895182608,2.249999931454658
8.201794426441191,15.650000483095644
8.201504409611225,6.150000018328428
9.763228378444909,17.010000469088553
7.884108139723539,15.580000293254852
7.000781049579381,1.6100000469386577
7.002790804505348,5.219999964386225
7.652395799607038,2.7600000804662703
4.519451353400945,3.2899999751895663
0.5882574111036956,0.9899999852664768
