fold,r,r2,rmse,mae
0.0,0.07887303449086304,-0.1467831726922062,13.222196461213557,9.001213081145488
1.0,0.27480297364846096,0.006708614874203267,6.121793112640773,5.195024887397885
2.0,0.3473632475438813,-0.07391851809969707,10.54167368583219,6.1254352987639145
3.0,0.3098949366966469,0.05663121326946763,6.429648483261365,5.111265972383659
4.0,0.38823868741100404,-0.1469250369572832,6.933423345748818,5.8343223260487
5.0,0.30912355285739174,-0.023774108519454717,6.628680722533148,5.808526166958566
6.0,0.4873476263421376,-0.18046759675859914,7.626057724053017,6.198006245889064
