fold,r,r2,rmse,mae
0.0,0.8821085816553292,0.7578365872816983,0.05850196483774034,0.048301282694043046
1.0,0.8910168827664252,0.7822558121137292,0.05352819598025116,0.04346950744397989
2.0,0.9342671723189883,0.8679855735793176,0.04865298071935399,0.03787137503852701
3.0,0.876711198453324,0.7658853219052749,0.07319408474733258,0.04690542732775206
4.0,0.948142631762695,0.8746841461160465,0.05109567604468557,0.04495880277979013
