Dataset,num_of_folds,Features,Targets,Model,r_mean,r_std,r2_mean,r2_std,rmse_mean,rmse_std,mae_mean,mae_std,num_of_data
CO2_Soleimani,7,"Polymer_SELFIES,T_K,P_Mpa",exp_CO2_sol_g_g,SVM,0.9018709308878534,0.024370891153205135,0.8139651163161244,0.044109028811000574,0.06225971251640033,0.006053429629189574,0.04651678648341887,0.0034213091283939135,515
