fold,r,r2,rmse,mae
0.0,0.8101015355687351,0.6522486488975845,0.5828358338904027,0.3303274857853839
1.0,0.2336616656593258,-0.01837395726364499,1.0007470164735475,0.5140627026295124
2.0,0.677104457207967,0.45285343526688715,0.7962794497561296,0.30311658914017564
3.0,0.8035312352393591,0.5545015979459226,0.8124101574535856,0.5444712424604158
4.0,0.7903782744672814,0.5514381187518744,0.8261065150445017,0.42204158613318316
