fold,r,r2,rmse,mae
0.0,0.8337376284554415,0.5119402234883672,0.5557250077907772,0.37822252628274106
1.0,0.778682140023782,0.5820905405488717,0.5290093291287692,0.27400775549141815
2.0,0.7965030432648849,0.5788930963439629,0.9414724773125019,0.46325634732500753
3.0,0.7411704913591962,0.4807598957875098,0.7188636001743638,0.3329743569184833
4.0,0.5965031667039679,0.3332452708443253,0.9857351775696258,0.46677881786279496
5.0,0.8732404617897959,0.7394984370211994,0.6001490413659911,0.31830732996410643
