fold,r,r2,rmse,mae
0.0,0.9744755638684576,0.9496026245767484,0.028914360066784477,0.017548826922527974
1.0,0.9661492564603855,0.9334443857589558,0.029527521193369526,0.019048121272372653
2.0,0.9671457489989626,0.9353708998067642,0.031027103281626757,0.01711033825111777
3.0,0.9623414424031032,0.926101051766485,0.043582846829187186,0.028075965683296254
4.0,0.9753948604565211,0.9513951338049963,0.03467583116144802,0.021552744998650196
5.0,0.9663907872337554,0.9339111536502774,0.03965735463847349,0.023390275788507487
6.0,0.9790227296835656,0.95848550523706,0.02877338789689214,0.018588766915574567
