Dataset,num_of_folds,Features,Targets,Model,r_mean,r_std,r2_mean,r2_std,rmse_mean,rmse_std,mae_mean,mae_std,num_of_data,feature_length
CO2_Soleimani,7,"Polymer_SELFIES,T_K,P_Mpa",exp_CO2_sol_g_g,NN,0.9701314841578215,0.00567045880587886,0.9411872506573268,0.01101016340054373,0.03373691500968308,0.005422588414764106,0.02075929140457813,0.0036321302490146695,515,95
