fold,r,r2,rmse,mae
0.0,0.7880794781104272,0.16760546766100337,0.7257516663701518,0.29912824724772896
1.0,0.8483831659944127,0.6773566788102351,0.46481867663555204,0.21687714275784403
2.0,0.8911061442581502,0.7895262558872137,0.665595552351681,0.30312019698691534
3.0,0.8612430075721745,0.7311009615112916,0.5173173021328251,0.2530800188413105
4.0,0.6305321783642731,0.3848225486641319,0.9468417669504487,0.3087888739056918
5.0,0.760856748246086,0.4727090275835849,0.8538451542133967,0.3547915289207132
