fold,r,r2,rmse,mae
0.0,0.9841743684844558,0.9332453554152011,0.03168268322276552,0.018415234275491882
1.0,0.9847674108602413,0.9676966196419161,0.020284913873286556,0.01363501130156754
2.0,0.983969476021026,0.9651954577023393,0.02145598987548096,0.013819919645685606
3.0,0.9953973295234142,0.9890115966734656,0.014296509638177081,0.01041652681143794
4.0,0.9785798852678915,0.9060493848341756,0.045245482393997546,0.027389156636947843
5.0,0.9736680996839882,0.9351214221285019,0.03880391573577003,0.021095131861236047
6.0,0.9677170074404275,0.9230013400828443,0.0384444141843442,0.02416940529016676
