fold,r,r2,rmse,mae
0.0,0.9893333417127914,0.9716279014788783,0.02065508282211901,0.012358111616289417
1.0,0.9696237931759325,0.9377903710431245,0.028149973353294198,0.01722792389295221
2.0,0.9746225559641726,0.9478302556548862,0.026268782603925594,0.017362219072593933
3.0,0.9890277516812584,0.9748754994086293,0.021617797505531444,0.015142334955340614
4.0,0.985865515535961,0.9644598845829915,0.027828181405963454,0.018030451259256838
5.0,0.9828045691217961,0.964255942668191,0.02880227654970704,0.01724657526668544
6.0,0.9875863746472018,0.9695241239192259,0.02418631827703442,0.016220866395388923
