Dataset,num_of_folds,Features,Targets,Model,r_mean,r_std,r2_mean,r2_std,rmse_mean,rmse_std,mae_mean,mae_std,num_of_data,feature_length
CO2_Soleimani,7,"3mer_fp,T_K,P_Mpa",exp_CO2_sol_g_g,NN,0.981181939611635,0.008247863618212038,0.945617310925492,0.026976697926963576,0.030030558417688837,0.010677408057175982,0.018420055117504802,0.005716770121129527,515,514
