fold,r,r2,rmse,mae
0.0,0.8530454751218998,0.7274140256371965,0.8144532922728075,0.5690714045504847
1.0,0.8319480280484005,0.6905538352311026,0.8757336108456907,0.6069594958291252
2.0,0.8677064435801584,0.7522030251171097,0.7477508293981024,0.5179059280003316
3.0,0.8417679348872932,0.7084443590267578,0.8414127816243149,0.5737547755111604
4.0,0.8584985674043369,0.735126009291275,0.8315429155387735,0.5708462599367785
