fold,r,r2,rmse,mae
0.0,0.48685970572266907,0.04815936908256413,0.11598406025435332,0.08032815278456314
1.0,0.34615442387180934,-0.12337899678042907,0.1215828924803061,0.08354909671653486
2.0,0.6610502302046233,0.42740022228525776,0.10132680372986737,0.07031994465642351
3.0,0.7481047630900974,0.45306816926915716,0.11187376722344773,0.07529157133546699
4.0,0.750142984660899,0.5569782014529168,0.0960713047142481,0.06680382682457965
