Dataset,num_of_folds,Features,Targets,Model,r_mean,r_std,r2_mean,r2_std,rmse_mean,rmse_std,mae_mean,mae_std,num_of_data,feature_length
CO2_Soleimani,5,"Augmented_SMILES,T_K,P_Mpa",exp_CO2_sol_g_g,SVM,0.5984624215100196,0.1583865835680814,0.27244539306189336,0.2625169227237921,0.10936776568044453,0.009388478723149778,0.07525851846351363,0.00616939696191634,2118,107
