fold,r,r2,rmse,mae
0.0,0.8957902826352698,0.8003833972567161,0.696967874137456,0.4549738924477821
1.0,0.8825372081677471,0.7771919916800423,0.7430958987019496,0.484864749059205
2.0,0.8821215311902239,0.7766494959105055,0.709908492880294,0.46609646579766195
3.0,0.8967381326039341,0.8033618764288689,0.6910066730067287,0.44066629072723773
4.0,0.8976432042219611,0.8033277755785568,0.7165335422700068,0.46289623950027714
