predicted_SD,SD
10.848847778055278,3.57
3.719968607781107,4.13
6.312064386724387,9.2
11.800276588411583,18.07
3.3029847619047623,11.789999999999997
3.3029847619047623,11.82
11.775786162448664,20.51
6.312064386724387,2.28
3.719968607781107,1.25
3.3861429117451176,2.5
18.939077571415513,0.86
