predicted_SD,SD
10.851127482199173,3.57
3.504144107635389,4.13
5.9534345620226,9.2
13.306020168595799,18.07
3.6684969233405913,11.789999999999997
3.6684969233405913,11.82
11.620567728585545,20.51
5.9534345620226,2.28
3.504144107635389,1.25
3.3069935330255897,2.5
16.69744623091671,0.86
