predicted_SD,SD
3.1383408891108884,1.15
5.194024007659009,5.04
12.881209036796536,16.91
19.176048537018545,21.08
19.176048537018545,9.28
3.1383408891108884,5.94
3.969547759740259,1.12
19.176048537018545,3.6
12.760215262237763,11.47
6.046713895548896,2.63
3.969547759740259,0.2
