predicted_SD,SD
6.678082364710807,1.25
4.3887869070703,17.61
4.607783015126249,0.27
11.801432175242137,19.32
11.801432175242137,12.98
4.3887869070703,7.61
4.607783015126249,0.0
3.489837181462435,3.17
15.85540036925331,0.4
6.678082364710807,0.56
3.489837181462435,1.74
