predicted_SD,SD
0.6206518506493508,0.17000000000000004
0.6206518506493508,2.25
12.145698439338434,15.65
2.9953223101898105,6.15
9.66957357142857,17.01
9.66957357142857,15.580000000000002
6.852100824453324,1.61
9.66957357142857,5.22
6.077900645743144,2.76
6.077900645743144,3.2899999999999996
9.66957357142857,0.99
