predicted_SD,SD
4.235674578090705,0.17000000000000004
4.235674578090705,2.25
12.323466176722047,15.65
3.0073098172320067,6.15
10.055721043406558,17.01
10.055721043406558,15.580000000000002
6.549941519441589,1.61
10.055721043406558,5.22
6.005949279166125,2.76
6.005949279166125,3.2899999999999996
10.055721043406558,0.99
