predicted_SD,SD
3.0188104127150046,1.15
5.226090569248434,5.04
13.484799923145479,16.91
15.477242133118516,21.08
15.477242133118516,9.28
3.0188104127150046,5.94
3.936015435265114,1.12
15.477242133118516,3.6
13.049307613832047,11.47
6.104139789586231,2.63
3.936015435265114,0.2
