predicted_SD,SD
6.8185533424908416,1.25
4.240594983349985,17.61
1.0659792857142856,0.27
11.480351428571426,19.32
11.480351428571426,12.98
4.240594983349985,7.61
1.0659792857142856,0.0
3.5274040395715396,3.17
18.025315734314706,0.4
6.8185533424908416,0.56
3.5274040395715396,1.74
