predicted_SD,SD
13.066359331363081,41.41
6.5011706064768555,1.19
2.9591134632034644,3.2899999999999996
5.350007197802199,8.63
2.9591134632034644,5.43
8.711656031746031,12.92
8.711656031746031,27.510000000000005
5.350007197802199,2.28
8.711656031746031,15.13
3.4288099819624827,2.28
14.373724657287157,0.3
