predicted_SD,SD
13.494110045093793,8.75
12.782077535797532,35.18
12.782077535797532,26.91
3.2073071592296576,3.9999999999999996
2.2791160986235988,6.9399999999999995
2.2791160986235988,7.17
12.782077535797532,10.71
13.494110045093793,12.29
10.636521573287824,6.299999999999999
17.767247222222224,2.57
17.767247222222224,0.03
