predicted_SD,SD
3.6675122267325193,0.83
8.042760179716888,19.28
8.042760179716888,15.08
6.756179814494894,0.3
5.967390138956854,11.17
6.756179814494894,0.27
3.406962370032757,2.22
6.756179814494894,0.33000000000000007
6.756179814494894,2.91
8.042760179716888,8.01
5.967390138956854,0.96
