predicted_SD,SD
11.667248446722125,41.41
6.625741951387105,1.19
2.825821910477723,3.2899999999999996
5.3706321780893695,8.63
2.825821910477723,5.43
7.2979479650996915,12.92
7.2979479650996915,27.510000000000005
5.3706321780893695,2.28
7.2979479650996915,15.13
3.4296993359615966,2.28
14.516396093881525,0.3
