predicted_SD,SD
3.778296475468975,0.83
8.096191360028858,19.28
8.096191360028858,15.08
1.0140531746031747,0.3
5.651587115939614,11.17
1.0140531746031747,0.27
3.4402753513153512,2.22
1.0140531746031747,0.33000000000000007
1.0140531746031747,2.91
8.096191360028858,8.01
5.651587115939614,0.96
