predicted_SD,SD
13.525237618631367,8.75
12.705610514730367,35.18
12.705610514730367,26.91
3.198606365578864,3.9999999999999996
2.294899227390257,6.9399999999999995
2.294899227390257,7.17
12.705610514730367,10.71
13.525237618631367,12.29
10.618856713586121,6.299999999999999
16.6324596986347,2.57
16.6324596986347,0.03
