fold,r,r2,rmse,mae
0.0,0.5028870397822368,0.12361957476745722,11.558708197016088,7.950377353883491
1.0,0.6225656104877431,0.38485697856324574,4.817573531697559,4.224261942401034
2.0,0.10221490580270635,-0.17737837997902606,11.037785177338373,8.378329019604134
3.0,0.10307410690438829,-0.39334376386385816,7.814039842698304,6.186548726049648
4.0,0.8042319324064953,0.47591974530141956,4.686828860120979,3.3336806196328923
5.0,0.6565321157318749,0.13601446485952318,6.089452663476929,4.33408074410438
6.0,0.23114423904499865,-0.1804696109339441,7.626064116144593,5.412481476911384
