fold,r,r2,rmse,mae
0.0,0.3762967093525361,0.018300957517985106,12.233540085596431,8.51173647438669
1.0,0.6403799777637649,0.35381656376392157,4.937626237148974,4.527492112727382
2.0,0.13993896731260302,-0.11855783639892037,10.758534859785028,8.180930546638955
3.0,0.21839843041509244,-0.17857001341274126,7.186611627610383,5.786544136570814
4.0,0.5371633619769572,0.18178479358279265,5.856173972262777,5.0687666977298145
5.0,0.7140384966101557,0.4257484079615792,4.964506995307185,3.971273732106362
6.0,0.2266045086733863,-0.092534561479231,7.336529003618061,5.741487938838856
