fold,r,r2,rmse,mae
0.0,0.9372281219910159,0.8783965526508066,0.046647291355475545,0.03596809541825965
1.0,0.9361307091672391,0.8763407046459579,0.04412148473624965,0.033981948908015785
2.0,0.9081236525857499,0.8246885683856838,0.05132169432734488,0.03702012634951128
3.0,0.9725057453524522,0.9457674247435285,0.037130496208587084,0.02978780778250059
4.0,0.9393142489856648,0.8823112583475036,0.052311950680651746,0.03834537909938604
5.0,0.9514484320053287,0.9052541187653986,0.0509767169909981,0.04094908299640851
6.0,0.9572164026136021,0.9162632414325256,0.04864991945947509,0.040514268887113486
