fold,r,r2,rmse,mae
0.0,0.5936703633854433,-0.2563816667967427,0.8916290865488786,0.39620252481052043
1.0,0.772262340645608,0.5696375762940905,0.5368332443931954,0.342804190433114
2.0,0.8702172108342076,0.7402178979420797,0.7394623406953105,0.395665793514998
3.0,0.7326339921591234,0.52943874139468,0.6843376967074585,0.3977645325526215
4.0,0.7369356127953814,0.5428030810483289,0.8162606308131193,0.33102854675344123
5.0,0.7058052701267642,0.24063844469477758,1.024656390726356,0.4163763241936738
