fold,r,r2,rmse,mae
1.0,0.7430610666697589,0.5521397488003998,0.7201619167324618,0.630454433507463
2.0,0.5095209446724149,0.25961159305987014,0.8095556775218107,0.6560940754335798
3.0,0.6913105059009882,0.47791021556908025,1.182171289636433,0.7679686374373337
4.0,0.6968702329489949,0.4856281215703864,0.8328423416714191,0.6364882614629123
5.0,0.5140227239013496,0.2642193606869631,1.0664504993999089,0.6786343100281966
6.0,0.6837185665760932,0.4674710782808676,0.9602338944652897,0.6900582175205007
