fold,r,r2,rmse,mae
0.0,0.9904493903172442,0.9808847646469199,0.016953955296414105,0.010415708938595409
1.0,0.9785938642530432,0.9574563254958739,0.0232791266556276,0.011195518439622548
2.0,0.9505376621012703,0.9009818029906652,0.0361899595877173,0.01654827474347039
3.0,0.9932944350015392,0.9858363143384028,0.016231208753457148,0.0120042881157511
4.0,0.97788231907699,0.9554456693412463,0.0311580571662781,0.016107349298784178
5.0,0.9928761686474555,0.9852518675969555,0.018500923546188066,0.010359543594399546
6.0,0.9918153640420873,0.98265461920565,0.0182466686721095,0.012102137634749079
