fold,r,r2,rmse,mae
0.0,0.9872209741497576,0.9743532997186931,0.01903846528991891,0.009358878076529329
1.0,0.97197734399759,0.9447337845219342,0.026967406657598902,0.012377313934793894
2.0,0.988873022808962,0.9773754695095913,0.020141348479523133,0.013173082184820497
3.0,0.9826160325995684,0.9645061191116037,0.02849957651559961,0.014565745438233158
4.0,0.9925469025524531,0.9849648998747442,0.017698412094935594,0.011365480813576466
