Dataset,num_of_folds,Features,Targets,Model,r_mean,r_std,r2_mean,r2_std,rmse_mean,rmse_std,mae_mean,mae_std,num_of_data,feature_length
CO2_Soleimani,5,"polymer_automated_frag_aug,T_K,P_Mpa",exp_CO2_sol_g_g,BRT,0.9846468552216663,0.007092786247166353,0.9691867145473132,0.013874827587043968,0.02246904180751523,0.004394281614022673,0.012168100089590668,0.001751478728590341,4116,33
