predicted_SD,SD
0.07016669292184675,0.83
0.0007893700462448077,19.28
1.4936019028609024e-12,15.08
0.006583058772112944,0.3
2.6597561791088657,11.17
0.0021205331799875647,0.27
2.8480912953797115,2.22
3.009571704804258e-05,0.33000000000000007
0.03937653939270521,2.91
0.0025026773833894773,8.01
0.4223678664211132,0.96
