predicted_SD,SD
0.6097321240379754,1.15
0.057941430356653285,5.04
3.402676400761795e-07,16.91
1.3820108114825433,21.08
3.7529433766203617,9.28
2.3890013012055586,5.94
2.640660866595763,1.12
3.7524772560833566,3.6
0.0011311570189878376,11.47
0.30948384950754154,2.63
0.2954944862671899,0.2
