predicted_SD,SD
0.05750303157792835,41.41
0.34318253152509154,1.19
0.04373808293726772,3.2899999999999996
2.5115050012592713e-05,8.63
2.0824478736837047,5.43
6.3310300430082735,12.92
2.3290558335879847,27.510000000000005
4.572423398952608,2.28
0.8568117596026118,15.13
0.17773409826456357,2.28
0.020816710534060128,0.3
