predicted_SD,SD
0.006869697057435008,0.17000000000000004
0.05078625246026779,2.25
1.6948068836037555e-08,15.65
2.63986933164424e-11,6.15
0.2990284674741769,17.01
0.8121225893810057,15.580000000000002
3.122135618576171,1.61
2.2073128140562885,5.22
0.877005775463307,2.76
0.09163961591311974,3.2899999999999996
1.2956123926651413,0.99
