predicted_SD,SD
1.4783021689589864,8.75
0.21480941408114174,35.18
0.012850699417353648,26.91
1.4918930223241157e-12,3.9999999999999996
0.14657139083865772,6.9399999999999995
0.39840802114829743,7.17
4.099193061175194,10.71
7.228498485890993,12.29
1.9267101967304519,6.299999999999999
2.2716353927317446e-07,2.57
1.9754318904800284e-06,0.03
