predicted_SD,SD
0.34718960967816054,3.57
0.04007557506550385,4.13
1.49927012341632e-12,9.2
4.688238502695883,18.07
0.29913813379520193,11.789999999999997
0.8126204536122434,11.82
7.934174656933837,20.51
0.6145677516470611,2.28
0.44044419524548306,1.25
0.06152067400833758,2.5
14.509277121721066,0.86
