predicted_SD,SD
0.032827736971937214,1.25
0.1534643256937579,17.61
0.038587862130104844,0.27
2.682778460701389,19.32
7.240978190556451,12.98
3.988124515929394,7.61
0.20081574394008064,0.0
0.8337374171111253,3.17
1.701447590490793,0.4
0.037686585379438114,0.56
0.42749750971854206,1.74
