fold,r,r2,rmse,mae
0.0,0.982972061543026,0.9654923130959497,0.022779234915690217,0.01231055729729737
1.0,0.9781388960660344,0.9565193404370955,0.023534081127280625,0.013223705931820642
2.0,0.9870896684944899,0.9739744148143796,0.01855371335864711,0.011470764915534564
3.0,0.9906667894188944,0.9800749262063906,0.019251416621386585,0.013689014092122198
4.0,0.9701030024754697,0.9381679404654012,0.0367055946442022,0.021997478139180644
5.0,0.9890364996796815,0.9781041711705241,0.022542682233986387,0.013514266539581066
6.0,0.992107419592182,0.9839933530911645,0.017528382803277915,0.011747458267933246
