predicted_SD,SD
0.048418292517549526,8.75
3.7688412219500982e-25,35.18
6.965754596114906e-26,26.91
4.3515557443553925e-11,3.9999999999999996
3.6115722310960186e-111,6.9399999999999995
9.228877396104374e-116,7.17
0.0977572644150037,10.71
2.162112791003935e-31,12.29
6.434565146093037e-138,6.299999999999999
4.529779971892338e-26,2.57
1.3680951801285187e-25,0.03
