predicted_SD,SD
0.012322939392569893,3.57
8.134367120907496e-11,4.13
2.329206585352537e-10,9.2
1.4639476839572505e-29,18.07
1.0552508100286146e-46,11.789999999999997
5.733939756989508e-47,11.82
0.020656268138886314,20.51
4.437386336816325e-81,2.28
1.8567839262566817e-111,1.25
3.9599680998556296e-123,2.5
1.6552237580957313e-26,0.86
