predicted_SD,SD
7.265703523376099e-24,0.17000000000000004
3.5711855652823546e-12,2.25
1.8133147960458516e-32,15.65
5.462591253552514e-11,6.15
2.670547466650866e-121,17.01
1.6087491196281361e-111,15.580000000000002
0.0028092524668885386,1.61
0.008427757400665618,5.22
8.187743697858157e-47,2.76
5.10012895263787e-47,3.2899999999999996
5.285227655262464e-112,0.99
