predicted_SD,SD
0.0026440023217774488,0.83
1.1968385836982146e-73,19.28
5.9587084391880465e-75,15.08
3.700261076230253e-22,0.3
1.776000659788268e-91,11.17
1.767572898487133e-24,0.27
0.002714823812539344,2.22
6.038229955032875e-25,0.33000000000000007
6.852211028648706e-26,2.91
2.8976028811745967e-112,8.01
5.789371267707427e-92,0.96
