predicted_SD,SD
0.025283272201996852,41.41
0.003800753337555083,1.19
5.2906452818910547e-11,3.2899999999999996
6.666213055182729e-11,8.63
3.731530316015076e-127,5.43
2.560035210977481e-30,12.92
5.245932491690669e-35,27.510000000000005
0.0029508954484123305,2.28
9.483697516544782e-31,15.13
2.2949014818902957e-112,2.28
1.5978033513271395e-30,0.3
