predicted_SD,SD
0.0052407903163803,1.15
1.1414567195679952e-10,5.04
1.1695346591909985e-30,16.91
8.068511094009951e-26,21.08
4.713742633978187e-26,9.28
3.855197745591416e-127,5.94
0.001959394577745788,1.12
8.405781152692935e-26,3.6
2.3732268441287876e-31,11.47
7.616382758027079e-81,2.63
1.0455735492899964e-127,0.2
