fold,r,r2,rmse,mae
0.0,0.7244080030996298,-0.7842003732001936,16.49243490462413,10.939815007172042
1.0,-0.141584921997547,-1.0940429831625758,8.888594568005267,6.42443299909766
2.0,-0.04018612081470937,-1.163860302653756,14.963683674120734,10.973074949365811
3.0,0.4364672671847571,-1.392233515653603,10.238781322301325,7.81336552655948
4.0,-0.2944272477474833,-0.7423421021797587,8.545685628642385,5.577694652169608
5.0,-0.3847453493668977,-1.1841467038859776,9.682018893722423,7.128436346817429
6.0,-0.22705644249662996,-0.6996000425636579,9.15053345596151,5.875910808030221
