fold,r,r2,rmse,mae
0.0,0.8609741787706195,0.7408200560532361,0.062428357239525736,0.03889933558711649
1.0,0.846968836430728,0.7056348481779819,0.061233964787112766,0.040931771853518664
2.0,0.8651586827699876,0.7284797840322579,0.05992826125281778,0.04071425382604168
3.0,0.8448097473326159,0.7072801077562018,0.0737885275076681,0.04940780651264186
4.0,0.8704053780517919,0.7562292153269226,0.07288132111812215,0.048566721676121624
5.0,0.8495377723513026,0.717678196681137,0.08094631853934116,0.0538459789987998
6.0,0.8661862850839478,0.7494391090609283,0.06935029398409225,0.04278302996943847
