predicted_SD,SD
12.652545221447944,41.40999855995178
8.78812901109457,1.190000025331974
5.764491813778878,3.2900000700354575
7.76656545728445,8.629999809265136
5.764491813778878,5.4299998909235
14.532575067281723,12.919999526143075
14.532575067281723,27.509999012947084
7.76656545728445,2.2800000859797
14.532575067281723,15.130000396966935
7.571385757029057,2.2800000859797
14.09461308658123,0.29999999234452845
