predicted_SD,SD
14.515264590680598,3.5700001174956557
2.857539836540818,4.130000093579292
2.1477193257957694,9.2000002682209
10.190475618839264,18.06999964147806
4.326252322718501,11.789999887645244
4.326252322718501,11.819999969005584
9.24564212962985,20.510000088214873
2.1477193257957694,2.2800000128149986
2.857539836540818,1.2499999962002037
4.139388000071048,2.4999999924004075
20.72459526479244,0.8600000183656811
