predicted_SD,SD
3.8933787558227775,0.8300000141374766
17.612042087018487,19.280000454783437
17.612042087018487,15.080000171363352
6.080972927510738,0.30000000371597707
2.845692340508103,11.169999440312385
6.080972927510738,0.26999999948777254
1.8153526339679955,2.2200000043585897
6.080972927510738,0.33000000794418155
6.080972927510738,2.9099998702108856
17.612042087018487,8.010000126212836
2.845692340508103,0.9599999810382723
