predicted_SD,SD
9.23495038151741,0.8300000141374766
18.458550615012644,19.280000454783437
18.458550615012644,15.080000171363352
8.860526312887668,0.30000000371597707
6.202229581177234,11.169999440312385
8.860526312887668,0.26999999948777254
5.625369445830583,2.2200000043585897
8.860526312887668,0.33000000794418155
8.860526312887668,2.9099998702108856
18.458550615012644,8.010000126212836
6.202229581177234,0.9599999810382723
