predicted_SD,SD
10.224193830192087,1.2499999809265137
9.163962446153162,17.610000190138816
8.2393920558691,0.270000008251518
15.760926003456113,19.320000446438787
15.760926003456113,12.979999878406522
9.163962446153162,7.610000295937061
8.2393920558691,-1.03143974958253e-09
13.893548364043234,3.1700000469386573
17.550792059898377,0.3999999822117388
10.224193830192087,0.5600000005587935
13.893548364043234,1.7399999479949473
