predicted_SD,SD
11.035377330183982,8.75000028192997
10.291587826907634,35.179999147653575
10.291587826907634,26.91000016748905
2.331538008935749,4.000000049546361
-1.8921375207230446,6.939999692589044
-1.8921375207230446,7.169999699294567
10.291587826907634,10.709999426901339
11.035377330183982,12.290000009536742
10.310844944417475,6.299999808073044
19.6847430062294,2.57000002797693
19.6847430062294,0.02999999940744601
