predicted_SD,SD
11.727965904772281,8.75000028192997
11.748464541137217,35.179999147653575
11.748464541137217,26.91000016748905
2.791127833649516,4.000000049546361
-1.2939036849327383,6.939999692589044
-1.2939036849327383,7.169999699294567
11.748464541137217,10.709999426901339
11.727965904772281,12.290000009536742
8.464359620809555,6.299999808073044
16.858234044909477,2.57000002797693
16.858234044909477,0.02999999940744601
