predicted_SD,SD
0.4981693906523287,1.1500000335276126
3.5101452717185015,5.040000093281269
13.164330407381057,16.91000019788742
16.547906163930893,21.080000399947163
16.547906163930893,9.279999868124722
0.4981693906523287,5.940000065863132
8.244992124736308,1.1200000292994081
16.547906163930893,3.5999998903274535
11.491735472679137,11.470000253915785
6.131105113327503,2.630000036433339
8.244992124736308,0.20000000247731803
