predicted_SD,SD
10.172068805992602,1.1500000335276126
5.553961131721734,5.040000093281269
14.575557238459586,16.91000019788742
18.882231882512567,21.080000399947163
18.882231882512567,9.279999868124722
10.172068805992602,5.940000065863132
8.829052699208258,1.1200000292994081
18.882231882512567,3.5999998903274535
14.832441805303096,11.470000253915785
6.688398985564708,2.630000036433339
8.829052699208258,0.20000000247731803
