predicted_SD,SD
1.0151095503941177,1.2499999809265137
3.0455373083055015,17.610000190138816
3.7366122712194914,0.270000008251518
8.185993625521657,19.320000446438787
8.185993625521657,12.979999878406522
3.0455373083055015,7.610000295937061
3.7366122712194914,-1.03143974958253e-09
2.898733246028423,3.1700000469386573
17.728957834243772,0.3999999822117388
1.0151095503941177,0.5600000005587935
2.898733246028423,1.7399999479949473
