predicted_SD,SD
5.7610518634319305,41.40999855995178
-0.011860279887914658,1.190000025331974
-1.5692415765672922,3.2900000700354575
2.5054843229055406,8.629999809265136
-1.5692415765672922,5.4299998909235
6.699219949245453,12.919999526143075
6.699219949245453,27.509999012947084
2.5054843229055406,2.2800000859797
6.699219949245453,15.130000396966935
-0.1386307328939438,2.2800000859797
11.335783392786979,0.29999999234452845
