predicted_SD,SD
10.72756457388401,0.16999999824911355
10.72756457388401,2.249999931454658
11.754261175394058,15.650000483095644
0.6168441232107579,6.150000018328428
3.76410313680768,17.010000469088553
3.76410313680768,15.580000293254852
1.7575859093666075,1.6100000469386577
3.76410313680768,5.219999964386225
6.543521386682987,2.7600000804662703
6.543521386682987,3.2899999751895663
3.76410313680768,0.9899999852664768
