predicted_SD,SD
14.427098240256308,3.5700001174956557
2.1576119849830864,4.130000093579292
1.2751759252697228,9.2000002682209
15.777246292829512,18.06999964147806
2.40009598210454,11.789999887645244
2.40009598210454,11.819999969005584
11.736020967960357,20.510000088214873
1.2751759252697228,2.2800000128149986
2.1576119849830864,1.2499999962002037
-4.112933528721332,2.4999999924004075
18.983911783099174,0.8600000183656811
