predicted_SD,SD
13.484508987665174,0.16999999824911355
13.484508987665174,2.249999931454658
12.40365822225809,15.650000483095644
1.3408739931136369,6.150000018328428
8.182920501381158,17.010000469088553
8.182920501381158,15.580000293254852
1.4766925769299268,1.6100000469386577
8.182920501381158,5.219999964386225
5.93955887004733,2.7600000804662703
5.93955887004733,3.2899999751895663
8.182920501381158,0.9899999852664768
