fold,r,r2,rmse,mae
0.0,0.3710108649624536,-0.2242250586690473,13.661348879855353,9.452367558795958
1.0,-0.029779820768851377,-0.39493248114897983,7.254657395594241,5.903677042624491
2.0,-0.04056251815651498,-0.5469257467452613,12.651984085485712,9.618936598571544
3.0,-0.02307750355181519,-0.8087199129111364,8.902913192212361,6.965016967867585
4.0,0.72599181295313,-0.10815198351368904,6.815219782603173,6.209179582776162
5.0,0.571753530205824,0.12061686303235863,6.143475023325257,4.982719749903136
6.0,0.22468317274459879,-0.7647022520987443,9.324139727026342,8.292278277862772
