predicted_SD,SD
13.840900000000005,8.75
6.692099999999997,35.18
7.338999999999999,26.91
7.6686,3.9999999999999996
10.934999999999997,6.9399999999999995
7.858999999999995,7.17
5.308700000000001,10.71
13.652300000000006,12.29
9.807399999999985,6.299999999999999
15.373400000000007,2.57
14.649700000000001,0.03
