predicted_SD,SD
1.2717000000000005,0.83
5.926699999999994,19.28
8.2259,15.08
10.732500000000002,0.3
11.4083,11.17
7.5508999999999915,0.27
2.1788000000000016,2.22
1.0657000000000005,0.33000000000000007
1.1726000000000005,2.91
5.532799999999999,8.01
1.422700000000001,0.96
