predicted_SD,SD
2.151800000000001,1.15
8.447699999999987,5.04
12.534000000000002,16.91
19.168000000000003,21.08
18.957300000000004,9.28
8.551199999999985,5.94
2.5911000000000017,1.12
17.302899999999998,3.6
12.385799999999989,11.47
3.6565999999999996,2.63
0.9420000000000003,0.2
