predicted_SD,SD
0.4468000000000003,0.17000000000000004
5.496099999999993,2.25
13.240700000000002,15.65
6.384499999999997,6.15
11.779999999999996,17.01
10.14749999999999,15.580000000000002
3.9047999999999985,1.61
9.63349999999999,5.22
4.039199999999998,2.76
3.797499999999997,3.2899999999999996
6.549499999999997,0.99
