predicted_SD,SD
5.615399999999996,41.41
1.6298999999999997,1.19
8.347899999999996,3.2899999999999996
8.629999999999995,8.63
13.101000000000003,5.43
8.438199999999995,12.92
3.1947999999999985,27.510000000000005
2.063699999999999,2.28
3.8987999999999974,15.13
2.248399999999999,2.28
12.6009,0.3
