predicted_SD,SD
2.872600000000001,1.25
4.7465999999999955,17.61
6.862600000000004,0.27
12.163699999999997,19.32
12.024099999999995,12.98
7.291499999999995,7.61
1.4118999999999993,0.0
2.1084000000000014,3.17
13.98839999999999,0.4
2.189300000000002,0.56
0.9293999999999996,1.74
