predicted_SD,SD
10.02709999999999,3.57
7.898899999999991,4.13
7.241999999999991,9.2
14.872000000000003,18.07
7.839799999999994,11.789999999999997
6.567999999999993,11.82
11.685199999999991,20.51
4.077899999999998,2.28
2.9772000000000016,1.25
2.878800000000002,2.5
13.792800000000002,0.86
