fold,r,r2,rmse,mae
0.0,-0.16079012365990755,-0.3445222154166738,14.316832926060403,9.230945454545456
1.0,0.871600333966941,0.6846315588156027,3.449446528331492,2.80760909090909
2.0,-0.5213839988542459,-0.46837567625458143,12.326577197886467,9.017863636363638
3.0,0.5037679127005038,0.24355093993906285,5.757531543591798,4.567790909090911
4.0,0.41402819104785876,0.1382772922833756,6.009854606923836,4.005000000000001
5.0,0.7292509802769571,0.30468161644475245,5.4628198519212985,3.713127272727269
6.0,0.44862620113837387,0.16064534627886973,6.430515626222434,4.364645454545455
