fold,r,r2,rmse,mae
0.0,0.7473982673050219,0.5577638981820453,0.07905753812851139,0.0547450930943642
1.0,0.7538383205976664,0.5680934317124237,0.07538834772135942,0.05208487169963887
2.0,0.763388369928199,0.5768384777985426,0.0871067568039659,0.06004645043043613
3.0,0.7817973884701617,0.5938447616076703,0.09640680577102682,0.06537474678643049
4.0,0.8367991202618443,0.6984929783115401,0.07925558062155066,0.054873548446565376
