Dataset,num_of_folds,Features,Targets,Model,r_mean,r_std,r2_mean,r2_std,rmse_mean,rmse_std,mae_mean,mae_std,num_of_data,feature_length
CO2_Soleimani,5,"3mer_circular_graph_fp,T_K,P_Mpa",exp_CO2_sol_g_g,LSTM,0.7766442933125786,0.03223761631535357,0.5990067095224443,0.05113158341736528,0.08344300580928284,0.007524992414540353,0.057424942091487005,0.004738760441878127,515,93
