predicted_SD,SD
2.909466577172279,1.2499999809265137
3.6814376956224435,17.610000190138816
15.333782956600187,0.270000008251518
14.227725113630292,19.320000446438787
15.953120889663694,12.979999878406522
6.681830136179924,7.610000295937061
0.10831718400120734,-1.03143974958253e-09
1.7945674709975719,3.1700000469386573
3.066448713243007,0.3999999822117388
7.467557824850082,0.5600000005587935
1.362535014748573,1.7399999479949473
