predicted_SD,SD
4.853894133791327,3.5700001174956557
12.97579108327627,4.130000093579292
8.856714134216308,9.2000002682209
15.419681457877157,18.06999964147806
7.552396145462989,11.789999887645244
6.416997533738613,11.819999969005584
6.978039410710334,20.510000088214873
2.3898463553935287,2.2800000128149986
4.549855915680527,1.2499999962002037
1.9460676928982137,2.4999999924004075
0.6479377068579196,0.8600000183656811
