predicted_SD,SD
1.4192306785285471,0.8300000141374766
4.013102331161499,19.280000454783437
6.122812483161687,15.080000171363352
6.814912965595721,0.30000000371597707
9.545912597179411,11.169999440312385
7.881525138765573,0.26999999948777254
1.4352608960121869,2.2200000043585897
3.467405429780483,0.33000000794418155
2.2911812414601442,2.9099998702108856
3.7581759949773548,8.010000126212836
8.076090642362832,0.9599999810382723
