predicted_SD,SD
1.8595610717684028,1.1500000335276126
7.473576358705759,5.040000093281269
23.42590581178665,16.91000019788742
4.557598747983574,21.080000399947163
2.1695875203609463,9.279999868124722
5.27834949940443,5.940000065863132
2.2447694470733404,1.1200000292994081
0.7347152931801975,3.5999998903274535
7.594125864952802,11.470000253915785
1.3124669988825917,2.630000036433339
1.66949576549232,0.20000000247731803
