predicted_SD,SD
0.7042271196655928,0.16999999824911355
17.083436432778832,2.249999931454658
15.066924731731413,15.650000483095644
6.460197700262069,6.150000018328428
6.632451036721467,17.010000469088553
7.762181362062692,15.580000293254852
2.3508042280375956,1.6100000469386577
4.146597695052623,5.219999964386225
0.6188539552688598,2.7600000804662703
0.5699267662409693,3.2899999751895663
2.4401797018200155,0.9899999852664768
