predicted_SD,SD
17.92747549831867,8.75000028192997
7.272389832586049,35.179999147653575
14.689458571672438,26.91000016748905
8.412951977998018,4.000000049546361
13.94532104820013,6.939999692589044
5.52604300096631,7.169999699294567
31.973200373053547,10.709999426901339
10.10812749966979,12.290000009536742
5.206604889184236,6.299999808073044
1.61391666252166,2.57000002797693
2.950797216445207,0.02999999940744601
