predicted_SD,SD
7.91070105433464,41.40999855995178
2.089762889817357,1.190000025331974
2.690138676762581,3.2900000700354575
10.449433687329293,8.629999809265136
6.772989637255669,5.4299998909235
13.74177441239357,12.919999526143075
19.809702138900757,27.509999012947084
7.194278185963631,2.2800000859797
5.614018886685371,15.130000396966935
2.464893485456705,2.2800000859797
6.969409648776054,0.29999999234452845
