predicted_SD,SD
2.781864570081234,41.40999855995178
1.0188071245327592,1.190000025331974
6.6965207257866854,3.2900000700354575
8.58500576198101,8.629999809265136
5.07086058229208,5.4299998909235
9.910832452178001,12.919999526143075
4.879605738520622,27.509999012947084
1.4687814752757549,2.2800000859797
3.4067882715165614,15.130000396966935
1.0132736902311443,2.2800000859797
11.492874109148978,0.29999999234452845
