predicted_SD,SD
18.400553419589993,8.75000028192997
17.351430495381354,35.179999147653575
15.009617406129836,26.91000016748905
5.741923507452011,4.000000049546361
2.967164038568735,6.939999692589044
2.8491959906369444,7.169999699294567
13.819106957912444,10.709999426901339
11.930717287659643,12.290000009536742
5.418354815542697,6.299999808073044
17.942040513753888,2.57000002797693
14.251908329129218,0.02999999940744601
