predicted_SD,SD
8.321941611468791,3.5700001174956557
8.118790992647408,4.130000093579292
10.778629750013351,9.2000002682209
18.42451127797365,18.06999964147806
8.878485142290591,11.789999887645244
6.772964190840721,11.819999969005584
11.669716950058936,20.510000088214873
3.380508365780115,2.2800000128149986
3.215868279635906,1.2499999962002037
3.5294838407635685,2.4999999924004075
3.0073683929443358,0.8600000183656811
