predicted_SD,SD
2.8411995203793046,1.2499999809265137
3.8793316002190106,17.610000190138816
1.8992721737921237,0.270000008251518
15.416916790008543,19.320000446438787
13.27939365506172,12.979999878406522
8.918304385542868,7.610000295937061
2.6756283146142956,-1.03143974958253e-09
2.631974789500236,3.1700000469386573
5.435495973229408,0.3999999822117388
1.6352539323270319,0.5600000005587935
1.6448497720807789,1.7399999479949473
