predicted_SD,SD
1.5805191538482903,1.2499999809265137
3.363836349099874,17.610000190138816
1.4914862120896577,0.270000008251518
16.259621713757515,19.320000446438787
14.359414522051809,12.979999878406522
8.387918001711366,7.610000295937061
1.693134655281901,-1.03143974958253e-09
1.2470724705606697,3.1700000469386573
3.9131279970705504,0.3999999822117388
1.2361000488698481,0.5600000005587935
0.49765259293839326,1.7399999479949473
