predicted_SD,SD
2.471206103377044,1.1500000335276126
16.199607058167455,5.040000093281269
17.90129623442888,16.91000019788742
25.499476781487463,21.080000399947163
16.022485758364198,9.279999868124722
3.9883348938822745,5.940000065863132
2.361773497574031,1.1200000292994081
16.910245786607263,3.5999998903274535
8.009272615909575,11.470000253915785
2.1835094080492854,2.630000036433339
1.1480313128978012,0.20000000247731803
