predicted_SD,SD
1.6100398471206425,0.16999999824911355
6.439338085502386,2.249999931454658
18.375002319812772,15.650000483095644
6.004152405709028,6.150000018328428
9.066412962824105,17.010000469088553
8.65571642756462,15.580000293254852
3.7906828707456586,1.6100000469386577
5.873216594606637,5.219999964386225
3.421960409581661,2.7600000804662703
2.9573935566842553,3.2899999751895663
3.6986827446520327,0.9899999852664768
