predicted_SD,SD
14.762471234202383,8.75000028192997
15.534136908352373,35.179999147653575
14.270696483254431,26.91000016748905
5.0436469006538385,4.000000049546361
3.8461507491767404,6.939999692589044
2.7862089630961417,7.169999699294567
6.759206903129815,10.709999426901339
10.453844221532345,12.290000009536742
8.596000111103058,6.299999808073044
16.75173739671707,2.57000002797693
13.348788515925406,0.02999999940744601
