predicted_SD,SD
8.914942108988761,3.5700001174956557
8.138852135539054,4.130000093579292
11.690199542939663,9.2000002682209
19.702368624806404,18.06999964147806
8.198178471922875,11.789999887645244
5.5858740900456905,11.819999969005584
10.01331174209714,20.510000088214873
3.2828112601488826,2.2800000128149986
2.1455630198121067,1.2499999962002037
3.089731938540935,2.4999999924004075
1.87069956921041,0.8600000183656811
