predicted_SD,SD
3.1084989166259764,41.40999855995178
1.8259541618824005,1.190000025331974
6.612719509303569,3.2900000700354575
9.317210883498191,8.629999809265136
5.953762474060059,5.4299998909235
9.905577642321587,12.919999526143075
6.083680098950863,27.509999012947084
3.1282170349359513,2.2800000859797
4.930326920449733,15.130000396966935
1.8765335415303708,2.2800000859797
11.64154685497284,0.29999999234452845
