predicted_SD,SD
1.0283742254599928,0.16999999824911355
5.511978418827057,2.249999931454658
17.56996002793312,15.650000483095644
6.116211206465959,6.150000018328428
11.97540702998638,17.010000469088553
11.401914175152777,15.580000293254852
3.4283691644668575,1.6100000469386577
8.419875975549221,5.219999964386225
2.0701615750417113,2.7600000804662703
2.1105495039001108,3.2899999751895663
5.577981312870979,0.9899999852664768
