predicted_SD,SD
1.3459613202512264,0.8300000141374766
8.620983518362044,19.280000454783437
13.34933276027441,15.080000171363352
2.8412711264938113,0.30000000371597707
7.722031308710575,11.169999440312385
1.2978808492422103,0.26999999948777254
2.6651108931005,2.2200000043585897
0.38502834890037774,0.33000000794418155
0.28870643211528657,2.9099998702108856
5.31058888092637,8.010000126212836
0.892864710111171,0.9599999810382723
