predicted_SD,SD
2.5098476064205166,1.1500000335276126
16.068879812359807,5.040000093281269
19.409296128153798,16.91000019788742
24.061598020792005,21.080000399947163
15.592788184285162,9.279999868124722
3.7967901932448145,5.940000065863132
1.7005352795124054,1.1200000292994081
14.616274367272853,3.5999998903274535
9.262784592509268,11.470000253915785
1.9739616041630506,2.630000036433339
1.0206765925884247,0.20000000247731803
