predicted_SD,SD
1.379932163953781,0.8300000141374766
9.991449409574269,19.280000454783437
14.189093151986597,15.080000171363352
3.0847359358519313,0.30000000371597707
10.063314345926045,11.169999440312385
1.29762600466609,0.26999999948777254
3.1985394655168053,2.2200000043585897
0.24705120298545805,0.33000000794418155
0.11910028983373194,2.9099998702108856
5.680060449391603,8.010000126212836
1.0097866148874164,0.9599999810382723
