fold,r,r2,rmse,mae
0.0,-0.1262110444535715,-0.300530250490854,14.080665423245831,8.245890136989342
1.0,0.8868645564029716,0.7727108915024238,2.928394797427474,2.4329360055906535
2.0,0.3620296179878766,0.08699699489682355,9.719859931258382,7.578095584799301
3.0,0.8258087599135983,0.6598724984149607,3.86071153632722,3.0650850938497625
4.0,0.9071488705903216,0.7579607856255751,3.185099978136701,1.9891410366606643
5.0,0.7810216677043925,0.17848219526523001,5.937908765103149,4.181182314218446
6.0,0.762834570049465,0.5620510359756483,4.644990228605062,2.7330470864379524
