fold,r,r2,rmse,mae
0.0,-0.11273864059799345,-0.3656173908582543,14.428708825864085,8.47668840903958
1.0,0.801830155709475,0.6357191872201626,3.7073062425413243,2.718658889567649
2.0,0.3579084887096735,0.10872175511470883,9.603522451930013,7.491127082417315
3.0,0.7408514734596097,0.5464553503759082,4.458168745352261,3.3907094272937286
4.0,0.8961921097327796,0.6732652567795343,3.7006487064174136,2.3464313583423126
5.0,0.8238657757420755,0.34181065987139103,5.314965532053528,3.78239631298252
6.0,0.7476515729697466,0.5484187165382647,4.716730035000982,2.898315953580789
