fold,r,r2,rmse,mae
0.0,0.579508386891915,0.27388085814481533,1.3292858223962327,0.9836019966280485
1.0,0.5760242425042432,0.28819459750984233,1.3281896927744397,0.9913067414167691
2.0,0.6129868711635968,0.36660183315673245,1.1954937364748424,0.8743329383605793
3.0,0.5725325236898559,0.19892147201428034,1.394716463452005,1.0368660484176435
4.0,0.5822548546253342,0.32798603299159257,1.3245067046125292,1.024995057026259
