predicted_SD,SD
1.6284227,0.83
5.5488048,19.28
5.605804,15.08
7.6193967,0.3
8.281206,11.17
14.722725,0.27
3.0636954,2.22
6.6957746,0.33000000000000007
3.9552014,2.91
1.3199817,8.01
7.236667,0.96
