predicted_SD,SD
5.0963726,3.57
10.187506,4.13
13.675842,9.2
15.492354,18.07
15.160236,11.789999999999997
5.51137,11.82
5.5543227,20.51
6.0645037,2.28
7.8236766,1.25
5.5571113,2.5
0.06673636,0.86
