predicted_SD,SD
4.1569614,1.15
8.683632,5.04
22.470661,16.91
17.407114,21.08
13.115715,9.28
12.167487,5.94
4.674997,1.12
9.517571,3.6
3.8345242,11.47
5.415399,2.63
7.7293963,0.2
