predicted_SD,SD
2.61676,1.25
5.138774,17.61
5.284525,0.27
13.985448,19.32
17.810843,12.98
7.320624,7.61
3.663473,0.0
2.8388183,3.17
2.3863943,0.4
6.533373,0.56
1.4781764,1.74
