predicted_SD,SD
3.3242118,0.17000000000000004
10.500228,2.25
11.138174,15.65
8.8175535,6.15
6.824036,17.01
6.1472216,15.580000000000002
3.4697573,1.61
3.553332,5.22
11.915069,2.76
9.79474,3.2899999999999996
2.2858617,0.99
