predicted_SD,SD
8.128667,41.41
1.2510417,1.19
11.375197,3.2899999999999996
8.585874,8.63
8.765798,5.43
9.06373,12.92
11.61799,27.510000000000005
3.850928,2.28
7.0018253,15.13
3.6329951,2.28
8.158536,0.3
