predicted_SD,SD
17.6992,8.75
11.213931,35.18
13.693772,26.91
2.5846002,3.9999999999999996
9.386435,6.9399999999999995
9.345025,7.17
36.648865,10.71
9.998807,12.29
3.4076097,6.299999999999999
6.2751603,2.57
2.2137876,0.03
