fold,r,r2,rmse,mae
0.0,0.4001006658100501,0.055603765532587945,11.99886284408503,7.587855476032604
1.0,0.24711293706045193,-0.04153369186696865,6.2686924450819435,5.334968804446134
2.0,0.2584624801043402,-0.3589067810234048,11.858199209953112,8.107250149466775
3.0,0.4625739915243658,0.15351699406338282,6.090537254297954,4.861860439262608
4.0,-0.14437016340070824,-0.46668675794597414,7.840592489934676,6.3532805741917
5.0,0.7599877671042838,0.3844020738822006,5.1401240125132315,4.85183474627408
6.0,0.6872229201996845,0.4692075844700282,5.113701821972438,3.7748661032590003
