predicted_SD,SD
2.3706440016999837,1.1500000335276126
1.0933470969647168,5.040000093281269
15.740679489970207,16.91000019788742
35.07984090983867,21.080000399947163
37.97355726063251,9.279999868124722
4.659955251663923,5.940000065863132
2.2566069159284234,1.1200000292994081
1.0457207799702881,3.5999998903274535
12.111976572275161,11.470000253915785
1.7057267350330947,2.630000036433339
0.6689198074489832,0.20000000247731803
