predicted_SD,SD
3.559857858717441,3.5700001174956557
13.530302028059959,4.130000093579292
10.544382539391517,9.2000002682209
27.924713520407675,18.06999964147806
9.198991996943949,11.789999887645244
8.193206225931643,11.819999969005584
8.874017648994922,20.510000088214873
2.2565333318710326,2.2800000128149986
1.9663094792515037,1.2499999962002037
2.3152568034827707,2.4999999924004075
15.71257747620344,0.8600000183656811
