predicted_SD,SD
22.964720591306687,41.40999855995178
5.094539728462696,1.190000025331974
11.353443412184715,3.2900000700354575
6.408718711137771,8.629999809265136
5.143611181080341,5.4299998909235
19.016265691518782,12.919999526143075
16.275443052649496,27.509999012947084
2.727230064570904,2.2800000859797
15.818036597967147,15.130000396966935
1.152209062129259,2.2800000859797
7.678754460215568,0.29999999234452845
