predicted_SD,SD
1.0101761321723461,0.16999999824911355
1.9824558577314018,2.249999931454658
19.148487078249453,15.650000483095644
18.144669719338417,6.150000018328428
12.231331456005572,17.010000469088553
13.015761573016642,15.580000293254852
2.235118057206273,1.6100000469386577
3.516931357011199,5.219999964386225
2.3000145678967234,2.7600000804662703
0.8517442573606967,3.2899999751895663
1.1648323889449237,0.9899999852664768
