predicted_SD,SD
16.67116331666708,8.75000028192997
4.978033061102032,35.179999147653575
3.580070180594921,26.91000016748905
3.3865222041308876,4.000000049546361
10.241231032311916,6.939999692589044
6.408608025610446,7.169999699294567
10.33486265733838,10.709999426901339
20.731590223908423,12.290000009536742
7.609340641498565,6.299999808073044
31.023660589456554,2.57000002797693
26.720079869627952,0.02999999940744601
