predicted_SD,SD
11.859184090495107,1.2499999809265137
9.187666786313056,17.610000190138816
0.8261090125516056,0.270000008251518
13.54153925180435,19.320000446438787
13.453230826854703,12.979999878406522
6.805206407904625,7.610000295937061
3.019830835312604,-1.03143974958253e-09
2.3560673813521857,3.1700000469386573
12.24994467794895,0.3999999822117388
6.869230262637138,0.5600000005587935
1.8451755867153405,1.7399999479949473
