predicted_SD,SD
12.841823053658008,0.8300000141374766
8.032610948979855,19.280000454783437
11.857194935977457,15.080000171363352
1.185458601862192,0.30000000371597707
8.306713876724242,11.169999440312385
2.0941640157997607,0.26999999948777254
2.401827444285154,2.2200000043585897
3.9565496663749213,0.33000000794418155
2.96464120067656,2.9099998702108856
7.638450926542282,8.010000126212836
2.5916835682094095,0.9599999810382723
