fold,r,r2,rmse,mae
0.0,0.832936112711608,0.6152048330539378,7.6591002540554065,5.444869510807436
1.0,0.7995628432960107,0.5282721078696637,4.218772359197607,2.667731317168271
2.0,-0.5033094142963077,-1.7464175140230758,16.85804399956347,11.94536074691505
3.0,0.5064028207970181,-0.16939481891432728,7.158582946805738,4.930947384282269
4.0,0.575283486520592,0.32877368050314304,5.30413648163331,3.4473797431291833
5.0,0.7647941229899667,-1.221285824574299,9.763988356362837,5.094192346429282
6.0,0.5552312328667953,0.2469753698184749,6.090846347686936,4.431111513388725
