fold,r,r2,rmse,mae
0.0,0.9214707820790249,0.7290512796153134,0.41406354074740825,0.21242618820323697
1.0,0.8321127267994332,0.623199345610476,0.5023172128058596,0.21724628001264001
2.0,0.9378018189010675,0.8633958463764252,0.536220486354392,0.28118481435376397
3.0,0.8559413919206325,0.7280204572263642,0.5202720591301715,0.21389114333628295
4.0,0.7782342725824225,0.6030916578999932,0.7605404589097667,0.26646396986995136
5.0,0.9256521245438111,0.848062484600097,0.45833863311463746,0.25647850247212906
