fold,r,r2,rmse,mae
0.0,0.9214707820790248,0.7290512796153135,0.4140635407474082,0.212426188203237
1.0,0.8321127267994332,0.623199345610476,0.5023172128058596,0.21724628001264001
2.0,0.9378018189010675,0.8633958463764252,0.536220486354392,0.28118481435376397
3.0,0.8559413919206325,0.7280204572263642,0.5202720591301715,0.213891143336283
4.0,0.7782342725824224,0.6030916578999933,0.7605404589097666,0.26646396986995136
5.0,0.9256521245438112,0.8480624846000969,0.4583386331146376,0.25647850247212917
