fold,r,r2,rmse,mae
0.0,0.9155119367105734,0.8249252852874001,0.05130892608161268,0.03143184778535279
1.0,0.9047931188896058,0.8164443855537872,0.048354068234037526,0.02775369707931783
2.0,0.8774631756858917,0.723966928087071,0.060424233707238616,0.03863969077894818
3.0,0.8704076629140892,0.7460750161036785,0.06872510979193841,0.04085225063937801
4.0,0.9044646995222694,0.8085169895047435,0.06459375505034957,0.03911496682452319
5.0,0.8625347064920044,0.7366035409377322,0.07818615536219634,0.04797551134727411
6.0,0.8975597649586169,0.8040046448199376,0.061335873389261795,0.03761839625543902
