Dataset,num_of_folds,Features,Targets,Model,r_mean,r_std,r2_mean,r2_std,rmse_mean,rmse_std,mae_mean,mae_std,num_of_data,feature_length
CO2_Soleimani,7,"CO2_FP_radius_3_nbits_512,T_K,P_Mpa",exp_CO2_sol_g_g,LSTM,0.8903907235961501,0.018633219908295834,0.7800766843277643,0.03947827130387721,0.06184687451666213,0.00939009188561983,0.037626622958604736,0.006054462477398868,515,93
