fold,r,r2,rmse,mae
0.0,0.8932839566522616,0.6906608438485307,0.44242625107334743,0.24755375998913332
1.0,0.8758946256591721,0.7647498187954324,0.3969055935597463,0.2151174222740404
2.0,0.9478088121867368,0.82772163624484,0.6021806816836037,0.31423938042672594
3.0,0.8648815672494877,0.739261645077467,0.5094069242121076,0.23149985052907626
4.0,0.7803178806922499,0.6001899136450303,0.7633155013741342,0.288822166285821
5.0,0.9317578877089273,0.8600449604867403,0.43989418975212446,0.24120590734935596
