fold,r,r2,rmse,mae
0.0,0.8720783149558028,0.715223676462579,0.5274287163608886,0.25873587576435186
1.0,0.23516373491059073,-0.13809933359229642,1.0579392896572497,0.5400381392616872
2.0,0.7635807470001882,0.57531888573813,0.7015282159457907,0.26264660472642326
3.0,0.9439911405657174,0.8886205501549653,0.40621392186355587,0.2337813050830823
4.0,0.7544013613916272,0.5199147924895268,0.8546415976792012,0.3636197512034759
