fold,r,r2,rmse,mae
0.0,0.6164625453319326,0.36160598388838827,0.7896892725645912,0.5862297664253763
1.0,0.6609224449379402,0.43027014895010984,0.7485229918337579,0.5039707792693261
2.0,0.573635626841063,0.30898022727845986,0.8948678394306296,0.5773405074322787
3.0,0.7313484660122589,0.5163683985337866,0.8464661671855549,0.5553797270642941
4.0,0.7341518393144456,0.5303976060796457,0.8452594222408779,0.5830488985080339
