fold,r,r2,rmse,mae
0.0,0.970116003023339,0.9383699286930534,0.029512943382956427,0.014979081993441279
1.0,0.981980209260754,0.9635815633626497,0.021891220223805748,0.012803229764290606
2.0,0.9911066588972954,0.9822575566675528,0.017836328906448227,0.011708794329213365
3.0,0.9842494773396219,0.9616340227635336,0.029630214580385502,0.018125209780409934
4.0,0.9884844038675745,0.9730318384295276,0.023703190521233607,0.013129491594605584
