fold,r,r2,rmse,mae
0.0,0.9800693294639394,0.9499787381393883,0.027425751254695284,0.016262670660935064
1.0,0.9666815861986741,0.9334230878091785,0.029121316673357555,0.015551484280764567
2.0,0.9849916643969836,0.9700311956629107,0.019909726780216113,0.012687991549253366
3.0,0.9887276008208299,0.97281324280627,0.022487513122754477,0.014542470797613373
4.0,0.9776710782965164,0.9552309730536047,0.03123303848980091,0.018104672785720807
5.0,0.9859074232976499,0.970476986929703,0.02617611749626094,0.015285669530590053
6.0,0.9849703065319737,0.9627522619648213,0.026738781739113066,0.017384550258898727
