Dataset,num_of_folds,Features,Targets,Model,r_mean,r_std,r2_mean,r2_std,rmse_mean,rmse_std,mae_mean,mae_std,num_of_data,feature_length
CO2_Soleimani,7,"polymer_automated_frag_aug,T_K,P_Mpa",exp_CO2_sol_g_g,NN,0.9802901948347532,0.006613079327916582,0.9555291324752254,0.0150621213807279,0.02743993162559294,0.0057466874249019724,0.016080048353677268,0.0035405731684484422,4413,33
