Dataset,num_of_folds,Features,Targets,Model,r_mean,r_std,r2_mean,r2_std,rmse_mean,rmse_std,mae_mean,mae_std,num_of_data,feature_length
CO2_Soleimani,5,"polymer_automated_frag_aug,T_K,P_Mpa",exp_CO2_sol_g_g,NN,0.9831873504777169,0.007269383029129114,0.9637749819832633,0.014678779295628332,0.024514779522965904,0.004545167995557496,0.014149161492392153,0.0022496390303777423,4116,33
