predicted_SD,SD
2.7251999999999987,41.41
1.4508000000000012,1.19
9.44979999999999,3.2899999999999996
9.120099999999999,8.63
9.374199999999998,5.43
10.940100000000006,12.92
3.751099999999999,27.510000000000005
2.536999999999998,2.28
2.8143999999999987,15.13
2.186899999999999,2.28
10.985000000000003,0.3
