predicted_SD,SD
1.1432000000000009,0.83
6.4266999999999905,19.28
13.563699999999988,15.08
7.0512999999999915,0.3
9.495399999999995,11.17
4.799299999999994,0.27
2.6251000000000015,2.22
2.0240000000000005,0.33000000000000007
1.0672000000000004,2.91
5.2687,8.01
1.1301000000000005,0.96
