predicted_SD,SD
1.660300000000001,1.25
5.679400000000003,17.61
4.4163000000000014,0.27
14.054199999999991,19.32
12.998299999999999,12.98
10.530199999999983,7.61
4.105199999999999,0.0
2.7455000000000025,3.17
9.38769999999999,0.4
1.361300000000001,0.56
1.0826000000000005,1.74
