predicted_SD,SD
2.5063000000000004,0.17000000000000004
6.677299999999996,2.25
15.89970000000001,15.65
5.665099999999996,6.15
12.5202,17.01
10.762999999999995,15.580000000000002
3.942299999999999,1.61
11.285299999999992,5.22
3.309100000000002,2.76
2.5913000000000017,3.2899999999999996
5.051699999999998,0.99
