predicted_SD,SD
3.408699999999999,1.15
11.176699999999988,5.04
16.4542,16.91
22.480700000000006,21.08
15.181700000000005,9.28
6.132799999999998,5.94
3.3031000000000015,1.12
19.828999999999994,3.6
9.987799999999991,11.47
2.7647000000000017,2.63
1.2309000000000005,0.2
