predicted_SD,SD
8.500499999999997,3.57
9.128999999999989,4.13
10.167099999999996,9.2
14.503400000000001,18.07
9.269699999999991,11.789999999999997
7.1274999999999915,11.82
11.053399999999998,20.51
3.438600000000001,2.28
2.6746000000000016,1.25
3.133700000000002,2.5
19.5454,0.86
