predicted_SD,SD
15.937799999999994,8.75
6.105799999999998,35.18
12.164600000000005,26.91
6.8345999999999965,3.9999999999999996
6.3294999999999915,6.9399999999999995
5.5522999999999945,7.17
7.3637000000000015,10.71
13.917,12.29
10.192299999999987,6.299999999999999
14.897400000000003,2.57
13.716200000000002,0.03
