fold,r,r2,rmse,mae
0.0,-0.27126998502779415,-0.4220181373388123,14.723651639330633,8.966290909090908
1.0,0.8555330968866519,0.6910224025143079,3.414316661167687,2.773827272727274
2.0,-0.22680124521299544,-0.31226615169982286,11.65292288546292,8.268127272727272
3.0,0.31151443611115304,-0.10710507179538986,6.965317254994727,4.821354545454546
4.0,0.6899575123683672,0.4567316433877293,4.77185679231509,3.135572727272729
5.0,0.7598671329092531,0.2560582861537286,5.650598872444646,3.400572727272728
6.0,0.6771043461432052,0.4559356539775574,5.177238591267459,3.606145454545452
