fold,r,r2,rmse,mae
1.0,0.8958412374641818,0.8025315227413565,0.45376798332360985,0.24106868282213376
2.0,0.9067504579362866,0.8221963929676654,0.3479192555347357,0.194280192919502
3.0,0.9582588865678101,0.9182600936861791,0.5136250322702545,0.27533947313828167
4.0,0.831507732752697,0.6914051096275305,0.5586151916494375,0.37805254788331843
5.0,0.8064346665755059,0.6503368714547474,0.7170225621930959,0.27385504730725907
6.0,0.9372940538446538,0.8785201433725448,0.4120472678261932,0.20527261541777314
