fold,r,r2,rmse,mae
0.0,0.8525448235847214,0.726374416105684,0.8160049268132897,0.5840338171445405
1.0,0.8341419505906569,0.6924884339009565,0.872991858765768,0.6045525682872569
2.0,0.8315106240518844,0.6885377924556761,0.8383233870787784,0.5747103366137961
3.0,0.8380837645417725,0.7011242701576408,0.8519099791416873,0.5862419508462826
4.0,0.8351911633825371,0.6974430894352883,0.8887273569339839,0.6144141309557581
