fold,r,r2,rmse,mae
0.0,0.709313835406688,0.5031261170993461,0.6293691387036061,0.40235933276392966
1.0,0.49622944375397915,0.24624366084838356,0.7672636711337739,0.4733860350232881
2.0,0.8148800785445538,0.6640295424087782,1.0099219414434166,0.5670397931446072
3.0,0.6386989421109649,0.4079363386536657,0.7679414332729304,0.4062614484247097
4.0,0.5549796614735344,0.30800242464927885,1.0062611609752568,0.44089252975909193
5.0,0.7269683209940703,0.5284829397289376,0.820527980890184,0.461630871384565
