fold,r,r2,rmse,mae
0.0,0.991186091111191,0.9818632953095476,0.016010149199277336,0.009840715820264075
1.0,0.9795994217256453,0.9567109020749774,0.023867041548980034,0.013641853128371082
2.0,0.9864626631707492,0.9723677270999785,0.022259072322731485,0.01426925116715007
3.0,0.9852552437324205,0.9671860424085218,0.027402549390680785,0.015355333980582595
4.0,0.9886992857366859,0.9772915435489146,0.021750785644237713,0.013806880228542706
