Dataset,num_of_folds,Features,Targets,Model,r_mean,r_std,r2_mean,r2_std,rmse_mean,rmse_std,mae_mean,mae_std,num_of_data,feature_length
CO2_Soleimani,5,"2mer_fp,T_K,P_Mpa",exp_CO2_sol_g_g,RF,0.9862405410953382,0.00388917743907181,0.9710839020883881,0.008696605968406787,0.022257919621181472,0.003697250607893724,0.013382806864982106,0.001869224377968268,515,514
