fold,r,r2,rmse,mae
0.0,0.8868491633015133,0.7584066657016976,0.766755507400448,0.6191168798032753
1.0,0.893988254092407,0.7592324053684715,0.7724644169982531,0.62819980030649
2.0,0.874222287147142,0.742168608789044,0.7627404862140376,0.6065997255801941
3.0,0.8823766216858289,0.7508706148742577,0.7777873201081973,0.6131757683138356
4.0,0.8977081062951027,0.7611489433301688,0.7896390073725822,0.6147365938095434
