fold,r,r2,rmse,mae
0.0,0.7703256152905296,0.5451038921991465,0.6666040419107064,0.3383687808849543
1.0,0.6731324893035294,0.268652065438844,0.8480718882225259,0.3871946849590871
2.0,0.6273890188364803,0.38416932512288715,0.8447813704904125,0.35443615598663647
3.0,0.7827012182446061,0.603547478938805,0.7663865270847716,0.43833093378521504
4.0,0.7899026274185539,0.6161719288296181,0.7641757146012645,0.3947336381118143
