fold,r,r2,rmse,mae
0.0,0.9928382970603791,0.9850400063011427,0.014998468461485732,0.007455917656518318
1.0,0.9926009164254648,0.9848843064376311,0.013875965904854789,0.00853015522708462
2.0,0.9907683543528378,0.9814699622424516,0.015655564911270656,0.00996707750679472
3.0,0.9958962248510917,0.9917376277187613,0.012396957236385193,0.008099836641654522
4.0,0.9942654854378397,0.987732943887975,0.016349165264357517,0.008917761990677004
5.0,0.9939888828623897,0.9879517703889437,0.01672193428203313,0.009698417848822189
6.0,0.9964230207334438,0.9924965300182212,0.01200114661638989,0.008073682781692647
