Dataset,num_of_folds,Features,Targets,Model,r_mean,r_std,r2_mean,r2_std,rmse_mean,rmse_std,mae_mean,mae_std,num_of_data,feature_length
CO2_Soleimani,5,"3mer_circular_graph_fp,T_K,P_Mpa",exp_CO2_sol_g_g,BRT,0.9926341916003082,0.0021350596828932627,0.9849418377560324,0.004366846166789772,0.016045084184944713,0.0026133902395928,0.009455909578408903,0.0012254729474999457,515,514
