fold,r,r2,rmse,mae
0.0,0.9211214861995595,0.8480483726385092,0.3852693963544472,0.2157163599740841
1.0,0.4615720618811955,0.0974276315519943,0.9421318245699849,0.48633817276251734
2.0,0.7871344344559318,0.6186633618110292,0.6647646696729317,0.2352675457075171
3.0,0.9590999625716892,0.9150334177650715,0.35479406265286373,0.21931843296732476
4.0,0.8942320112450459,0.7996334988769592,0.5521250184052005,0.3020079985105634
