fold,r,r2,rmse,mae
0.0,0.9930192193543018,0.9858436617655592,0.014590046438494897,0.00904210263248835
1.0,0.9907984635723709,0.9816489363476719,0.01528902551305307,0.008598366241211425
2.0,0.9794404626668319,0.9583609317973291,0.023468270872774213,0.01198486798535227
3.0,0.9933750560924216,0.9866928426851592,0.01573277635064898,0.01132083267628769
4.0,0.9909280100944703,0.9812891564981633,0.020191663088916855,0.013209714492915376
5.0,0.9954962473383726,0.9909674674088713,0.014478703119275708,0.009685998809811186
6.0,0.99690584133422,0.9935943370198254,0.011088523201158877,0.0069480945159352
