fold,r,r2,rmse,mae
0.0,0.989582646025672,0.9788723223438236,0.017279933604000822,0.009741361813001264
1.0,0.9817043822365027,0.962146567293625,0.022318343414215614,0.012972468891647255
2.0,0.9933293764348393,0.9861179970301609,0.01577701441554635,0.01167913756111347
3.0,0.9858632559595332,0.9708706678279735,0.025818257440322314,0.013829963816103427
4.0,0.996097130808862,0.9920355778354398,0.012881257944564553,0.00805766963584475
