Dataset,num_of_folds,Features,Targets,Model,r_mean,r_std,r2_mean,r2_std,rmse_mean,rmse_std,mae_mean,mae_std,num_of_data,feature_length
CO2_Soleimani,7,"polymer_automated_frag,T_K,P_Mpa",exp_CO2_sol_g_g,BRT,0.9914233286361414,0.005308047705829939,0.9826281905032256,0.010745845425747129,0.01640557265490323,0.0038021703542957426,0.0101128539077145,0.0020068555134914777,515,33
