fold,r,r2,rmse,mae
0.0,0.48698217193748916,0.0833786777016513,0.7615850621844441,0.628474411173126
1.0,0.36637155132966065,0.04687339706041094,0.7989094013042228,0.6153744892730796
2.0,0.48348749071741304,0.094423230111078,1.3806197650419576,0.9009880069024419
3.0,0.4196966453073274,0.0689461258241234,0.9626087147339654,0.704923649539788
4.0,0.32908609645607506,0.07411255980532938,1.1615992030995557,0.7112490765868118
5.0,0.5350876748502733,0.13834014533330752,1.0914953372696339,0.7407302393299479
