predicted_SD,SD
9.256148760616778,3.5700001174956557
5.991903205513954,4.130000093579292
9.107292377650737,9.2000002682209
16.668448265492916,18.06999964147806
8.339853544533252,11.789999887645244
6.412131421566009,11.819999969005584
8.63234107106924,20.510000088214873
4.223308380693197,2.2800000128149986
3.499843812212348,1.2499999962002037
2.9498842804878946,2.4999999924004075
7.011021111905574,0.8600000183656811
