predicted_SD,SD
2.0898058958724137,1.1500000335276126
16.465742544829844,5.040000093281269
20.661725786626338,16.91000019788742
20.739614434242245,21.080000399947163
13.101367136538027,9.279999868124722
3.454338937476277,5.940000065863132
3.8542190790921445,1.1200000292994081
13.168015472292899,3.5999998903274535
7.209063115119934,11.470000253915785
2.8737502346932886,2.630000036433339
2.4486011426523326,0.20000000247731803
