predicted_SD,SD
10.478329046666621,1.2499999962002037
5.559276461452245,17.609999628067015
4.750963149964809,0.26999999948777254
14.299866005778311,19.320000563263893
11.486115316748618,12.979999412596225
6.691557700783013,7.61000027552247
1.69226717736572,0.0
2.7050468276441095,3.1699999582767484
4.4831924620270724,0.40000000495463606
2.6257543751597403,0.5600000146497041
2.323204961530864,1.7399999367073178
