predicted_SD,SD
6.640624574869871,0.16999999824911355
10.60194902896881,2.249999931454658
17.270567632615563,15.650000483095644
5.992697357982396,6.150000018328428
10.680546058118342,17.010000469088553
11.187093155682087,15.580000293254852
3.625689210891723,1.6100000469386577
9.441829259246587,5.219999964386225
3.021621486023068,2.7600000804662703
3.3925264780968423,3.2899999751895663
6.896847039461135,0.9899999852664768
