predicted_SD,SD
3.7755705256760117,41.41
2.059613755494356,1.1899999877437948
5.685805867910385,3.2899999751895663
11.659183785617351,8.629999956488609
5.233805382549762,5.4299999168515205
14.34541098922491,12.920000483989714
11.153784414231776,27.50999932646751
3.1460115555673833,2.2800000128149986
10.394401878416538,15.13000030696392
2.3092417310178277,2.2800000128149986
10.672086205482483,0.30000000371597707
