predicted_SD,SD
4.330002487152814,0.8300000141374766
11.88060237944126,19.280000454783437
9.898271938562392,15.080000171363352
4.3894479155540465,0.30000000371597707
8.69530187368393,11.169999440312385
2.054398080483079,0.26999999948777254
2.8587208838015794,2.2200000043585897
-1.0203947517648337,0.33000000794418155
-1.8718978940695523,2.9099998702108856
8.527373490333556,8.010000126212836
1.8476342839002609,0.9599999810382723
