predicted_SD,SD
9.22476091787219,8.75000028192997
14.510952595770357,35.179999147653575
14.416769938766954,26.91000016748905
6.628458060324191,4.000000049546361
4.846703259050845,6.939999692589044
4.345575773864984,7.169999699294567
16.925226698517797,10.709999426901339
9.940630439221858,12.290000009536742
10.82867678195238,6.299999808073044
18.647824237048624,2.57000002797693
15.080886265337465,0.02999999940744601
