fold,r,r2,rmse,mae
0.0,0.16060766959987519,0.025794823534302673,12.906570912424081,7.082708255178718
1.0,0.720480558003252,0.5190922344606773,4.577527015737666,3.62102895036509
2.0,0.21681441134130203,0.04700848896527532,10.235707764284262,7.764109097918685
3.0,0.6847924795464011,0.46894074004330816,4.925582082078407,3.6883674995296385
4.0,0.8603906690299772,0.7402721033538517,3.6436351965249054,2.964153946457769
5.0,0.7872487884806708,0.619760654964284,5.123010254178858,3.801837397647852
6.0,0.6717958741478882,0.45130969652212527,5.249223955819965,3.825622613275932
