fold,r,r2,rmse,mae
0.0,0.9938654537395286,0.9876640258005821,0.013203920916193216,0.007722260514105246
1.0,0.9905266095756599,0.9810127463615453,0.015806670387172747,0.011151047184202564
2.0,0.992248420164462,0.9842741294043897,0.016792142253349462,0.011356582207114083
3.0,0.9892181560181476,0.9761107310668833,0.023381000583087008,0.012382918322594135
4.0,0.9893695849179722,0.9786165273269127,0.02110669618303628,0.013549541022206105
