Dataset,num_of_folds,Features,Targets,Model,r_mean,r_std,r2_mean,r2_std,rmse_mean,rmse_std,mae_mean,mae_std,num_of_data,feature_length
CO2_Soleimani,5,"polymer_automated_frag_aug_recombined_SMILES,T_K,P_Mpa",exp_CO2_sol_g_g,BRT,0.9910456448831539,0.0017785545014335391,0.9815356319920626,0.004081193703472923,0.01805808606456774,0.0036840697115871094,0.011232469850044426,0.0019512023787736329,515,33
