fold,r,r2,rmse,mae
0.0,0.8824559883830096,0.7630511971496424,0.05786866289287667,0.04778423769251897
1.0,0.877889118709462,0.7202039530040931,0.060677839435834505,0.044104003234603666
2.0,0.9347134859230048,0.8717660783175987,0.04795128147235822,0.03694499189168785
3.0,0.8779723611763477,0.7659291890966741,0.07318722706251811,0.04742337336444925
4.0,0.9437163759920183,0.8577467664612439,0.054439260151120016,0.04735910773422023
