Datatype,R2_mean,R2_std,RMSE_mean,RMSE_std,MAE_mean,MAE_std,num_of_data
SMILES,0.9684483968434754,0.012676474248852068,0.024362912,0.006095708,0.015200036,0.003164946,515
