predicted_SD,SD
2.634257421791553,1.1500000335276126
19.509849282503126,5.040000093281269
15.806498501002787,16.91000019788742
22.407862818837163,21.080000399947163
14.23588829308748,9.279999868124722
3.777928300797939,5.940000065863132
1.6309395705908536,1.1200000292994081
17.127382004261015,3.5999998903274535
10.659582160711288,11.470000253915785
2.2519948770105835,2.630000036433339
1.175002183895558,0.20000000247731803
