predicted_SD,SD
1.24449403911829,41.40999855995178
1.261822880730033,1.190000025331974
5.699756582379341,3.2900000700354575
10.267258907556533,8.629999809265136
5.9343389689922335,5.4299998909235
10.13398468375206,12.919999526143075
10.019066647291183,27.509999012947084
2.4593668660521506,2.2800000859797
4.733110090196132,15.130000396966935
1.1921132986992597,2.2800000859797
9.895676121115685,0.29999999234452845
