predicted_SD,SD
1.0522656730748712,0.8300000141374766
8.052470314204692,19.280000454783437
12.919337764680385,15.080000171363352
8.990442745685577,0.30000000371597707
9.242802432924508,11.169999440312385
0.42997432418167586,0.26999999948777254
2.9840744879841803,2.2200000043585897
0.28406454306095835,0.33000000794418155
0.1906566012278199,2.9099998702108856
5.453150047510862,8.010000126212836
1.1621094702929258,0.9599999810382723
