predicted_SD,SD
15.730246288776396,8.75000028192997
11.295004098713397,35.179999147653575
16.930421085059642,26.91000016748905
5.7997584168612955,4.000000049546361
6.110576858222484,6.939999692589044
5.286671748310327,7.169999699294567
18.72350752264261,10.709999426901339
15.182529142498968,12.290000009536742
12.49565402895212,6.299999808073044
14.973470202088356,2.57000002797693
5.845977843701839,0.02999999940744601
