predicted_SD,SD
0.32765623230487106,0.16999999824911355
1.4646389838308094,2.249999931454658
16.034892308115957,15.650000483095644
6.71304609671235,6.150000018328428
11.47903273552656,17.010000469088553
10.675758929252623,15.580000293254852
2.535998022891581,1.6100000469386577
12.079447790980337,5.219999964386225
2.2126965167000887,2.7600000804662703
2.2056214944273234,3.2899999751895663
7.304769286066293,0.9899999852664768
