predicted_SD,SD
1.3543675521761178,1.2499999809265137
3.746747490614652,17.610000190138816
10.613032444119451,0.270000008251518
14.13939695715904,19.320000446438787
12.294915282130239,12.979999878406522
10.03675115764141,7.610000295937061
1.7283208911865948,-1.03143974958253e-09
2.3038152290880674,3.1700000469386573
5.872183527052402,0.3999999822117388
0.885920187421143,0.5600000005587935
0.9654563324153422,1.7399999479949473
