predicted_SD,SD
5.986051036119461,3.5700001174956557
5.446583943068981,4.130000093579292
8.911469928771258,9.2000002682209
20.90723182082176,18.06999964147806
13.520097137987612,11.789999887645244
8.466250283718109,11.819999969005584
10.336235609352588,20.510000088214873
2.7179226493090387,2.2800000128149986
2.3044709541648625,1.2499999962002037
3.2767292369902132,2.4999999924004075
1.7538676776364444,0.8600000183656811
