fold,r,r2,rmse,mae
0.0,-0.011179403566517074,-0.2743999098511347,13.93849282934278,7.847768115988848
1.0,0.8074857681550925,0.6505956536869668,3.630817880258403,2.5507328482293947
2.0,0.3473654726203268,0.09956778153362678,9.652713498436778,7.334406250806376
3.0,0.8478343593078562,0.7175434047774517,3.5182146988262826,2.2980908363380212
4.0,0.7345499456928916,0.5128614412776125,4.51862660677826,2.7887622786999082
5.0,0.7133590427325094,0.09174187516683263,6.243522427002235,3.7913798156871716
6.0,0.5783045533923822,0.32321864004339296,5.7742721297021165,3.7972949737503012
