predicted_SD,SD
6.297772099971771,1.2499999809265137
3.1962938410043713,17.610000190138816
5.2255809473991395,0.270000008251518
11.145208846926687,19.320000446438787
11.145208846926687,12.979999878406522
3.1962938410043713,7.610000295937061
5.2255809473991395,-1.03143974958253e-09
3.116309035122394,3.1700000469386573
16.135176240205766,0.3999999822117388
6.297772099971771,0.5600000005587935
3.116309035122394,1.7399999479949473
