predicted_SD,SD
3.0429034763574596,0.8300000141374766
7.96907751739025,19.280000454783437
7.96907751739025,15.080000171363352
5.795618580877781,0.30000000371597707
3.802309768870473,11.169999440312385
5.795618580877781,0.26999999948777254
3.147087394595146,2.2200000043585897
5.795618580877781,0.33000000794418155
5.795618580877781,2.9099998702108856
7.96907751739025,8.010000126212836
3.802309768870473,0.9599999810382723
