predicted_SD,SD
7.191529869437217,1.2499999809265137
3.7391573292016975,17.610000190138816
5.238047569394111,0.270000008251518
10.383725032210348,19.320000446438787
10.383725032210348,12.979999878406522
3.7391573292016975,7.610000295937061
5.238047569394111,-1.03143974958253e-09
4.012179310619831,3.1700000469386573
18.219652412533758,0.3999999822117388
7.191529869437217,0.5600000005587935
4.012179310619831,1.7399999479949473
