predicted_SD,SD
10.231793134808541,41.40999855995178
4.844070768356323,1.190000025331974
3.0941422875225544,3.2900000700354575
4.359652944952249,8.629999809265136
3.0941422875225544,5.4299998909235
7.273583143055439,12.919999526143075
7.273583143055439,27.509999012947084
4.359652944952249,2.2800000859797
7.273583143055439,15.130000396966935
2.9288304463028907,2.2800000859797
14.716566803455352,0.29999999234452845
