predicted_SD,SD
2.688433799743652,0.16999999824911355
2.688433799743652,2.249999931454658
12.829410333335398,15.650000483095644
3.6307524728029965,6.150000018328428
10.982695464491844,17.010000469088553
10.982695464491844,15.580000293254852
5.864166835397482,1.6100000469386577
10.982695464491844,5.219999964386225
7.025124568641186,2.7600000804662703
7.025124568641186,3.2899999751895663
10.982695464491844,0.9899999852664768
