predicted_SD,SD
9.838594496697187,3.5700001174956557
3.0147817167639728,4.130000093579292
3.1197298602014776,9.2000002682209
9.55557262584567,18.06999964147806
2.872278862074017,11.789999887645244
2.872278862074017,11.819999969005584
11.305908731520175,20.510000088214873
3.1197298602014776,2.2800000128149986
3.0147817167639728,1.2499999962002037
2.8892880406230685,2.4999999924004075
22.907412489056586,0.8600000183656811
