predicted_SD,SD
5.004099095016717,1.1500000335276126
6.287696306854486,5.040000093281269
11.235433407723903,16.91000019788742
16.73083397090435,21.080000399947163
16.73083397090435,9.279999868124722
5.004099095016717,5.940000065863132
5.29153662636876,1.1200000292994081
16.73083397090435,3.5999998903274535
12.542684885859488,11.470000253915785
6.367503384947776,2.630000036433339
5.29153662636876,0.20000000247731803
