predicted_SD,SD
9.481200372576714,41.40999855995178
6.752785040140152,1.190000025331974
4.267815916389227,3.2900000700354575
6.267705385386944,8.629999809265136
4.267815916389227,5.4299998909235
9.121397922039032,12.919999526143075
9.121397922039032,27.509999012947084
6.267705385386944,2.2800000859797
9.121397922039032,15.130000396966935
4.102901173979044,2.2800000859797
14.325442037582397,0.29999999234452845
