predicted_SD,SD
14.046167921721935,3.5700001174956557
5.2484790000319475,4.130000093579292
5.199811707735061,9.2000002682209
13.648796734213828,18.06999964147806
4.874378269314765,11.789999887645244
4.874378269314765,11.819999969005584
14.365757829546927,20.510000088214873
5.199811707735061,2.2800000128149986
5.2484790000319475,1.2499999962002037
3.977292657345533,2.4999999924004075
16.536804072856903,0.8600000183656811
