predicted_SD,SD
3.798352273255586,0.8300000141374766
6.251031391918659,19.280000454783437
6.251031391918659,15.080000171363352
5.223578895479441,0.30000000371597707
4.213288607746362,11.169999440312385
5.223578895479441,0.26999999948777254
4.041112711951136,2.2200000043585897
5.223578895479441,0.33000000794418155
5.223578895479441,2.9099998702108856
6.251031391918659,8.010000126212836
4.213288607746362,0.9599999810382723
