predicted_SD,SD
2.2506401281803843,0.16999999824911355
2.2506401281803843,2.249999931454658
10.99175509661436,15.650000483095644
5.362973942160606,6.150000018328428
9.433120115548371,17.010000469088553
9.433120115548371,15.580000293254852
6.180962091684341,1.6100000469386577
9.433120115548371,5.219999964386225
7.982210960388183,2.7600000804662703
7.982210960388183,3.2899999751895663
9.433120115548371,0.9899999852664768
