predicted_SD,SD
11.911336758732794,8.75000028192997
14.11420957237482,35.179999147653575
14.11420957237482,26.91000016748905
3.3509334367513652,4.000000049546361
1.7605730827152728,6.939999692589044
1.7605730827152728,7.169999699294567
14.11420957237482,10.709999426901339
11.911336758732794,12.290000009536742
10.820816708803177,6.299999808073044
15.893354222178457,2.57000002797693
15.893354222178457,0.02999999940744601
