predicted_SD,SD
15.822927028834819,8.75000028192997
10.278638883978127,35.179999147653575
10.278638883978127,26.91000016748905
4.495985289514064,4.000000049546361
2.921317005679011,6.939999692589044
2.921317005679011,7.169999699294567
10.278638883978127,10.709999426901339
15.822927028834819,12.290000009536742
12.05694371908903,6.299999808073044
18.84845664590597,2.57000002797693
18.84845664590597,0.02999999940744601
