predicted_SD,SD
3.4994735779613255,1.1500000335276126
6.605402339398861,5.040000093281269
12.079444088637828,16.91000019788742
20.12209949284792,21.080000399947163
20.12209949284792,9.279999868124722
3.4994735779613255,5.940000065863132
5.569444328099489,1.1200000292994081
20.12209949284792,3.5999998903274535
11.842512679696082,11.470000253915785
6.023629195541143,2.630000036433339
5.569444328099489,0.20000000247731803
