fold,r,r2,rmse,mae
0.0,0.2950031785901428,0.008380137003784038,12.295198898908996,8.184157368139447
1.0,0.6509807017187474,0.36966626904493516,4.8766949260992964,4.266465640713206
2.0,0.2635249895368161,0.0025709399189973725,10.159326354286073,7.795566836402179
3.0,0.2612673308047874,-0.14684108206916124,7.089214216926208,5.826719197573309
4.0,0.5792740113396364,0.13245711426969276,6.030116159737672,5.063698791195215
5.0,0.6469177187309386,0.24851868739582506,5.679160243457673,4.610578077262775
6.0,0.12027950654335834,-0.21269437833192972,7.729452545802267,6.088079808912113
