fold,r,r2,rmse,mae
0.0,0.340153797369949,-0.028575941117753967,12.522214270686513,8.410785268699243
1.0,0.6041744413713046,0.3227871317158989,5.054787641050787,4.39926695562391
2.0,-0.12969956108614922,-0.4461454902869415,12.232913275528706,9.289740332022667
3.0,0.009239259862821089,-0.8346220675013858,8.966434604745382,6.735386886884542
4.0,0.5882059593328821,0.2505109638059513,5.604835153800555,4.653202995824713
5.0,0.6079427744010671,-0.03576265690376457,6.6673791838782455,4.826644430123269
6.0,0.008900793000599259,-0.38172575873600123,8.250570507795603,6.635218366698405
