Dataset,num_of_folds,Features,Targets,Model,r_mean,r_std,r2_mean,r2_std,rmse_mean,rmse_std,mae_mean,mae_std,num_of_data,feature_length
Swelling_Xu,7,polymer_automated_frag_aug,SD,NN,0.28984535203606765,0.29886124265262903,-0.1647905455748567,0.3817826062411831,8.471304948212255,2.7773787326657113,6.421463605125249,1.7763575919264931,411,18
