predicted_SD,SD
9.6582453712821,0.16999999824911355
9.6582453712821,2.249999931454658
9.666236877590418,15.650000483095644
9.669394975751638,6.150000018328428
9.693766262382269,17.010000469088553
9.693766262382269,15.580000293254852
9.669835554510355,1.6100000469386577
9.693766262382269,5.219999964386225
9.677786952108145,2.7600000804662703
9.677786952108145,3.2899999751895663
9.693766262382269,0.9899999852664768
