predicted_SD,SD
8.906229310929774,1.2499999809265137
8.929435430169104,17.610000190138816
8.931301908791063,0.270000008251518
8.931078695952891,19.320000446438787
8.931078695952891,12.979999878406522
8.929435430169104,7.610000295937061
8.931301908791063,-1.03143974958253e-09
3.2242050032317633,3.1700000469386573
8.931301908791063,0.3999999822117388
8.906229310929774,0.5600000005587935
3.2242050032317633,1.7399999479949473
