predicted_SD,SD
8.913642115592957,41.40999855995178
4.298932998478413,1.190000025331974
3.041766396164894,3.2900000700354575
5.205376690030098,8.629999809265136
3.041766396164894,5.4299998909235
8.910358383655549,12.919999526143075
8.910358383655549,27.509999012947084
5.205376690030098,2.2800000859797
8.910358383655549,15.130000396966935
4.378884846568107,2.2800000859797
8.266425051093101,0.29999999234452845
