predicted_SD,SD
5.64337763980031,0.8300000141374766
9.979166888296604,19.280000454783437
9.979166888296604,15.080000171363352
6.664206645488738,0.30000000371597707
5.714120766371488,11.169999440312385
6.664206645488738,0.26999999948777254
6.150174645483493,2.2200000043585897
6.664206645488738,0.33000000794418155
6.664206645488738,2.9099998702108856
9.979166888296604,8.010000126212836
5.714120766371488,0.9599999810382723
