predicted_SD,SD
10.09727901905775,3.5700001174956557
10.097657892107962,4.130000093579292
10.097603591084479,9.2000002682209
10.09909686923027,18.06999964147806
10.076339803934097,11.789999887645244
10.076339803934097,11.819999969005584
10.09893149793148,20.510000088214873
10.097603591084479,2.2800000128149986
10.097657892107962,1.2499999962002037
3.4982959245145318,2.4999999924004075
10.09909686923027,0.8600000183656811
