predicted_SD,SD
3.1595932905375954,1.1500000335276126
9.913397241830825,5.040000093281269
9.919387632012366,16.91000019788742
9.919388249069451,21.080000399947163
9.919388249069451,9.279999868124722
3.1595932905375954,5.940000065863132
9.923562023192643,1.1200000292994081
9.919388249069451,3.5999998903274535
9.921626315116882,11.470000253915785
9.923515743911265,2.630000036433339
9.923562023192643,0.20000000247731803
