predicted_SD,SD
7.5480483612418166,8.75000028192997
11.212248104810714,35.179999147653575
11.212248104810714,26.91000016748905
3.4826331645250317,4.000000049546361
6.369565589725971,6.939999692589044
6.369565589725971,7.169999699294567
11.212248104810714,10.709999426901339
7.5480483612418166,12.290000009536742
9.649691725969314,6.299999808073044
9.638979614973067,2.57000002797693
9.638979614973067,0.02999999940744601
