predicted_SD,SD
3.7849764167392447e-22,0.17000000000000004
3.5711855655981974e-12,2.25
7.816971835405953e-17,15.65
5.462591253552514e-11,6.15
1.2930495657383354e-48,17.01
3.3230489919698273e-53,15.580000000000002
0.0028092524668885386,1.61
0.008427757400665618,5.22
2.01213243109354e-33,2.76
1.8781044040028874e-33,3.2899999999999996
6.792363233878607e-93,0.99
