predicted_SD,SD
0.025283272201996852,41.41
0.003800753337555083,1.19
5.2906452818910547e-11,3.2899999999999996
6.666213055182729e-11,8.63
2.2622244244727627e-75,5.43
4.633712281525899e-21,12.92
5.347743376630732e-21,27.510000000000005
0.0029508954484123305,2.28
1.797560798882431e-21,15.13
2.9493156147104484e-93,2.28
7.03226387801494e-28,0.3
