predicted_SD,SD
0.0052407903163803,1.15
1.1414567195679952e-10,5.04
1.3436766971546035e-20,16.91
9.025500204350944e-21,21.08
6.453715245031791e-21,9.28
7.738281249095635e-42,5.94
0.001959394577745788,1.12
7.557766628087833e-21,3.6
2.4380136091952422e-17,11.47
8.549808518010886e-62,2.63
5.000874970741126e-118,0.2
