predicted_SD,SD
0.012322939392569893,3.57
8.134367120907496e-11,4.13
2.329206585352537e-10,9.2
1.0525717122257957e-20,18.07
3.163105981129285e-33,11.789999999999997
2.1254509593992816e-33,11.82
0.020656268153867008,20.51
1.045306188635139e-63,2.28
2.386438343840466e-92,1.25
1.0221600236588984e-102,2.5
1.497973672475038e-23,0.86
