predicted_SD,SD
0.04841829255266427,8.75
2.057717166333257e-23,35.18
8.446011804716255e-21,26.91
4.3515557443553925e-11,3.9999999999999996
4.6414482250715355e-92,6.9399999999999995
1.1860587567579009e-96,7.17
0.0977572644150037,10.71
9.321338698882747e-16,12.29
5.442127801711122e-49,6.299999999999999
1.997289779995324e-22,2.57
4.294173459215017e-22,0.03
