predicted_SD,SD
0.0026440023217774488,0.83
3.554129130063741e-58,19.28
5.884981631697158e-50,15.08
1.9949760256165305e-22,0.3
1.3227662443615093e-77,11.17
8.487425298381742e-23,0.27
0.002714823812539344,2.22
3.292348275746753e-23,0.33000000000000007
3.658256025795404e-24,2.91
3.787720949990941e-49,8.01
1.04449536693683e-63,0.96
