fold,r,r2,rmse,mae
0.0,0.7244080030996298,-0.7842003732001936,16.49243490462413,10.939815007172042
1.0,-0.14158492199754288,-1.0940429831625758,8.888594568005267,6.42443299909766
2.0,-0.0401861208330559,-1.163860302653219,14.963683674118878,10.97307494936262
3.0,0.43646726733951163,-1.3922335156523293,10.2387813222986,7.813365526558118
4.0,-0.2944272477474833,-0.7423421021797587,8.545685628642385,5.577694652169608
5.0,-0.3847453493668971,-1.1841467038859776,9.682018893722423,7.128436346817429
6.0,-0.22705644249662996,-0.6996000425636579,9.15053345596151,5.875910808030221
