fold,r,r2,rmse,mae
0.0,0.8754961736132556,0.7664935500114518,0.059947102032811256,0.031045635957927743
1.0,0.8686254971865438,0.7545102543625705,0.058935206502338834,0.03277277948606125
2.0,0.8388967213163029,0.7037477090352428,0.06381234840014734,0.03572570566736615
3.0,0.8541564444005483,0.7295832315109869,0.07485189360414804,0.04223361539994556
4.0,0.8966316459302656,0.8039483084836171,0.07212856165336445,0.03702051648264369
5.0,0.9093047517763324,0.8268351316030175,0.06993069136416086,0.03847574351825943
6.0,0.9352178300365926,0.8746323896183531,0.05461882689724094,0.02958375957886727
