Dataset,num_of_folds,Features,Targets,Model,r_mean,r_std,r2_mean,r2_std,rmse_mean,rmse_std,mae_mean,mae_std,num_of_data,feature_length
CO2_Soleimani,7,"Polymer_SMILES,T_K,P_Mpa",exp_CO2_sol_g_g,NN,0.8826184377514059,0.030806836008803486,0.7799643678036057,0.05465573431555407,0.06488923292203023,0.007006066759715388,0.03526539372729587,0.004113657566350931,515,107
