fold,r,r2,rmse,mae
0.0,0.8901141262747906,0.6751292593126019,0.4533971007512406,0.2597594312463035
1.0,0.7872382463676518,0.561996096905756,0.5415782647302537,0.3603593365274149
2.0,0.9762458854627215,0.9446015083880276,0.3414761841966614,0.17254506787872292
3.0,0.8995786633299345,0.7956043515755807,0.4510224980873293,0.21841109368358322
4.0,0.8882593392555385,0.7883849094223854,0.5553292209740729,0.18552394232757052
5.0,0.9152281851596411,0.8156821417238109,0.504821290643225,0.30838336939123007
