predicted_SD,SD
14.660892,8.75
9.24626,35.18
14.630168,26.91
9.895073,3.9999999999999996
8.928427,6.9399999999999995
8.928427,7.17
13.554754,10.71
11.931172,12.29
7.7574773,6.299999999999999
15.227629,2.57
17.297329,0.03
