predicted_SD,SD
7.5829554,1.15
3.4612138,5.04
25.194399,16.91
24.526299,21.08
20.68547,9.28
6.460461,5.94
-3.5859988,1.12
6.1163535,3.6
11.648574,11.47
-1.4805489,2.63
-5.1411805,0.2
