predicted_SD,SD
15.503688,8.75
10.911503,35.18
15.639619,26.91
9.010601,3.9999999999999996
10.745504,6.9399999999999995
10.252946,7.17
13.205823,10.71
11.653072,12.29
7.2820077,6.299999999999999
14.321382,2.57
17.379623,0.03
