predicted_SD,SD
5.4236035,0.17000000000000004
4.088873,2.25
16.489275,15.65
11.839116,6.15
7.749523,17.01
7.749523,15.580000000000002
4.0297847,1.61
3.6142578,5.22
3.448721,2.76
1.987866,3.2899999999999996
2.6829247,0.99
