predicted_SD,SD
9.465726,3.57
9.641761,4.13
7.7741733,9.2
20.528965,18.07
4.7396393,11.789999999999997
4.7396393,11.82
8.172565,20.51
5.168886,2.28
5.344921,1.25
2.6161826,2.5
7.3403587,0.86
