predicted_SD,SD
6.4432464,1.25
6.4432464,17.61
4.970179,0.27
11.856114,19.32
11.856114,12.98
8.107997,7.61
2.2859042,0.0
3.1877298,3.17
9.6986475,0.4
3.2651575,0.56
3.1877298,1.74
