predicted_SD,SD
11.598086,0.83
6.3978305,19.28
16.85256,15.08
-3.5052676,0.3
10.269668,11.17
-6.035394,0.27
2.7037945,2.22
0.48387295,0.33000000000000007
-1.0771042,2.91
3.370531,8.01
2.8316438,0.96
