predicted_SD,SD
6.095942,0.83
6.095942,19.28
10.850691,15.08
5.671031,0.3
6.426158,11.17
5.671031,0.27
3.3924394,2.22
5.278719,0.33000000000000007
3.3924394,2.91
2.986781,8.01
2.986781,0.96
