predicted_SD,SD
10.152719,3.57
7.8599644,4.13
8.719279,9.2
17.98039,18.07
5.0338173,11.789999999999997
4.790781,11.82
5.885297,20.51
4.2266126,2.28
4.386386,1.25
2.2971125,2.5
9.6706295,0.86
