predicted_SD,SD
13.689448,41.41
7.7104673,1.19
4.740142,3.2899999999999996
7.8682766,8.63
8.798105,5.43
16.09612,12.92
9.059843,27.510000000000005
3.773666,2.28
4.3467937,15.13
3.9054303,2.28
12.599431,0.3
