predicted_SD,SD
7.14499,1.25
6.995394,17.61
3.8071315,0.27
16.522377,19.32
16.522377,12.98
7.2057548,7.61
-0.41238022,0.0
1.5921663,3.17
9.942448,0.4
1.7941101,0.56
0.24447636,1.74
