predicted_SD,SD
6.407942,0.17000000000000004
5.56667,2.25
16.598566,15.65
9.052594,6.15
8.964201,17.01
8.964201,15.580000000000002
5.1994505,1.61
4.212159,5.22
3.2316446,2.76
3.2316446,3.2899999999999996
4.212159,0.99
