predicted_SD,SD
11.38046,41.41
8.00587,1.19
4.892364,3.2899999999999996
5.539805,8.63
10.248046,5.43
17.338705,12.92
13.098802,27.510000000000005
4.7500854,2.28
6.4572706,15.13
4.030982,2.28
15.998659,0.3
