predicted_SD,SD
5.3068647,1.15
6.166444,5.04
20.05318,16.91
21.963865,21.08
21.963865,9.28
9.392782,5.94
5.2370863,1.12
10.66757,3.6
10.915942,11.47
4.0514083,2.63
2.213153,0.2
