fold,r,r2,rmse,mae
0.0,0.3185777893279534,0.08070955501079491,11.838299926142799,8.525306765816428
1.0,0.7498313623267222,0.5367767770609453,4.180569649809808,3.3106200495633216
2.0,-0.16781187919418256,-0.2025499351889879,11.155151391303965,8.032037011926825
3.0,0.47869286093614727,0.18597993206273677,5.972608362773284,5.030980275760997
4.0,0.511683124458165,0.22916527285611832,5.684088520733353,4.7135282620516685
5.0,0.869951035115469,0.4168885298583762,5.002658014512371,3.692752493078058
6.0,0.652000284824821,0.3872155477818492,5.494484029918532,4.172828731536865
