Dataset,num_of_folds,Features,Targets,Model,r_mean,r_std,r2_mean,r2_std,rmse_mean,rmse_std,mae_mean,mae_std,num_of_data,feature_length
Swelling_Xu,7,Sum_of_Frags,SD,BRT,0.48756065397072795,0.31640336311979034,0.23345509706311893,0.22834748729530066,7.046837127884873,2.869827537983371,5.35400765567631,1.929986124881824,77,12
