fold,r,r2,rmse,mae
0.0,0.8306672282525122,0.6472273780039153,0.07283307524071031,0.04853255385100532
1.0,0.7419366190586455,0.5183831479648217,0.07832493081184885,0.05672463634821644
2.0,0.8153338617311972,0.6559142599932578,0.06746273274289377,0.04369983656821219
3.0,0.731937908631207,0.5330822520543769,0.09319291935144673,0.06327873765079044
4.0,0.7883181227957481,0.6135435224331056,0.09176471167501765,0.06108919048582343
5.0,0.7960162360705476,0.6119417321375645,0.09490156239632021,0.06848304020087681
6.0,0.8050400852997336,0.6477325649131878,0.08222954983802432,0.053281160126801286
