Dataset,num_of_folds,Features,Targets,Model,r_mean,r_std,r2_mean,r2_std,rmse_mean,rmse_std,mae_mean,mae_std,num_of_data,feature_length
CO2_Soleimani,7,"polymer_automated_frag_SMILES,T_K,P_Mpa",exp_CO2_sol_g_g,LSTM,0.7870357231199415,0.03418571643422278,0.6039749796428898,0.05208502898059755,0.08295849743660884,0.009925247777629004,0.05644130789024656,0.008002828662406604,515,104
