fold,r,r2,rmse,mae
0.0,0.8660180083654382,0.6975431693047054,0.0674392776168,0.04236810594607591
1.0,0.7499103952898223,0.5461796731224853,0.07603107915026967,0.05413773462602057
2.0,0.7795990033594465,0.596248382282932,0.07307818118978364,0.048058525870289866
3.0,0.7758242272689836,0.5811542446737026,0.08826525593155893,0.061250306774438136
4.0,0.7979013316589536,0.6294197617723196,0.08986002538154958,0.05983914542236455
5.0,0.820673150765527,0.6591394157711146,0.08894330927611863,0.0668571506998961
6.0,0.8322676208072897,0.6916039057490548,0.07693892229332278,0.049246449019073525
