Dataset,num_of_folds,Features,Targets,Model,r_mean,r_std,r2_mean,r2_std,rmse_mean,rmse_std,mae_mean,mae_std,num_of_data,feature_length
CO2_Soleimani,7,"Polymer_BigSMILES,T_K,P_Mpa",exp_CO2_sol_g_g,LSTM,0.9626266535685171,0.009940200485909318,0.9229211557752609,0.019108929000691596,0.03635771039807859,0.005862200563114053,0.021153700825543128,0.0035778782798880264,515,104
