fold,r,r2,rmse,mae
0.0,0.46240184741783646,0.16970017495594003,0.9005945362686889,0.6641476711676795
1.0,0.508326539591427,0.2121857798661927,0.8802024338898478,0.6592733380442343
2.0,0.3471712912544085,0.09605885627924027,1.0234903215337863,0.7124590244833989
3.0,0.49123141041698526,0.21782251199313063,1.0764774210944734,0.7345372170267984
4.0,0.5387173858960973,0.24635489272660027,1.0707998743056222,0.7915151124980344
