predicted_SD,SD
4.9377465,41.41
2.1465209,1.19
6.4714427,3.2899999999999996
4.368708,8.63
7.987828,5.43
8.318091,12.92
26.312748,27.510000000000005
3.3460975,2.28
3.2018049,15.13
13.112118,2.28
4.7466373,0.3
