predicted_SD,SD
4.6640525,1.15
9.699719,5.04
4.857009,16.91
2.8255029,21.08
4.2200303,9.28
4.0500813,5.94
4.218602,1.12
0.71468776,3.6
4.1236324,11.47
4.844026,2.63
11.178703,0.2
