predicted_SD,SD
8.354978,8.75
6.782077,35.18
9.397578,26.91
8.515901,3.9999999999999996
6.8973603,6.9399999999999995
13.198277,7.17
13.198523,10.71
4.287129,12.29
9.483688,6.299999999999999
6.6715636,2.57
7.988751,0.03
