predicted_SD,SD
3.7164943,0.17000000000000004
17.086258,2.25
0.7770122,15.65
4.990622,6.15
15.929208,17.01
16.911263,15.580000000000002
1.6847184,1.61
4.8037615,5.22
1.9249885,2.76
0.33990443,3.2899999999999996
9.870785,0.99
