predicted_SD,SD
5.3861537,3.57
6.1192913,4.13
17.374634,9.2
5.886178,18.07
2.4751322,11.789999999999997
3.9547427,11.82
8.123959,20.51
4.501518,2.28
5.5867686,1.25
4.570322,2.5
3.6038454,0.86
