predicted_SD,SD
3.5767803,1.25
9.169556,17.61
12.781467,0.27
8.7414875,19.32
14.455986,12.98
4.432714,7.61
0.856843,0.0
15.446224,3.17
0.9002989,0.4
4.354649,0.56
8.043639,1.74
