predicted_SD,SD
4.7380543,0.83
20.511414,19.28
19.555178,15.08
12.169474,0.3
13.740176,11.17
13.619842,0.27
-0.19241482,2.22
2.1728296,0.33000000000000007
4.448004,2.91
2.1575384,8.01
6.8470716,0.96
