fold,r,r2,rmse,mae
0.0,0.3344351223782193,0.0046779173838567,12.318130066442816,7.409231366244231
1.0,0.37002590992007267,-0.31710419923472966,7.049371016252513,4.544001946015791
2.0,-0.10052914435324552,-0.1689424051470203,10.998170949558713,7.511598330411044
3.0,0.203902614779849,-0.16198492512881035,7.135866706917808,5.918411007794467
4.0,0.6860638645442956,0.03912818400517715,6.346187864533151,4.994265310330824
5.0,-0.32774443595893815,-0.565457221076092,8.196824283510345,6.541287266341123
6.0,0.36070145335817516,-0.03925146446115191,7.155390979754274,5.658375543464313
