Dataset,num_of_folds,Features,Targets,Model,r_mean,r_std,r2_mean,r2_std,rmse_mean,rmse_std,mae_mean,mae_std,num_of_data
Swelling_Xu,7,PS_BigSMILES,SD,BRT,0.4372267404337244,0.1994186731053224,0.2309350297333869,0.19460244899437865,7.585490335325594,2.5230495505499233,5.361778929479323,1.4670169552870687,77
