predicted_SD,SD
15.617210065824729,8.75
6.984251139715142,35.18
6.984251139715142,26.91
5.303730407798474,3.9999999999999996
4.331418385139807,6.9399999999999995
4.331418385139807,7.17
6.984251139715142,10.71
15.617210065824729,12.29
10.932837956915497,6.299999999999999
13.945256409398246,2.57
13.945256409398246,0.03
