predicted_SD,SD
7.423755180385071,1.25
5.736748827119905,17.61
4.413339890060277,0.27
12.691226329640603,19.32
12.691226329640603,12.98
5.736748827119905,7.61
4.413339890060277,0.0
5.309714659381342,3.17
10.426361596018122,0.4
7.423755180385071,0.56
5.309714659381342,1.74
