predicted_SD,SD
4.335454928578424,0.83
7.709869510735588,19.28
7.709869510735588,15.08
4.150258189186205,0.3
5.74821866071682,11.17
4.150258189186205,0.27
5.279640288713875,2.22
4.150258189186205,0.33000000000000007
4.150258189186205,2.91
7.709869510735588,8.01
5.74821866071682,0.96
