predicted_SD,SD
4.140464118741874,0.17000000000000004
4.140464118741874,2.25
14.842994587422242,15.65
4.3349733190543445,6.15
10.428303664646782,17.01
10.428303664646782,15.580000000000002
6.426767177489348,1.61
10.428303664646782,5.22
6.412727820501598,2.76
6.412727820501598,3.2899999999999996
10.428303664646782,0.99
