predicted_SD,SD
5.882528911942368,1.15
6.416513121544814,5.04
10.997059157014782,16.91
7.828621044984013,21.08
7.828621044984013,9.28
5.882528911942368,5.94
4.961989038368765,1.12
7.828621044984013,3.6
14.601090607700947,11.47
5.751923862821266,2.63
4.961989038368765,0.2
