predicted_SD,SD
7.198262090222029,41.41
5.805006885278082,1.19
4.678807383020949,3.2899999999999996
6.279786292966441,8.63
4.678807383020949,5.43
6.692468004119328,12.92
6.692468004119328,27.510000000000005
6.279786292966441,2.28
6.692468004119328,15.13
3.711323223211631,2.28
15.79690205707266,0.3
