predicted_SD,SD
10.926760678598267,3.57
4.329067466768382,4.13
6.778585012123088,9.2
10.985693249353185,18.07
4.6929280453595315,11.789999999999997
4.6929280453595315,11.82
12.791367688689531,20.51
6.778585012123088,2.28
4.329067466768382,1.25
5.307934925496392,2.5
10.238262976774186,0.86
