fold,r,r2,rmse,mae
0.0,-0.03875600325677448,-0.193422266339891,13.488387495067823,9.066142369362034
1.0,0.6893653650992613,0.3840217066530812,4.820843193094233,4.223198468136337
2.0,-0.26574176467858784,-0.4277980643845818,12.155065499884554,8.974173738703172
3.0,0.42621804270281693,0.17744384592133777,6.003842076961363,5.342561498694892
4.0,0.8475369018377855,0.33139767124889863,5.293758673368089,4.4369563128936695
5.0,0.6164982354759689,0.33949193139866685,5.324319230992842,4.169802315164161
6.0,0.5144289918758294,0.20980211778468794,6.239373402666875,5.2721846129227705
