predicted_SD,SD
6.194512665271758,1.2499999962002037
4.257735229581594,17.609999628067015
0.9837372415140271,0.26999999948777254
11.38638901889324,19.320000563263893
11.38638901889324,12.979999412596225
4.257735229581594,7.61000027552247
0.9837372415140271,0.0
3.1704923698306082,3.1699999582767484
18.665360999405383,0.40000000495463606
6.194512665271758,0.5600000146497041
3.1704923698306082,1.7399999367073178
