predicted_SD,SD
13.215191954672335,8.75000028192997
18.05607883363962,35.179999147653575
18.05607883363962,26.91000016748905
3.199442220032215,4.000000049546361
2.7266299418359994,6.939999692589044
2.7266299418359994,7.169999699294567
18.05607883363962,10.709999426901339
13.215191954672335,12.290000009536742
12.051561747193336,6.299999808073044
19.50526578247547,2.57000002797693
19.50526578247547,0.02999999940744601
