predicted_SD,SD
3.3178736778348683,1.1500000335276126
5.551404664218425,5.040000093281269
14.56435148179531,16.91000019788742
19.321239613890647,21.080000399947163
19.321239613890647,9.279999868124722
3.3178736778348683,5.940000065863132
5.360428581684827,1.1200000292994081
19.321239613890647,3.5999998903274535
12.834140692949294,11.470000253915785
6.6892616313695905,2.630000036433339
5.360428581684827,0.20000000247731803
