predicted_SD,SD
4.914698938950896,0.8300000141374766
9.121666105389595,19.280000454783437
9.121666105389595,15.080000171363352
0.8897214984521269,0.30000000371597707
6.778811423778533,11.169999440312385
0.8897214984521269,0.26999999948777254
3.38034731388092,2.2200000043585897
0.8897214984521269,0.33000000794418155
0.8897214984521269,2.9099998702108856
9.121666105389595,8.010000126212836
6.778811423778533,0.9599999810382723
