predicted_SD,SD
0.648791945260018,0.16999999824911355
0.648791945260018,2.249999931454658
12.09338464230299,15.650000483095644
3.8662279355525966,6.150000018328428
10.407147809565066,17.010000469088553
10.407147809565066,15.580000293254852
7.790179710239172,1.6100000469386577
10.407147809565066,5.219999964386225
5.410397247374057,2.7600000804662703
5.410397247374057,3.2899999751895663
10.407147809565066,0.9899999852664768
