predicted_SD,SD
8.501622464060782,41.41
5.921345813125371,1.1899999877437948
3.6519267866760488,3.2899999751895663
5.291301527619361,8.629999956488609
3.6519267866760488,5.4299999168515205
18.093587265610694,12.920000483989714
18.093587265610694,27.50999932646751
5.291301527619361,2.2800000128149986
18.093587265610694,15.13000030696392
3.906672325134277,2.2800000128149986
14.411420053839683,0.30000000371597707
