predicted_SD,SD
9.936255504488944,3.5700001174956557
4.489976387619972,4.130000093579292
6.5363986967504015,9.2000002682209
19.642101893424986,18.06999964147806
3.6675707264244553,11.789999887645244
3.6675707264244553,11.819999969005584
11.516417756080626,20.510000088214873
6.5363986967504015,2.2800000128149986
4.489976387619972,1.2499999962002037
3.110674547478556,2.4999999924004075
17.951785079240796,0.8600000183656811
