fold,r,r2,rmse,mae
0.0,0.39240971503279937,0.15398538445212281,11.500396147498416,7.220127400929445
1.0,0.6266505634332843,0.39269092865125266,4.8271843128018235,4.113760251987047
2.0,0.31335835716777355,0.09819346000688593,10.373418608500778,8.212154135172021
3.0,0.29659160721720285,0.08796658147168353,7.290479266942894,5.584473721063272
4.0,0.7820908283534622,0.6116660637946048,4.43363396874439,3.315711176738312
5.0,0.6641515212690609,0.4410972432040078,6.262193054061775,4.544777521846646
6.0,0.23442415292538796,0.05495468347478568,7.677270176460739,5.291327002260157
