predicted_SD,SD
0.03174065028602456,1.25
0.03272233786809081,17.61
0.030135025063605183,0.27
0.3360135989495784,19.32
1.0078537934338954,12.98
0.2006723437947042,7.61
0.16959027301202834,0.0
0.20484635336401757,3.17
0.223594390348963,0.4
0.2737197712382892,0.56
0.6194707553741254,1.74
