predicted_SD,SD
0.01788885877929041,1.15
0.0019004366767051324,5.04
0.007609352041887647,16.91
0.005661131059979762,21.08
0.012099602584492703,9.28
0.23592618546971508,5.94
0.021128029011712315,1.12
0.02148778356781632,3.6
2.099311603985117,11.47
0.6177220308903554,2.63
0.17791613292187572,0.2
