predicted_SD,SD
0.05158717294769484,3.57
0.007860510404814256,4.13
0.04596474049144443,9.2
0.1326015648229576,18.07
0.039064778524546095,11.789999999999997
0.08667047086332122,11.82
0.1510766783395344,20.51
0.11808658635282414,2.28
0.06746288391037059,1.25
0.5433381335738923,2.5
0.08110250359190958,0.86
