predicted_SD,SD
1.9938100036948727,8.75
2.6955284720690105e-06,35.18
0.005616949044619408,26.91
0.00895251536165698,3.9999999999999996
0.01404941550568144,6.9399999999999995
0.048382124132484806,7.17
0.009274952428538288,10.71
1.0206484136882312,12.29
1.0810150667844105,6.299999999999999
0.5026167577850701,2.57
0.5026176036479005,0.03
