predicted_SD,SD
0.002624459955225904,0.83
0.006018956303248071,19.28
0.04172448578459014,15.08
1.54297650982559e-05,0.3
0.05557060649392878,11.17
9.385688607579393e-05,0.27
0.037875974295336,2.22
5.612401143787734e-05,0.33000000000000007
0.0001506081223906032,2.91
0.8932923194654119,8.01
0.3556760888728314,0.96
