predicted_SD,SD
0.0016569971027769776,41.41
0.0020445155661406615,1.19
0.013738838015082808,3.2899999999999996
0.05876709258899475,8.63
0.09988241344462812,5.43
0.08571082790879998,12.92
0.01556067281972953,27.510000000000005
0.08600956581743784,2.28
0.13153602830826833,15.13
0.15807563607993536,2.28
3.340152354177974,0.3
