predicted_SD,SD
0.002553989413306877,0.17000000000000004
2.516582158690815e-06,2.25
0.05529241125466011,15.65
0.01288157749713632,6.15
0.31050241555106184,17.01
0.43311209666057043,15.580000000000002
0.12589869840763648,1.61
0.05861534827476147,5.22
0.09653543354004313,2.76
0.2746095975006091,3.2899999999999996
1.1465744943330114,0.99
