fold,r,r2,rmse,mae
0.0,-0.29242889801504185,-0.7847033476830301,16.49475938832693,11.132469978775106
1.0,-0.0176366485926747,-1.022303592924425,8.735011440001312,6.225142764513733
2.0,-0.2610025737923036,-1.1040739688661487,14.755516318180295,10.600749882699445
3.0,-0.09374337197279818,-1.3559453398870427,10.16082770783871,7.6959258160160635
4.0,0.06319172089656729,-0.7055749832647382,8.455038810287835,5.451536462731311
5.0,0.10871283304246378,-1.0774544180920769,9.442582214782968,6.836486259364642
6.0,0.24186367603222061,-0.6225767882810875,8.940785505201005,5.647165568480975
