fold,r,r2,rmse,mae
1.0,0.9858548040602212,0.9719096946886171,0.020884486275379113,0.013365737523840664
2.0,0.9831189878108468,0.966522944194224,0.020699309972486413,0.012609207902712133
3.0,0.9759816248961695,0.9525401321349672,0.025133170097104793,0.013891637360172734
4.0,0.9930855646028239,0.9862189386225095,0.01641305432952284,0.012090511442757496
5.0,0.9795769545728383,0.9595710099301966,0.030494229030880407,0.017094220209964112
6.0,0.9926977512463075,0.9854488253294759,0.018570947123702736,0.011240878883071181
7.0,0.9913204591546305,0.9827162527385475,0.01844414080644245,0.011863760082721843
