fold,r,r2,rmse,mae
1.0,0.2039073322403043,0.041578200141357845,12.540410820687512,7.977172330144605
2.0,0.5466778302904337,0.2988566501310562,5.61657184749829,4.113970395576397
3.0,0.13165070547423954,0.017331908251864966,10.228992636793857,6.940088052026682
4.0,0.5039481499048344,0.2539637377925054,5.721074700789191,4.962817412983284
5.0,0.1708626502212422,0.029194045240626555,7.957168785759605,6.216074278154955
6.0,0.8240040043668123,0.6789825992125417,3.9412833859096463,3.2011004444443043
7.0,0.35482525960408484,0.1259009648531062,7.371699009458522,5.425558717696444
