fold,r,r2,rmse,mae
0.0,0.7008338716239415,0.3607956738335033,0.7901902833062304,0.4170970153133984
1.0,0.6599837102609691,0.3518359871160097,0.7983863536813501,0.4128744751633273
2.0,0.5027244195329944,0.0740964592438681,1.0358492160433261,0.5831737947481531
3.0,0.6962666271431311,0.44437848363497034,0.9072809602324148,0.5818968557499997
4.0,0.7241749256180636,0.39864251010492713,0.9565137714826581,0.5263984146876473
