fold,r,r2,rmse,mae
0.0,0.9710140788446158,0.9426267664276773,0.028475466873757547,0.017410123241511664
1.0,0.9751454372873466,0.9273243799616467,0.03092457170569466,0.020048198810478812
2.0,0.9852250178470695,0.953425478292212,0.028898344276310217,0.019845441642941712
3.0,0.9788838229561367,0.9547244446457467,0.032187967733105914,0.020085282186046247
4.0,0.9647397922399521,0.9067620875195371,0.04407348649120808,0.02788246101802396
