Dataset,num_of_folds,Features,Targets,Model,r_mean,r_std,r2_mean,r2_std,rmse_mean,rmse_std,mae_mean,mae_std,num_of_data,feature_length
CO2_Soleimani,7,"Polymer_BRICS,T_K,P_Mpa",exp_CO2_sol_g_g,NN,0.989735233700684,0.0062726422756196835,0.9796151788696653,0.012347243101118463,0.018368521105864743,0.004325710041098478,0.010742291262729796,0.002107282158364436,515,7
