fold,r,r2,rmse,mae
0.0,0.745537138262469,0.5536106729045991,0.6603417150517471,0.34589619036966823
1.0,0.5972372224220761,0.26476735493613746,0.8503212625068203,0.40082597630509426
2.0,0.6524010008572726,0.38042233870434705,0.8473474849626912,0.37201409866739515
3.0,0.8231907125506344,0.662422760002463,0.7071944576900036,0.41787026810904676
4.0,0.7140447856906358,0.48480364554460353,0.8853423838066451,0.44699759956158414
