fold,r,r2,rmse,mae
1.0,0.11152867231075227,0.012438644747399159,13.051545216520191,6.890251081413411
2.0,0.6739974375395265,0.4542725458098479,4.810818610441555,4.087411569814484
3.0,-0.16030065629577456,0.025696300408856048,11.737767744004083,7.914071776177994
4.0,0.5950201162000484,0.354048938682719,5.748766501598231,4.892788967513764
5.0,-0.014777895681307902,0.00021838620076761872,7.850919253461974,6.701651473177298
6.0,0.637203164964101,0.4060278734402673,5.326708382568622,3.9730188303712968
7.0,0.38658213436888456,0.1494457466132023,6.679304094734394,6.184617207570452
