predicted_SD,SD
10.219122494012117,3.5700001174956557
3.545761189609766,4.130000093579292
5.937647227197885,9.2000002682209
11.780173870623111,18.06999964147806
3.3828408415615554,11.789999887645244
3.3828408415615554,11.819999969005584
10.964419467747211,20.510000088214873
5.937647227197885,2.2800000128149986
3.545761189609766,1.2499999962002037
3.372047896087169,2.4999999924004075
16.457161749005316,0.8600000183656811
