predicted_SD,SD
0.5313525995519012,0.16999999824911355
0.5313525995519012,2.249999931454658
12.081902444064616,15.650000483095644
3.113431867063045,6.150000018328428
10.5001703992486,17.010000469088553
10.5001703992486,15.580000293254852
6.228774142861366,1.6100000469386577
10.5001703992486,5.219999964386225
5.947684894800186,2.7600000804662703
5.947684894800186,3.2899999751895663
10.5001703992486,0.9899999852664768
