predicted_SD,SD
2.9911968693882223,1.1500000335276126
5.11642508149147,5.040000093281269
13.566369014680385,16.91000019788742
19.90834721624851,21.080000399947163
19.90834721624851,9.279999868124722
2.9911968693882223,5.940000065863132
3.8117967130243775,1.1200000292994081
19.90834721624851,3.5999998903274535
13.80627957522869,11.470000253915785
5.909100315272807,2.630000036433339
3.8117967130243775,0.20000000247731803
