predicted_SD,SD
11.873666442632675,41.40999855995178
5.691224855482578,1.190000025331974
2.765675520002842,3.2900000700354575
4.632197715640068,8.629999809265136
2.765675520002842,5.4299998909235
8.719598930478096,12.919999526143075
8.719598930478096,27.509999012947084
4.632197715640068,2.2800000859797
8.719598930478096,15.130000396966935
3.0799253638088704,2.2800000859797
13.361804060339928,0.29999999234452845
