predicted_SD,SD
3.711662540435791,0.8300000141374766
7.794394827187061,19.280000454783437
7.794394827187061,15.080000171363352
2.2864275879412888,0.30000000371597707
5.411391943395137,11.169999440312385
2.2864275879412888,0.26999999948777254
3.580254063606262,2.2200000043585897
2.2864275879412888,0.33000000794418155
2.2864275879412888,2.9099998702108856
7.794394827187061,8.010000126212836
5.411391943395137,0.9599999810382723
