predicted_SD,SD
13.92692164003849,8.75000028192997
12.744941388964651,35.179999147653575
12.744941388964651,26.91000016748905
3.0918333264440294,4.000000049546361
2.1742004848644134,6.939999692589044
2.1742004848644134,7.169999699294567
12.744941388964651,10.709999426901339
13.92692164003849,12.290000009536742
10.548350216448306,6.299999808073044
18.089896030128,2.57000002797693
18.089896030128,0.02999999940744601
