predicted_SD,SD
6.340597517788409,1.2499999809265137
3.95930808186531,17.610000190138816
0.8617672634497284,0.270000008251518
11.431378804445265,19.320000446438787
11.431378804445265,12.979999878406522
3.95930808186531,7.610000295937061
0.8617672634497284,-1.03143974958253e-09
4.107894763797521,3.1700000469386573
18.740749565958975,0.3999999822117388
6.340597517788409,0.5600000005587935
4.107894763797521,1.7399999479949473
