fold,r,r2,rmse,mae
0.0,0.5183349233765366,0.10276610179392875,11.695419029835604,7.894467007468708
1.0,0.636204038893226,0.39738392503812214,4.768268146425493,4.1389827969145365
2.0,0.0896456916891004,-0.20462455270379776,11.16476942408466,8.540619006762808
3.0,0.16004488690570806,-0.22483288279046354,7.326303359171574,5.963459720770743
4.0,0.8347426486521458,0.435198614338262,4.865506740588432,3.6383261227785524
5.0,0.66518859247878,0.06786576901793462,6.3250543077574335,4.385216095992787
6.0,0.21005103758405486,-0.2318865607101397,7.790375864495843,5.519081429861782
