fold,r,r2,rmse,mae
1.0,-0.03918736281072144,0.0015356494040591137,13.734187144878128,7.786806284380606
2.0,0.8970823321453202,0.8047567106472866,2.927667243857826,2.5528150577200575
3.0,0.45580140608583225,0.20775492178982174,9.159216499992237,6.285045249800702
4.0,0.3138881585539869,0.09852577608041281,6.571286011762531,5.240180381835004
5.0,0.40698731133902055,0.16563867159096485,6.042796470566014,4.782966014271505
6.0,0.7033569985408824,0.49471106739643883,5.5762646047267745,3.4254602499305506
7.0,0.2612836118520917,0.06826912582247452,10.518255231047329,5.4504
