fold,r,r2,rmse,mae
0.0,0.9741058919069395,0.9453121698542224,0.02867652727778759,0.020925516345674043
1.0,0.9315056121369726,0.8357246376987123,0.0457441328615732,0.030948222852878692
2.0,0.922324343242626,0.8311224793005244,0.04726248084523126,0.02913163808856059
3.0,0.9839417315239711,0.9463566183872757,0.03158790325717895,0.022863269604389037
4.0,0.9578187137769263,0.8960937422591314,0.04758239092013198,0.03101907333422912
5.0,0.9696446668728667,0.9394762034952052,0.03747899814569743,0.025868816939755415
6.0,0.9795541617402952,0.9337441066121083,0.03566185429736865,0.026942291916009952
