fold,r,r2,rmse,mae
0.0,0.9606313992130662,0.9091949116569307,0.03582376952850225,0.019272693709377824
1.0,0.9685327335143419,0.9261722797842463,0.031168725883652774,0.02160792124839274
2.0,0.9806813154117587,0.9312403373949253,0.03511281330406972,0.02275020473044178
3.0,0.9631010898388335,0.9116352887353693,0.04496774355792138,0.026872907577082522
4.0,0.9739451593225218,0.9432667280741284,0.034379539251379036,0.022021850212653467
