Dataset,num_of_folds,Features,Targets,Model,r_mean,r_std,r2_mean,r2_std,rmse_mean,rmse_std,mae_mean,mae_std,num_of_data,feature_length
CO2_Soleimani,7,"polymer_automated_frag,T_K,P_Mpa",exp_CO2_sol_g_g,NN,0.960011765918263,0.01986976836834865,0.9005831345798023,0.052886066322776655,0.039406212737133316,0.007359671979573935,0.025226459893782437,0.003819177689257436,515,33
