Dataset,num_of_folds,Features,Targets,Model,r_mean,r_std,r2_mean,r2_std,rmse_mean,rmse_std,mae_mean,mae_std,num_of_data,feature_length
CO2_Soleimani,7,"polymer_automated_frag,T_K,P_Mpa",exp_CO2_sol_g_g,NN,0.9598421601715138,0.022308026751454445,0.903975708229597,0.0473274524583233,0.03914204108642415,0.007193628654487953,0.026814118440213832,0.003612245577674732,515,33
