predicted_SD,SD
2.901800000000001,1.15
9.908099999999987,5.04
18.61809999999999,16.91
17.266400000000004,21.08
12.146899999999999,9.28
5.728699999999996,5.94
3.237200000000002,1.12
14.841099999999997,3.6
8.223599999999992,11.47
2.749400000000002,2.63
1.0459000000000005,0.2
