predicted_SD,SD
1.4293000000000002,0.17000000000000004
4.997799999999996,2.25
16.751000000000005,15.65
6.568099999999995,6.15
12.196399999999999,17.01
10.855699999999993,15.580000000000002
4.147499999999999,1.61
11.219199999999995,5.22
3.4424000000000006,2.76
2.942400000000002,3.2899999999999996
5.2243999999999975,0.99
