predicted_SD,SD
3.582399999999995,41.41
1.445500000000001,1.19
9.244100000000001,3.2899999999999996
9.2283,8.63
8.0212,5.43
11.626400000000011,12.92
3.4411999999999994,27.510000000000005
2.6082999999999985,2.28
2.5332,15.13
2.2150000000000007,2.28
10.805900000000003,0.3
