predicted_SD,SD
17.170699999999997,8.75
9.8196,35.18
11.975000000000007,26.91
6.131099999999998,3.9999999999999996
7.132599999999993,6.9399999999999995
6.093899999999993,7.17
12.186600000000007,10.71
13.170299999999997,12.29
9.603099999999985,6.299999999999999
11.668299999999999,2.57
11.430999999999989,0.03
