predicted_SD,SD
1.8497000000000003,0.83
6.287099999999992,19.28
12.632699999999986,15.08
6.781699999999992,0.3
9.364699999999997,11.17
5.690399999999995,0.27
2.7188000000000017,2.22
1.5189000000000006,0.33000000000000007
1.352600000000001,2.91
5.2802,8.01
1.2015000000000005,0.96
