predicted_SD,SD
9.447699999999996,3.57
10.30049999999999,4.13
10.023199999999992,9.2
15.4402,18.07
7.891099999999993,11.789999999999997
6.389599999999992,11.82
12.391400000000003,20.51
3.7103999999999995,2.28
3.2808000000000015,1.25
2.942000000000002,2.5
14.285200000000001,0.86
