predicted_SD,SD
2.4651999999999994,1.25
4.1686000000000005,17.61
2.3036000000000003,0.27
14.522299999999994,19.32
13.908499999999997,12.98
10.047699999999988,7.61
2.399,0.0
2.6812000000000014,3.17
8.918399999999991,0.4
1.7176000000000011,0.56
1.2237000000000002,1.74
