fold,r,r2,rmse,mae
0.0,-0.21376532145593155,-0.38565255140649146,14.534166750641559,8.73500909090909
1.0,0.8668382604200937,0.7181875489982532,3.2607716760969887,2.6241090909090903
2.0,0.11381070358285068,-0.02742712495303734,10.310967611678878,7.115927272727268
3.0,0.5016631036409336,0.21704094681397046,5.857550038508964,4.570681818181818
4.0,0.6761361009414585,0.4315331187932663,4.881269438373589,3.307609090909092
5.0,0.8129804648862841,0.5877949932222968,4.206119955709557,2.980890909090908
6.0,0.6734183870604911,0.45330066049792217,5.189760558848722,3.4485636363636347
