fold,r,r2,rmse,mae
0.0,0.9927861967124848,0.9851250163974025,0.014499213251116442,0.010480501459726729
1.0,0.9821108048910404,0.952028126148989,0.025124802824330883,0.013942475410311218
2.0,0.9931701805314245,0.9840847338878934,0.016892958345333647,0.0113703520311306
3.0,0.9893548618972927,0.9744773009574806,0.024167123639436433,0.0144562473166734
4.0,0.9896568012487302,0.9709554365211287,0.024598779718686185,0.015378869888535476
