Dataset,num_of_folds,Features,Targets,Model,r_mean,r_std,r2_mean,r2_std,rmse_mean,rmse_std,mae_mean,mae_std,num_of_data,feature_length
CO2_Soleimani,7,"CO2_FP_radius_3_nbits_512,T_K,P_Mpa",exp_CO2_sol_g_g,NN,0.9943050397643847,0.0017626011654784857,0.9886456188637232,0.003505752404556075,0.014150979127755096,0.002841974110707846,0.008085630021533776,0.0011166225729486944,515,514
