predicted_SD,SD
0.018966800976708935,41.41
0.1247050312800821,1.19
0.6000104089218142,3.2899999999999996
4.688100613838607,8.63
3.0862450246941506,5.43
6.405047218305994,12.92
2.3562909111137187,27.510000000000005
4.572486725612924,2.28
0.8668308325059978,15.13
0.03938010118955008,2.28
0.10360270242306771,0.3
