predicted_SD,SD
0.37507224547624063,0.17000000000000004
0.034890896894227676,2.25
0.9306750493758967,15.65
0.8588092202309737,6.15
1.0167463221818944,17.01
1.0721644559986419,15.580000000000002
3.1222647509137604,1.61
2.292126096595553,5.22
0.8770182024740837,2.76
0.16114427112500815,3.2899999999999996
0.025360030825593873,0.99
