predicted_SD,SD
0.29393370964788296,0.83
0.8165125179066564,19.28
6.027024562910322,15.08
0.30394224204285597,0.3
5.244070104702549,11.17
0.1131227630437957,0.27
2.8483495962368326,2.22
0.09338627804960002,0.33000000000000007
0.20299225734322057,2.91
0.4601419990970678,8.01
0.015718618655069454,0.96
