predicted_SD,SD
1.0327262579116905,3.57
0.2966989240633361,4.13
4.658704782221487,9.2
9.400912065540629,18.07
3.242328808496681,11.789999999999997
1.7725019217002858,11.82
7.934122876664778,20.51
0.6145698693072372,2.28
0.4404544790151363,1.25
0.148227940697182,2.5
0.0965068323132703,0.86
