predicted_SD,SD
0.3227731660721434,1.15
1.1227682615175367,5.04
2.347206195009424,16.91
4.796828962675076,21.08
4.866905406331416,9.28
2.3957451729566324,5.94
2.6408746617830308,1.12
3.7623108485796006,3.6
1.1765836108594112,11.47
0.15338196780454355,2.63
0.010107023092978064,0.2
