predicted_SD,SD
0.45018527322651725,1.25
1.2326262584732,17.61
0.5935113204833589,0.27
7.739204049502274,19.32
8.890232224366644,12.98
4.020763652828562,7.61
0.43938196134182417,0.0
0.8337431867462153,3.17
5.366812480097977,0.4
0.03200081993575827,0.56
0.032035043925194365,1.74
