predicted_SD,SD
1.4790644311020356,8.75
0.1369861962932732,35.18
1.0015308924678916,26.91
0.6798253062494463,3.9999999999999996
0.4337772719746583,6.9399999999999995
0.49207561730157845,7.17
4.107830038994308,10.71
7.228537573439462,12.29
1.926714970125977,6.299999999999999
6.784635996242826e-05,2.57
0.001994096653988267,0.03
