fold,r,r2,rmse,mae
0.0,-0.06332091494988062,-0.5692390876628659,15.46705124097719,9.281209734578477
1.0,0.0773613909712886,-0.7854162518891223,8.207483970424276,5.7589456773352845
2.0,0.02878816167967458,-0.8844728486650224,13.96428974166694,9.396508705367038
3.0,0.9191853154076294,0.048593377774599156,6.456981873142373,5.122022294733481
4.0,0.5656432841475872,-0.13642772026800465,6.901620994142072,4.200489911538503
5.0,0.5634618363088868,-0.3550803603496986,7.626188724422535,5.29008052218577
6.0,0.614303911725692,0.13972758093295834,6.510150764530159,4.248992295719891
