fold,r,r2,rmse,mae
0.0,0.9639528736972933,0.9288284570279874,0.032714056510053525,0.01776630417311532
1.0,0.9725913272096689,0.945574426004448,0.026329989963778232,0.014656951317157232
2.0,0.9616509550722738,0.9246026453381,0.03157974693586901,0.015513407478967336
3.0,0.9839395795913687,0.9651848274049877,0.025447609964486046,0.01617650564676022
4.0,0.960401713065382,0.9223407689251555,0.041135989747107846,0.019234081803006637
5.0,0.9860663234747046,0.9721266362440255,0.02543428806716858,0.015303656209502204
6.0,0.991385433918603,0.9826415567841641,0.018253537959772068,0.012522630850826598
