fold,r,r2,rmse,mae
0.0,0.9665279869321225,0.9031621976856443,0.03699462681333946,0.032462087548902785
1.0,0.9511226903823585,0.8869625549078629,0.03856741114626669,0.03346839051593645
2.0,0.9655711329513023,0.9248281189130567,0.036713557140180056,0.031707583679057225
3.0,0.9703765477729804,0.9354785423150179,0.03842498867914923,0.0302508784649559
4.0,0.9544651647769914,0.9057666249996463,0.04430813943314713,0.035963339317603385
