fold,r,r2,rmse,mae
0.0,0.82903738974821,0.687091073326122,0.8726164719553733,0.615816200329143
1.0,0.8267863552654173,0.6813311468279053,0.88868791591538,0.6183340899679082
2.0,0.8066318873281216,0.6441970892507893,0.8960116401397147,0.596663877962609
3.0,0.8368919997706213,0.699330578886588,0.8544625077367468,0.5992151000906025
4.0,0.8411590886392359,0.7069043625984197,0.8747212708946066,0.6138411363299782
