Dataset,num_of_folds,Features,Targets,Model,r_mean,r_std,r2_mean,r2_std,rmse_mean,rmse_std,mae_mean,mae_std,num_of_data,feature_length
DFT_Ramprasad,5,polymer_automated_frag_SMILES,value,BRT,0.8496183698092643,0.011290298576734888,0.7203752900810306,0.019249157306673922,0.8253205977404322,0.029408022118173352,0.5551559069610347,0.023407644959831716,3380,106
