fold,r,r2,rmse,mae
0.0,0.9510416523998749,0.8820710384068623,0.042110601624193195,0.03409694375437978
1.0,0.948342077820451,0.8812072730304564,0.038899508191938166,0.030793588596808523
2.0,0.946071900498029,0.8787161246843487,0.040052730065376005,0.029315486229596555
3.0,0.9653210752447445,0.931458390961756,0.03570589069601323,0.02896846845505379
4.0,0.9639381587063123,0.9247802802843831,0.040484731505238174,0.028919843500615015
5.0,0.9725871554581587,0.9335889374891029,0.039259531149470575,0.031732702484881074
6.0,0.9563036821909879,0.9095416860007498,0.04166927182981585,0.03446943553834758
