Dataset,num_of_folds,Features,Targets,Model,r_mean,r_std,r2_mean,r2_std,rmse_mean,rmse_std,mae_mean,mae_std,num_of_data,feature_length
CO2_Soleimani,7,"polymer_automated_frag_aug_recombined_fp,T_K,P_Mpa",exp_CO2_sol_g_g,SVM,0.9576579574740798,0.009162634822884649,0.9059091044082369,0.02300977475868874,0.03974032358029217,0.001971423738678076,0.03118520979424033,0.002179749055635455,3665,514
