fold,r,r2,rmse,mae
0.0,0.9873426216494489,0.9748454525256067,0.019894080518865966,0.010773530838135127
1.0,0.9829911018454625,0.9662715063073564,0.020959802118868987,0.010870869735489674
2.0,0.9688665618719622,0.9387024147135967,0.028593776442400617,0.013032489712364167
3.0,0.9931520751186749,0.9863510443125301,0.016941739759196096,0.009999545734673739
4.0,0.9848989028993272,0.9700258489322985,0.025980940020215258,0.013784167751392275
5.0,0.9931108611889767,0.986269182611511,0.017914554350029956,0.01086009801415752
6.0,0.9948978775597334,0.9898217867728621,0.014761590395980972,0.00894818251636951
