predicted_SD,SD
4.42278013792357,1.15
4.425584985482846,5.04
10.574152033881123,16.91
15.509485027736053,21.08
15.509485027736053,9.28
4.42278013792357,5.94
3.8959086876850333,1.12
15.509485027736053,3.6
15.43278478407177,11.47
6.865077673952178,2.63
3.8959086876850333,0.2
