predicted_SD,SD
5.354848132642958,0.83
6.536086792406044,19.28
6.536086792406044,15.08
6.607153188387381,0.3
6.087127937105969,11.17
6.607153188387381,0.27
4.781165129022987,2.22
6.607153188387381,0.33000000000000007
6.607153188387381,2.91
6.536086792406044,8.01
6.087127937105969,0.96
