predicted_SD,SD
11.332714040959043,3.57
3.416331053113553,4.13
6.296478272005771,9.2
13.015437023809525,18.07
3.4448605522255535,11.789999999999997
3.4448605522255535,11.82
11.478294040404036,20.51
6.296478272005771,2.28
3.416331053113553,1.25
3.453124033605283,2.5
18.824787369019866,0.86
