predicted_SD,SD
13.079735114811655,41.41
6.504462325174825,1.19
3.0748764779664777,3.2899999999999996
5.178119786324785,8.63
3.0748764779664777,5.43
10.42382407862562,12.92
10.42382407862562,27.510000000000005
5.178119786324785,2.28
10.42382407862562,15.13
3.62793623015873,2.28
14.383566971639466,0.3
