predicted_SD,SD
7.112331170963851,1.25
3.5255936190503196,17.61
3.546198379723696,0.27
12.284432035625333,19.32
12.284432035625333,12.98
3.5255936190503196,7.61
3.546198379723696,0.0
4.153140342270349,3.17
17.26620535214783,0.4
7.112331170963851,0.56
4.153140342270349,1.74
