predicted_SD,SD
14.150969760239763,8.75
13.08406744866244,35.18
13.08406744866244,26.91
3.252453323759574,3.9999999999999996
2.4347804781329785,6.9399999999999995
2.4347804781329785,7.17
13.08406744866244,10.71
14.150969760239763,12.29
10.668237280774777,6.299999999999999
16.475135100732604,2.57
16.475135100732604,0.03
