predicted_SD,SD
3.275967456987457,1.15
5.455103239815739,5.04
12.788340269175269,16.91
19.3683825,21.08
19.3683825,9.28
3.275967456987457,5.94
4.128052723942724,1.12
19.3683825,3.6
13.08524743062493,11.47
6.312612831890332,2.63
4.128052723942724,0.2
