predicted_SD,SD
6.715217866577869,1.25
4.2316581493506495,17.61
1.0355881349206353,0.27
11.678589761904755,19.32
11.678589761904755,12.98
4.2316581493506495,7.61
1.0355881349206353,0.0
3.5957681558719066,3.17
19.170552096792097,0.4
6.715217866577869,0.56
3.5957681558719066,1.74
