predicted_SD,SD
13.33555657287157,41.41
6.509744319291821,1.19
3.0176087218337218,3.2899999999999996
5.2366020240870235,8.63
3.0176087218337218,5.43
9.550016277056278,12.92
9.550016277056278,27.510000000000005
5.2366020240870235,2.28
9.550016277056278,15.13
3.595727103174603,2.28
14.4822753049728,0.3
