predicted_SD,SD
13.540419794372292,8.75
14.25520547258297,35.18
14.25520547258297,26.91
3.1838106926406926,3.9999999999999996
2.3158904476079485,6.9399999999999995
2.3158904476079485,7.17
14.25520547258297,10.71
13.540419794372292,12.29
10.89961433205683,6.299999999999999
17.69716266233767,2.57
17.69716266233767,0.03
