predicted_SD,SD
3.6055107905982906,0.83
8.380410425685422,19.28
8.380410425685422,15.08
0.686490555555556,0.3
6.190833363997114,11.17
0.686490555555556,0.27
3.515297233183484,2.22
0.686490555555556,0.33000000000000007
0.686490555555556,2.91
8.380410425685422,8.01
6.190833363997114,0.96
