predicted_SD,SD
11.369247873119658,3.57
4.066488180302169,4.13
5.166884419274242,9.2
11.210705524354816,18.07
2.9674167027816103,11.789999999999997
2.9674167027816103,11.82
13.748663080401297,20.51
5.166884419274242,2.28
4.066488180302169,1.25
3.9170891756731874,2.5
16.21439373705845,0.86
