fold,r,r2,rmse,mae
0.0,0.5321919745386173,0.15885894908306808,11.323935318248076,7.712447625430126
1.0,0.6348753084213378,0.387344653600068,4.807822385928978,4.1611336075792895
2.0,0.19283687667024565,-0.091842685793734,10.629282351109335,8.259452925912472
3.0,0.13207037443076972,-0.37035791738336865,7.749318106332401,6.117015752265411
4.0,0.7943518510232345,0.4995142282774364,4.580111644891447,3.2393980644734057
5.0,0.6524443736125364,0.10450260306465242,6.199507459743461,4.466282834640108
6.0,0.21525095961500343,-0.24713076449935922,7.838429252717204,5.4702913262747375
