fold,r,r2,rmse,mae
0.0,0.8053635823406048,0.5153524171656643,0.5537789681817336,0.36290376880391134
1.0,0.7588265120709587,0.38454320167237876,0.6419792879885895,0.3519741320508381
2.0,0.8680850895682025,0.7517302033580593,0.722891955927585,0.3898031556679764
3.0,0.7191392611146405,0.44952488226575826,0.74016956922548,0.3485782059675399
4.0,0.7047575549627064,0.4959948417730565,0.8570273736168078,0.37173769630929127
5.0,0.8554968632785129,0.6453769606490241,0.7002246963058535,0.3631322287863758
