fold,r,r2,rmse,mae
0.0,0.7261375051296528,0.3891135040167536,0.621732678570758,0.3974042059743017
1.0,0.7368318320230732,0.5266051805394916,0.5630331692255264,0.33052623605997905
2.0,0.7842125745865397,0.5078990204473459,1.0177440278677023,0.5681883559457888
3.0,0.6835529877772508,0.3903931734871565,0.7789100191163699,0.36090178822207825
4.0,0.7222086043555119,0.5079029159249802,0.8468424087463023,0.3877041383470063
5.0,0.8407698137546881,0.6917969764067189,0.6527883535731948,0.380011018752813
