fold,r,r2,rmse,mae
0.0,0.8623787917340533,0.734670733377871,0.5091015397043864,0.2523403225410737
1.0,0.655044058344592,0.1540365887418781,0.9121083631304568,0.38000237019442223
2.0,0.6962708494368129,0.37634133363765543,0.8501335390566703,0.32840170087533604
3.0,0.8897691648958613,0.7902896120014538,0.5573939381029274,0.2757438896299844
4.0,0.7514830408130849,0.5158372684685406,0.8582633021267198,0.3759509126753882
