predicted_SD,SD
4.573299999999997,1.15
5.686299999999989,5.04
18.90259999999999,16.91
24.179000000000002,21.08
24.472900000000003,9.28
6.744899999999995,5.94
3.6438999999999995,1.12
9.053399999999995,3.6
12.171199999999992,11.47
2.6984000000000017,2.63
1.584100000000001,0.2
