predicted_SD,SD
1.7961000000000003,0.17000000000000004
1.6670000000000005,2.25
16.90719999999998,15.65
9.408899999999992,6.15
8.845099999999993,17.01
8.807599999999992,15.580000000000002
3.7076000000000002,1.61
5.620499999999992,5.22
2.713600000000002,2.76
2.2906000000000017,3.2899999999999996
3.3279000000000014,0.99
