predicted_SD,SD
3.9222046662596592,0.83
5.534935039011913,19.28
14.812211153360579,15.08
3.3391909267815643,0.3
8.340296816516817,11.17
3.358799835419222,0.27
2.980192692562045,2.22
3.2206985251322737,0.33000000000000007
1.8205580647824324,2.91
4.722084520155765,8.01
1.3890132738095196,0.96
