predicted_SD,SD
9.377259978624311,3.57
5.984094314843655,4.13
8.472878232878228,9.2
20.614632901812247,18.07
5.4789765968753485,11.789999999999997
4.6310323586136075,11.82
7.06508984792985,20.51
4.782017798998389,2.28
4.461567228874072,1.25
3.9249057505688745,2.5
10.600561167790543,0.86
