predicted_SD,SD
3.104100000000001,0.83
5.616499999999993,19.28
14.454999999999986,15.08
3.251500000000001,0.3
8.073799999999993,11.17
3.310900000000001,0.27
3.110500000000002,2.22
3.1484000000000014,0.33000000000000007
1.7292000000000005,2.91
5.238199999999997,8.01
1.509600000000001,0.96
