predicted_SD,SD
3.042793427128426,0.17000000000000004
2.5096109668109667,2.25
13.568085569985572,15.65
9.819399523809526,6.15
7.9542593398268355,17.01
7.862055768398265,15.580000000000002
2.6634138419913422,1.61
4.008752835497834,5.22
2.8164194241869254,2.76
2.33657001942502,3.2899999999999996
4.833076428571426,0.99
