predicted_SD,SD
11.664399999999988,3.57
10.797099999999995,4.13
9.981599999999988,9.2
17.6061,18.07
6.1030999999999915,11.789999999999997
4.825999999999994,11.82
9.078299999999995,20.51
4.868999999999995,2.28
3.923700000000001,1.25
3.5881000000000007,2.5
4.143499999999997,0.86
