predicted_SD,SD
11.934247539682547,41.41
5.808688941526311,1.19
5.714303487097285,3.2899999999999996
7.455421599101384,8.63
8.13734295834283,5.43
15.598284206349208,12.92
5.891464880952382,27.510000000000005
3.0793172274642475,2.28
5.4577337445887455,15.13
4.30447244714223,2.28
12.6632711019536,0.3
