predicted_SD,SD
2.628400000000003,1.25
3.018400000000003,17.61
5.468400000000004,0.27
14.577900000000001,19.32
15.0001,12.98
9.06299999999999,7.61
1.9897000000000018,0.0
3.972099999999997,3.17
7.992799999999993,0.4
2.106700000000002,0.56
4.298199999999998,1.74
