predicted_SD,SD
3.5455396824901317,1.25
3.5102873808037294,17.61
7.323719382482603,0.27
13.417165166460531,19.32
13.42144020614307,12.98
8.118309608843523,7.61
1.6710099799406943,0.0
4.3426968843656395,3.17
11.014901200069756,0.4
2.5568043749801808,0.56
4.359306921986749,1.74
