predicted_SD,SD
14.78453444684941,8.75
9.9761665329485,35.18
16.399029076238538,26.91
7.9420444283309655,3.9999999999999996
10.042763029100543,6.9399999999999995
8.77985568518518,7.17
10.689498336219254,10.71
11.98380458994705,12.29
7.9329305238095,6.299999999999999
12.64119721693122,2.57
12.879209484126994,0.03
