predicted_SD,SD
14.75819999999999,8.75
9.524799999999999,35.18
17.897599999999983,26.91
7.888699999999998,3.9999999999999996
10.772800000000007,6.9399999999999995
9.465100000000003,7.17
10.718300000000005,10.71
12.404400000000006,12.29
7.909699999999987,6.299999999999999
10.361199999999997,2.57
10.584199999999989,0.03
