predicted_SD,SD
12.5339,41.41
6.307300000000001,1.19
4.626699999999996,3.2899999999999996
9.31080000000001,8.63
6.558299999999995,5.43
14.693700000000003,12.92
7.592800000000005,27.510000000000005
3.3921999999999968,2.28
4.638299999999998,15.13
2.4174999999999978,2.28
13.159200000000002,0.3
