fold,r,r2,rmse,mae
0.0,0.3026892338639681,0.02774718965993961,12.17454023365896,8.141528418686423
1.0,0.7830843734335627,0.5519523721506172,4.111519861491659,2.9795445526695543
2.0,0.23113588749025687,0.05190196059357466,9.904909989927832,6.844003298089134
3.0,0.42340564925235796,0.10811908248954782,6.251725750043724,4.977914736837732
4.0,0.7066172308226167,0.465443389191623,4.733441882263979,3.1381831205578887
5.0,0.8651593027687697,0.37365217595902833,5.184809563786048,3.2081818181818154
6.0,0.49974151821248197,0.23086207401716552,6.155667595263303,4.397843244912552
