Dataset,num_of_folds,Features,Targets,Model,r_mean,r_std,r2_mean,r2_std,rmse_mean,rmse_std,mae_mean,mae_std,num_of_data,feature_length
Swelling_Xu,7,Sum_of_Frags,SD,RF,0.6201801297043639,0.181652986322664,0.3408172049442473,0.18586469303783784,6.5551756654928335,2.7427989101306176,4.474344155844155,1.7396675199753968,77,12
