fold,r,r2,rmse,mae
0.0,0.6322269107174471,0.31322561854247766,0.8190659565568714,0.4415905478080266
1.0,0.6367163423331893,0.3855528490478627,0.7773433995850089,0.4370031292987071
2.0,0.4767475782599828,0.035890796098051014,1.0570043721172047,0.5222087819247682
3.0,0.7008906355078904,0.4674373504871264,0.8882549199325959,0.508936957780003
4.0,0.7084565150511115,0.40008343027256454,0.9553671269207954,0.5183897807086543
