fold,r,r2,rmse,mae
0.0,0.971331094261472,0.9207792934059192,0.03451441881595227,0.030897223380005168
1.0,0.9474467006093414,0.8645427172567435,0.0415384574050341,0.035272928433388
2.0,0.9532248448663603,0.8812387370028154,0.03963400819651889,0.03213036177533919
3.0,0.9658024862404612,0.9313313262667777,0.03573897175020768,0.0307983816302329
4.0,0.9731711409434443,0.935645096562741,0.03744693091443357,0.030853220288430246
5.0,0.9687267528801355,0.9281873680586429,0.04082491756785269,0.0335038020130881
6.0,0.9547356800813598,0.9035507921723731,0.043026993334659966,0.03644062664418492
