Dataset,num_of_folds,Features,Targets,Model,r_mean,r_std,r2_mean,r2_std,rmse_mean,rmse_std,mae_mean,mae_std,num_of_data,feature_length
CO2_Soleimani,5,"2mer_fp,T_K,P_Mpa",exp_CO2_sol_g_g,SVM,0.9615125950305116,0.007085609300138574,0.9104625478725833,0.016911354712048153,0.03916459617256171,0.0022589738051733413,0.03294932994071148,0.0022646090920243893,515,514
