predicted_SD,SD
2.2580133714049886,0.17000000000000004
1.7460062086696653,2.25
19.880212637226062,15.65
6.61629978271077,6.15
14.477212336232924,17.01
13.601423558982386,15.580000000000002
2.361619215446984,1.61
6.242365132507991,5.22
5.473516234359314,2.76
4.658849896134044,3.2899999999999996
2.0858419136511603,0.99
