predicted_SD,SD
1.7718319209846716,3.57
10.783032064721192,4.13
9.124981162720582,9.2
13.738538818696519,18.07
8.625618531268616,11.789999999999997
8.517127940274639,11.82
8.080351663841213,20.51
2.748398137977903,2.28
2.4193886304386587,1.25
3.6426825738533495,2.5
14.634124244644243,0.86
