predicted_SD,SD
7.459757349596211,8.75
9.927390554642134,35.18
9.89233010954356,26.91
5.983078693209128,3.9999999999999996
7.131666544322579,6.9399999999999995
7.091974618634629,7.17
6.124852341343633,10.71
15.62425230113974,12.29
8.280822506195117,6.299999999999999
7.441373431851336,2.57
5.339897383909316,0.03
