predicted_SD,SD
1.1269357467532473,0.83
13.567200527250526,19.28
14.346442074869572,15.08
8.656300038295035,0.3
9.71925253302253,11.17
7.171970409867905,0.27
3.5149085425685422,2.22
6.079070471195469,0.33000000000000007
3.3436076731601734,2.91
2.9653666233766245,8.01
0.9539299350649354,0.96
