predicted_SD,SD
1.688559064194674,41.41
1.223133972441154,1.19
7.656322534729591,3.2899999999999996
11.494445665120336,8.63
6.674200488545053,5.43
16.402973128365478,12.919999999999998
6.527896088086894,27.510000000000005
4.769560328399638,2.28
5.98959904706955,15.13
3.528634382435922,2.28
9.876370399600972,0.3
