predicted_SD,SD
2.364852965367966,1.25
4.514825822510826,17.61
3.203470519480517,0.27
14.971086143578688,19.32
14.474729534632038,12.98
9.953287994228189,7.61
4.096207128427119,0.0
2.1743768614718664,3.1699999999999995
22.94023491702739,0.4
0.6224243155581669,0.56
0.4526282467532462,1.74
