predicted_SD,SD
1.6379937625003684,1.15
12.482223967973997,5.04
15.403421753310033,16.91
20.998067214270467,21.08
19.467784634765952,9.28
5.681858912925021,5.94
1.8821749988796102,1.12
16.849907631890122,3.6
5.480945133273214,11.47
2.468120172300785,2.63
1.0925411661215343,0.2
