fold,r,r2,rmse,mae
0.0,-0.1631065859924607,0.026603758394115974,14.276498197520521,8.64996242729882
1.0,0.9529324132196471,0.9080801841646202,2.0249281448135603,1.7047341890505765
2.0,0.4652695527637223,0.21647575672895417,9.633866816061104,5.990435080624277
3.0,0.40052296408895144,0.16041864476259948,6.283462770891457,4.391743237622646
4.0,0.7492765278516021,0.5614153151893527,4.402447126785433,3.270963744386926
5.0,0.7087434453674324,0.5023172713512987,5.835561008107188,3.7291102705501884
6.0,0.33808061487197083,0.11429850215220987,8.176816401554069,4.937480936400615
