fold,r,r2,rmse,mae
0.0,0.9882424192707123,0.9755143153089328,0.019188336910420344,0.010910572663414133
1.0,0.9841116619280694,0.9681268685272311,0.020149373703210405,0.011672002936829776
2.0,0.9575825954230671,0.9135113321783102,0.033822849640452304,0.015795500310320454
3.0,0.9929641943249617,0.9855117892872332,0.01641610420669142,0.01150838046546557
4.0,0.9773503952928195,0.9531491300224791,0.03195098400754299,0.016667554851598095
5.0,0.9916788412815551,0.9832795796797925,0.019699195479284996,0.011689387770990479
6.0,0.9926895393822278,0.9848717670406322,0.017040634777791556,0.011196396334296128
