fold,r,r2,rmse,mae
0.0,0.9665154222080117,0.9135051000406573,0.036064212990537275,0.0318255748011909
1.0,0.941876165038438,0.8547215589002165,0.043017955907424334,0.03703092011752212
2.0,0.9605297835741747,0.8971329608215307,0.036886607193404634,0.030099326186087162
3.0,0.9638325480953649,0.9271276432369974,0.036816638318580314,0.03235649138040129
4.0,0.9626474192020005,0.919754866519936,0.04181525599200641,0.03342983104863472
5.0,0.9789968771661606,0.9572839812698242,0.0314862020949085,0.02465388262511323
6.0,0.9511673882724461,0.8893358480062978,0.04608877307683416,0.041202797355691836
