Dataset,num_of_folds,Features,Targets,Model,r_mean,r_std,r2_mean,r2_std,rmse_mean,rmse_std,mae_mean,mae_std,num_of_data,feature_length
CO2_Soleimani,7,"Polymer_ohe,T_K,P_Mpa",exp_CO2_sol_g_g,SVM,0.9607950862223709,0.010871806798986012,0.9084088512564943,0.02992162581452068,0.038882235081956526,0.0046064048793621306,0.03294268907352017,0.0048338231850147675,515,15
