fold,r,r2,rmse,mae
0.0,0.8730556958829249,0.7615656478057735,0.4826099235189937,0.22461100650373042
1.0,0.9113968987986604,0.8258377332529718,0.41385450928024586,0.20997164471464091
2.0,0.772333112225372,0.596386898635147,0.6839058059460066,0.2394503690575668
3.0,0.9488923109118333,0.8716208949169916,0.43611340988880243,0.2320491023295429
4.0,0.895735386486958,0.798126056265003,0.5541980625655103,0.276593543447059
