fold,r,r2,rmse,mae
0.0,0.932389991131358,0.8657255241738404,0.5716249320327036,0.3979666561290622
1.0,0.92868374943916,0.8614435337216491,0.5859935894181815,0.3887654049981182
2.0,0.9222853323959053,0.8500934345307465,0.5815930807530733,0.39103528449261044
3.0,0.921973227193369,0.8482705483308716,0.6069925014828812,0.3921963201568365
4.0,0.9255021873068758,0.8498516655045434,0.6260734268253616,0.41917651979760967
