predicted_SD,SD
9.088933928571375,41.41
2.830969868421068,1.19
8.215762499999954,3.2899999999999996
8.030612499999952,8.63
7.766761458333328,5.43
12.92810163645598,12.919999999999998
13.624424117582432,27.510000000000005
4.168726704545429,2.28
9.592209085235929,15.13
6.554308333333298,2.28
14.050452547652869,0.3
