predicted_SD,SD
4.3928241468253955,1.25
6.7239994456932,17.61
9.151806220862465,0.27
12.8403676917527,19.32
11.932862800949055,12.98
5.107589375967167,7.61
3.7904955083878122,0.0
5.39502925636863,3.1699999999999995
2.546038327065091,0.4
10.725603441558441,0.56
6.204162134034266,1.74
