predicted_SD,SD
6.263395293071121,3.57
7.958303141482579,4.13
10.55524652730211,9.2
19.118402821355513,18.07
5.624098859396173,11.789999999999997
6.816894111634139,11.82
10.852809991583529,20.51
7.799688218278475,2.28
5.615362033429534,1.25
6.857173905839658,2.5
1.8444437808796121,0.86
