predicted_SD,SD
4.180713006207244,1.15
11.132957615077483,5.04
18.60646493771305,16.91
19.554842435982785,21.08
7.461053512114396,9.28
7.359407662464023,5.94
2.969244375894764,1.12
1.8413613367376809,3.6
11.646440822051012,11.47
5.014820531779727,2.63
8.802092836608038,0.2
