predicted_SD,SD
3.253872120811282,0.83
9.028512326839833,19.28
8.393443622642783,15.08
5.471624193121684,0.3
6.716189206688374,11.17
4.913165529100521,0.27
2.8599989751860306,2.22
3.6691637854737666,0.33000000000000007
3.4116303984287293,2.91
7.804868405236746,8.01
5.62110256224711,0.96
