predicted_SD,SD
16.98190032467532,8.75
4.463283418803419,35.18
3.61188880952381,26.91
7.115656666666668,3.9999999999999996
10.000815476190475,6.9399999999999995
7.279590129870131,7.17
12.69855532356532,10.71
11.913085259740258,12.29
6.468275873015876,6.299999999999999
2.873271515151515,2.57
5.660584523809524,0.03
