predicted_SD,SD
4.544990837403325,0.17000000000000004
13.858551158471178,2.25
14.626830594005147,15.65
5.652880619488534,6.15
6.692627038893529,17.01
6.556209277497187,15.580000000000002
3.514375931746454,1.61
4.341761332578207,5.22
8.008225453813301,2.76
11.135633984741803,3.2899999999999996
5.748950669197494,0.99
