predicted_SD,SD
4.306535714866945,0.17000000000000004
3.653663164882454,2.25
10.657554245328713,15.65
7.1669756164303315,6.15
6.549679814859148,17.01
6.386268850422703,15.580000000000002
5.5740866729306875,1.61
6.795644440533149,5.22
13.202494299610883,2.76
8.332882337135462,3.2899999999999996
5.703874310069872,0.99
