predicted_SD,SD
6.6030917668443845,41.41
3.6258717494877093,1.19
8.541850543521033,3.2899999999999996
9.64894802717695,8.63
6.813416693708468,5.43
6.663965764652471,12.92
9.771955526642886,27.510000000000005
6.302981069484692,2.28
8.65517357571575,15.13
4.9028177365145025,2.28
11.58388065914818,0.3
