predicted_SD,SD
6.572679132213296,3.57
9.901561213341953,4.13
13.030197658235373,9.2
15.392574246574185,18.07
14.439792427764607,11.789999999999997
7.978313207783917,11.82
8.879238670324654,20.51
8.528083018391431,2.28
6.770721337082734,1.25
6.26337312781381,2.5
-2.856155096884656,0.86
