predicted_SD,SD
5.2292727889427315,0.83
8.374867386510608,19.28
8.34193665662374,15.08
5.621595974757413,0.3
10.432701636012675,11.17
3.9555842467790634,0.27
5.326970931243723,2.22
3.886183295677648,0.33000000000000007
3.4629206960068046,2.91
5.597069076336149,8.01
9.448067008076325,0.96
