predicted_SD,SD
5.572142939874652,1.25
6.373998061692873,17.61
7.443594389839705,0.27
7.514240230220663,19.32
10.388119171610258,12.98
4.769680674061494,7.61
4.379003300285097,0.0
6.357337555775459,3.17
2.1010195676364765,0.4
6.219757505321212,0.56
4.185675310157841,1.74
