predicted_SD,SD
6.347002401416103,1.15
12.179136576821412,5.04
20.031463258951494,16.91
13.58703915075491,21.08
8.424974218915002,9.28
6.964644615748165,5.94
5.047266185674779,1.12
3.3344884537873627,3.6
7.532228087107827,11.47
5.705474042018949,2.63
5.974681755094765,0.2
