predicted_SD,SD
17.711208677756332,8.75
10.165020291761374,35.18
12.930750324705382,26.91
7.100408446347797,3.9999999999999996
7.9169944750607355,6.9399999999999995
7.742139685014275,7.17
25.646581462888715,10.71
8.338361998321727,12.29
6.397451777673651,6.299999999999999
7.977666680112746,2.57
9.315739356817508,0.03
