fold,r,r2,rmse,mae
0.0,0.880184488401409,0.774609215626518,0.05821692850798662,0.03173370686387636
1.0,0.9015618969364707,0.803408484059045,0.0500416439286917,0.028827724690144767
2.0,0.8690777828984596,0.7287864175060736,0.05989441257253189,0.03699185794949331
3.0,0.8950274380155175,0.7964608527640552,0.06152996964694069,0.03631777365320328
4.0,0.9190915327821957,0.8356197108867156,0.05984808779353078,0.03657779027335346
5.0,0.8459170818372606,0.7076838832799449,0.0823666252554571,0.04597890912347588
6.0,0.9338295127547779,0.8650479529513024,0.050895736396704035,0.031048894148910655
