predicted_SD,SD
6.311697460995522,0.17000000000000004
3.7119726886138604,2.25
23.835347245712065,15.65
14.11791535957336,6.15
9.8668249353879,17.01
9.405984287353068,15.580000000000002
4.1797246445357175,1.61
5.713434467184248,5.22
4.225205869211113,2.76
3.7643652211761434,3.2899999999999996
3.4313998108777106,0.99
