predicted_SD,SD
15.94895322846652,8.75
10.308971491641364,35.18
13.189759911983641,26.91
9.289872268844434,3.9999999999999996
12.80008393038771,6.9399999999999995
10.994715052001451,7.17
10.339267394848779,10.71
12.233488022742712,12.29
13.003856425931026,6.299999999999999
10.81554453195473,2.57
12.550080652259073,0.03
