predicted_SD,SD
6.357962259811904,0.17000000000000004
3.7290448522562403,2.25
23.823467812870643,15.65
14.090608899885934,6.15
9.866111366218298,17.01
9.399363296674863,15.580000000000002
4.1792263336472635,1.61
5.710558134059482,5.22
4.228925840891108,2.76
3.7621777713475093,3.2899999999999996
3.4185547421428746,0.99
