predicted_SD,SD
6.451685963344611,1.25
7.758067786478655,17.61
4.896557940559859,0.27
16.74140591143003,19.32
18.05140320381406,12.98
7.5747913674273475,7.61
2.2899407950589787,0.0
1.1604294501479153,3.17
13.078142846033774,0.4
-5.080964192183223,0.56
-5.260894273808017,1.74
