predicted_SD,SD
13.046930249620466,41.41
7.4290394782279705,1.19
9.511020190818874,3.2899999999999996
9.79345935810271,8.63
7.82680487057862,5.43
9.92884129230146,12.92
4.990039110637614,27.510000000000005
5.0810090999426665,2.28
7.200417124001409,15.13
5.933554138793842,2.28
12.446585873635321,0.3
