predicted_SD,SD
12.509033253849628,3.57
7.225945783486726,4.13
10.817719605503008,9.2
14.127222683694285,18.07
7.76261560826469,11.789999999999997
6.894887310957886,11.82
8.53304309885726,20.51
4.403437466637704,2.28
6.579097209851863,1.25
5.992834628651859,2.5
-0.004796501150094439,0.86
