predicted_SD,SD
5.534798594072493,0.83
7.620180037471944,19.28
10.411395656071722,15.08
3.2607409612228984,0.3
6.702276377889529,11.17
2.969188609602221,0.27
8.341453907451783,2.22
-2.691108588913338,0.33000000000000007
-2.982660940534015,2.91
1.6539084986106485,8.01
-3.654381008058159,0.96
