predicted_SD,SD
6.359537333768538,1.25
7.677043830130365,17.61
5.209808942037692,0.27
13.470718126862371,19.32
13.501904603100037,12.98
7.061352158571248,7.61
0.9760886679699227,0.0
3.479991022906649,3.17
9.885023137914029,0.4
-0.41836913089835037,0.56
0.07544455245430298,1.74
