predicted_SD,SD
23.377807004220998,8.75
12.054670375562756,35.18
13.974298007838357,26.91
9.78004619468912,3.9999999999999996
10.917007713887655,6.9399999999999995
9.427331548231324,7.17
11.416421721157922,10.71
11.317436521648975,12.29
7.838841559647868,6.299999999999999
11.113882251285785,2.57
11.052214393338147,0.03
