predicted_SD,SD
7.182047026925574,1.15
7.101090946392939,5.04
16.10067697612328,16.91
12.218342298487515,21.08
11.563983609563667,9.28
8.211660221015487,5.94
3.864992857994106,1.12
11.09654188141988,3.6
8.546882053744053,11.47
6.362541830544813,2.63
-0.6391980821685267,0.2
