predicted_SD,SD
10.888470239131175,3.57
4.2755273803246086,4.13
10.228811238414169,9.2
12.173263369715652,18.07
6.179099731025745,11.789999999999997
6.0665484264886675,11.82
8.253300771385954,20.51
5.812852651429103,2.28
2.4870583707915754,1.25
3.407285598778192,2.5
4.522190892037429,0.86
