predicted_SD,SD
5.292351774168985,0.83
7.376047468845179,19.28
10.88834192297692,15.08
3.558715140129143,0.3
6.909684971332897,11.17
3.3092237406733003,0.27
7.907620609189262,2.22
-2.321811377123565,0.33000000000000007
-2.5713027765811733,2.91
1.9942470846782396,8.01
-3.084796656876815,0.96
