fold,r,r2,rmse,mae
0.0,0.25694664750609336,0.02388145253886642,12.19871958416867,8.765931384867185
1.0,0.694468608743456,0.3381876363591326,4.996981475573716,4.047113958648979
2.0,-0.05695344128073031,-0.05899899784922358,10.468192097353533,8.06014720623895
3.0,0.5946115119665494,0.3102928701246874,5.497672182474128,4.304544006571839
4.0,0.60650498471411,0.264364850958299,5.5527923454217,4.999772784264455
5.0,0.765882248340833,0.5401309227940734,4.442650272943386,3.6414686479700134
6.0,0.6984109129073753,0.48571680586510446,5.0335479820595594,3.6651058336888114
