Dataset,num_of_folds,Features,Targets,Model,r_mean,r_std,r2_mean,r2_std,rmse_mean,rmse_std,mae_mean,mae_std,num_of_data,feature_length
Swelling_Xu,7,Sum_of_Frags,SD,SVM,0.5085530675568124,0.27695614228771065,0.2719393629701342,0.20514720565317252,6.884365134284956,2.8718310491764485,5.354869117464319,1.9886972136693701,77,12
