fold,r,r2,rmse,mae
0.0,0.24004755194979657,-62.120386236013815,12.393650752128776,9.211337524028536
1.0,-0.1653343913091896,-152.49553665936241,19.504164064640612,11.669551365997888
2.0,-0.06892720132822322,-27376.05597604173,248.543423416987,194.50103232649988
3.0,0.04887547869513287,-1210.1453165423538,54.23086216338878,11.303723534371514
4.0,0.019609337966871074,-878.9622913065813,47.92885370266708,23.81558381946263
