Dataset,num_of_folds,Features,Targets,Model,r_mean,r_std,r2_mean,r2_std,rmse_mean,rmse_std,mae_mean,mae_std,num_of_data,feature_length
,5,polymer_automated_frag_aug_recombined_SMILES,value,NN,0.014854155194877542,0.13518828066812727,-5935.955901357209,10728.79041380582,76.52019081996245,87.48635520043186,50.100245714072095,72.38295633571587,3380,30
