predicted_SD,SD
2.4441144,0.83
9.019837,19.28
10.215021,15.08
11.486084,0.3
11.857533,11.17
10.459754,0.27
2.3888736,2.22
6.372323,0.33000000000000007
3.8325338,2.91
3.7732198,8.01
2.0887582,0.96
