predicted_SD,SD
2.767344,1.15
5.638529,5.04
12.738626,16.91
17.448961,21.08
17.118225,9.28
4.701627,5.94
5.7023654,1.12
15.020918,3.6
10.295646,11.47
6.5205817,2.63
4.2782965,0.2
