predicted_SD,SD
4.2919803,1.25
5.8461976,17.61
6.058926,0.27
15.200657,19.32
9.13413,12.98
7.284247,7.61
1.6172909,0.0
-0.29988188,3.17
17.088778,0.4
-2.9119685,0.56
-3.2269628,1.74
