predicted_SD,SD
10.047383,3.57
7.880465,4.13
7.967728,9.2
16.315674,18.07
7.0085683,11.789999999999997
4.538133,11.82
9.287057,20.51
3.6035905,2.28
2.0118222,1.25
3.1933565,2.5
12.417308,0.86
