predicted_SD,SD
2.2948475,41.41
1.1660215,1.19
12.550228,3.2899999999999996
8.912184,8.63
8.658149,5.43
16.637733,12.92
2.9079814,27.510000000000005
2.7495363,2.28
2.4928973,15.13
2.5740864,2.28
10.373019,0.3
