predicted_SD,SD
15.03376,8.75
11.421302,35.18
14.046401,26.91
5.693569,3.9999999999999996
7.1453915,6.9399999999999995
4.8106327,7.17
14.738494,10.71
9.080272,12.29
7.6777573,6.299999999999999
17.346676,2.57
17.108332,0.03
