predicted_SD,SD
13.870345,8.75
16.8264,35.18
15.171633,26.91
6.7073936,3.9999999999999996
7.6821294,6.9399999999999995
4.888993,7.17
14.1445265,10.71
11.0877495,12.29
7.8672175,6.299999999999999
16.312746,2.57
13.747089,0.03
