predicted_SD,SD
5.2695093,1.25
6.479358,17.61
7.4486227,0.27
15.608308,19.32
12.32097,12.98
6.109836,7.61
3.2910986,0.0
1.9109348,3.17
12.160105,0.4
3.431375,0.56
1.580634,1.74
