predicted_SD,SD
10.514524,3.57
4.741976,4.13
11.442859,9.2
11.398654,18.07
4.5487227,11.789999999999997
2.3043873,11.82
8.373803,20.51
7.1574235,2.28
4.7328696,1.25
1.6365854,2.5
17.796616,0.86
