predicted_SD,SD
1.8292882,0.17000000000000004
5.6589465,2.25
13.959248,15.65
8.121527,6.15
9.925304,17.01
9.309205,15.580000000000002
8.164968,1.61
10.294136,5.22
2.7660356,2.76
2.753666,3.2899999999999996
6.3760242,0.99
