fold,r,r2,rmse,mae
0.0,-0.2541627207733269,-0.4948607084784593,15.096050121773663,9.427562582276083
1.0,0.7319092110464707,0.497265547882773,4.355215262585198,3.603954716595737
2.0,0.460779853636124,0.20346254646048068,9.07876991225339,6.782424710013651
3.0,0.002908449149734431,-0.4768863993604895,8.044888471949063,6.502192282676697
4.0,0.3988263341487834,0.09427310832196045,6.161391824741106,4.663808747204867
5.0,0.7203324815392648,0.40455791205515024,5.055275021791946,4.021945466128262
6.0,0.45286317821235217,-0.001826782276393768,7.025372645983255,5.372777906981383
