Dataset,num_of_folds,Features,Targets,Model,r_mean,r_std,r2_mean,r2_std,rmse_mean,rmse_std,mae_mean,mae_std,num_of_data,feature_length
Swelling_Xu,7,3mer_fp,SD,BRT,0.3590652552799147,0.3366107753444632,0.03228360351500311,0.3637581681979992,7.830994751582517,3.3296500650963603,5.767809487410956,1.8542511422287264,77,1024
