Datatype,R2_mean,R2_std,RMSE_mean,RMSE_std,MAE_mean,MAE_std,num_of_data
MANUAL,0.9722918644737603,0.016464679694110328,0.022115331597032998,0.005528898280740224,0.012713024464680388,0.0021441372418608442,515
