fold,r,r2,rmse,mae
0.0,0.895811793994869,0.8004650154225348,0.054776053243676126,0.030633533876759204
1.0,0.8800613641878076,0.76258701695523,0.05499224061185308,0.03583788678413792
2.0,0.8830049405990726,0.7558344235418777,0.056829365833332764,0.03828959194921662
3.0,0.878015297993073,0.7646514395678381,0.06616350420723649,0.04407446101499812
4.0,0.8991229270138743,0.805453690194812,0.06510838270062429,0.04220552120640976
5.0,0.8646950805860586,0.7428770942374303,0.07724942860262236,0.04862488996721167
6.0,0.9017559277559122,0.8096977886695852,0.06043848668739689,0.03552283850632582
