fold,r,r2,rmse,mae
0.0,0.8958276384204867,0.7639124950567304,0.05776339218961474,0.04857994132035196
1.0,0.8849894944872881,0.7626782113773938,0.05588279605716734,0.04593496191539743
2.0,0.922131669707563,0.8459289230421806,0.05256047907035804,0.03967377489980584
3.0,0.8773847540336526,0.7681764458521975,0.07283505338373117,0.04569648832458133
4.0,0.938939269562076,0.8413055388532658,0.05749922952882363,0.049195048988366
