Dataset,num_of_folds,Features,Targets,Model,r_mean,r_std,r2_mean,r2_std,rmse_mean,rmse_std,mae_mean,mae_std,num_of_data,feature_length
CO2_Soleimani,7,"polymer_automated_frag_SMILES,T_K,P_Mpa",exp_CO2_sol_g_g,SVM,0.9075121615774846,0.02651846187195716,0.7969311414264516,0.04251716600583822,0.058950913028172236,0.007487063405244221,0.04566863658950633,0.003537068887843764,515,97
