fold,r,r2,rmse,mae
0.0,0.8893576608149419,0.6760450863359844,0.4527575750579643,0.24133643230855614
1.0,0.9255222744024578,0.824570071096326,0.34274732959027016,0.1682496836715539
2.0,0.9486186378787691,0.8319342527803517,0.5947727396168232,0.3307398167672772
3.0,0.8823599892260906,0.7741103990514837,0.474144265568587,0.24916308480889346
4.0,0.8610801154046601,0.7412002572308111,0.6141283259215793,0.18481387141133043
5.0,0.9490095285903702,0.8992601036988135,0.37321123136483403,0.19912120417689866
