fold,r,r2,rmse,mae
0.0,0.07662329098072987,-0.017115448488786322,1.5732565742836995,1.3288285486987699
1.0,0.00437093595626981,-0.04289557013497669,1.6076809920768167,1.3622877763895918
2.0,0.045010484653850734,-0.048443283443644125,1.5380886767332491,1.30572887814151
3.0,-0.04203118887611511,-0.07782101287131327,1.617788354876732,1.3639948956187855
4.0,0.027660879478647087,-0.05021930992193879,1.6557890679211589,1.3937880040497488
