Dataset,num_of_folds,Features,Targets,Model,r_mean,r_std,r2_mean,r2_std,rmse_mean,rmse_std,mae_mean,mae_std,num_of_data,feature_length
,5,Polymer_ohe,value,NN,-0.0018940864926206725,0.021801677100333004,-0.05067041165996775,0.006055347746081198,1.6010966915501403,0.03502215910923483,1.3536203595407215,0.029962884511555914,3380,3380
