predicted_SD,SD
0.031740667082758675,1.25
0.032722610573305666,17.61
0.03013502506364459,0.27
0.6896201306472389,19.32
1.82781825146516,12.98
0.2006914060570615,7.61
0.16959027301202848,0.0
0.20484635336412962,3.17
0.2235943903490006,0.4
0.27371977986709883,0.56
0.619470755374187,1.74
