predicted_SD,SD
0.06863445374856526,8.75
2.6955374946722025e-06,35.18
0.005616949046717435,26.91
0.008952515361665223,3.9999999999999996
0.01404941550580099,6.9399999999999995
0.048382124133080504,7.17
0.00927495242854806,10.71
1.2934547605699593,12.29
1.0810150667844107,6.299999999999999
0.5026167577851082,2.57
0.5026176036479036,0.03
