predicted_SD,SD
0.05158717294769484,3.57
0.007860510404820916,4.13
0.04597006601884552,9.2
0.1326015648229584,18.07
0.03906494117294612,11.789999999999997
0.08667057987294349,11.82
0.38743790018829233,20.51
0.11809938656280033,2.28
0.06746288391044368,1.25
0.5433381335739472,2.5
0.08110250359191017,0.86
