predicted_SD,SD
0.01788885877930239,1.15
0.001900692032167521,5.04
0.0076093520426593455,16.91
0.005661131060366779,21.08
0.012099602584880225,9.28
0.23592618546973904,5.94
0.021128029011733492,1.12
0.021487783567828364,3.6
2.05780008376628,11.47
0.6177928805732761,2.63
0.17791613292209266,0.2
