predicted_SD,SD
0.0025539894133070604,0.17000000000000004
2.51658216693628e-06,2.25
0.04972295156891856,15.65
0.01288157749715832,6.15
0.31050241555106184,17.01
0.43311209666057043,15.580000000000002
0.12591069970946156,1.61
0.05861534827476147,5.22
0.09653546540118203,2.76
0.2746096994807501,3.2899999999999996
1.1465744943330112,0.99
