predicted_SD,SD
0.002624459955228588,0.83
0.00601895630324807,19.28
0.04172448578459015,15.08
1.5429765100952372e-05,0.3
0.05557704780987834,11.17
9.385688607627842e-05,0.27
0.03787597429533946,2.22
5.61240114379839e-05,0.33000000000000007
0.0001506081223907151,2.91
0.8932923194654122,8.01
0.35571056255635314,0.96
