predicted_SD,SD
0.0016569971027826787,41.41
0.002044721289118477,1.19
0.01373883801508404,3.2899999999999996
0.05876722590936538,8.63
0.09988241344469018,5.43
0.08571082790894166,12.92
0.015560672819729556,27.510000000000005
0.08600958711573586,2.28
0.1315360283082795,15.13
0.15807563608012076,2.28
3.328206155551735,0.3
