fold,r,r2,rmse,mae
0.0,0.5939322209812304,0.23148952186598704,1.3675377602544316,0.9120921303803412
1.0,0.5904443140393003,0.16639376095696312,1.4373414313945168,0.8587294449694053
2.0,0.6086144902619319,0.16039089803606787,1.3764089005568427,0.8509240042583767
3.0,0.5643526761005373,0.13493798033593773,1.4493457559369796,0.8952522299791027
4.0,0.5825744974368265,0.14303569846912856,1.4957064824485566,0.9271814478109844
