predicted_SD,SD
1.283915767557919,1.2499999962002037
7.81733762666583,17.609999628067015
8.204609440863132,0.26999999948777254
10.862460657358168,19.320000563263893
13.550321828126906,12.979999412596225
5.417559428960084,7.61000027552247
-0.1379262965545058,0.0
10.01309762328863,3.1699999582767484
3.985298355966806,0.40000000495463606
6.60888377547264,0.5600000146497041
10.957169046998024,1.7399999367073178
