predicted_SD,SD
9.126603179126977,0.16999999824911355
9.01371567070484,2.249999931454658
10.931186007261275,15.650000483095644
4.613563048839569,6.150000018328428
10.656735059320926,17.010000469088553
9.883032479733227,15.580000293254852
4.051600214168429,1.6100000469386577
5.185884729325771,5.219999964386225
10.0686938495934,2.7600000804662703
7.588080556690692,3.2899999751895663
7.783703696131705,0.9899999852664768
