predicted_SD,SD
16.88747514605522,8.75000028192997
10.416904716193676,35.179999147653575
14.26849852591753,26.91000016748905
-0.1914800639078021,4.000000049546361
4.635527504310011,6.939999692589044
2.610929270163178,7.169999699294567
25.78299476623535,10.709999426901339
7.923336309790611,12.290000009536742
4.857867981418967,6.299999808073044
4.648169152811169,2.57000002797693
0.5304247385263443,0.02999999940744601
