predicted_SD,SD
6.750275618880987,3.5700001174956557
4.386528618484735,4.130000093579292
13.520462435781955,9.2000002682209
6.641078111827373,18.06999964147806
8.452557787001131,11.789999887645244
7.950273319780826,11.819999969005584
6.506646055281162,20.510000088214873
3.993458627387881,2.2800000128149986
6.759052021801471,1.2499999962002037
12.678768187165259,2.4999999924004075
-1.701683314219117,0.8600000183656811
