predicted_SD,SD
4.620955946743488,1.2499999809265137
6.889101754724979,17.610000190138816
9.07609798043966,0.270000008251518
11.297653349637983,19.320000446438787
9.697473809719083,12.979999878406522
7.073329422473907,7.610000295937061
-0.3354033469781279,-1.03143974958253e-09
7.056664919257163,3.1700000469386573
2.9663460795581336,0.3999999822117388
7.524837198853493,0.5600000005587935
8.123039589226245,1.7399999479949473
