predicted_SD,SD
6.0393345324695105,0.16999999824911355
10.524958816468715,2.249999931454658
8.968258926421402,15.650000483095644
4.980626243501901,6.150000018328428
11.927960276603697,17.010000469088553
12.74376651227474,15.580000293254852
1.2271617107652126,1.6100000469386577
1.2698538850434122,5.219999964386225
5.700910191237926,2.7600000804662703
4.534758688509464,3.2899999751895663
5.56730437412858,0.9899999852664768
