predicted_SD,SD
6.906133131533861,41.41
2.8517897900938984,1.1899999877437948
4.584965538233519,3.2899999751895663
11.745597693920134,8.629999956488609
6.379486633539199,5.4299999168515205
11.264521478712558,12.920000483989714
11.031819379031658,27.50999932646751
6.418330994099378,2.2800000128149986
2.8677018411457538,15.13000030696392
2.6115534234046933,2.2800000128149986
6.430904766321182,0.30000000371597707
