predicted_SD,SD
7.200243317782879,41.40999855995178
0.6267571053281427,1.190000025331974
4.155079695433378,3.2900000700354575
8.694013710021972,8.629999809265136
8.298103313744068,5.4299998909235
16.217380129694938,12.919999526143075
18.626174693107604,27.509999012947084
4.8341608595848085,2.2800000859797
8.018562527000904,15.130000396966935
11.53905185163021,2.2800000859797
11.994921284914017,0.29999999234452845
