predicted_SD,SD
-0.5307022985164076,0.8300000141374766
12.559397259950638,19.280000454783437
16.24296395719051,15.080000171363352
4.910771062076091,0.30000000371597707
6.248260188549756,11.169999440312385
2.312989890016615,0.26999999948777254
3.72482498511672,2.2200000043585897
4.852456699311733,0.33000000794418155
2.5043957528099416,2.9099998702108856
6.389207133799791,8.010000126212836
4.352405361682176,0.9599999810382723
