predicted_SD,SD
2.961216842383146,1.1500000335276126
10.337962752133606,5.040000093281269
20.965457327365872,16.91000019788742
7.818616786003112,21.080000399947163
12.285662098228931,9.279999868124722
10.648276440799236,5.940000065863132
6.789398272186517,1.1200000292994081
11.015800577104091,3.5999998903274535
5.937238118350505,11.470000253915785
8.352796316891908,2.630000036433339
8.95403267532587,0.20000000247731803
