predicted_SD,SD
4.721821086481214,1.1500000335276126
9.105028395205736,5.040000093281269
17.859591814279554,16.91000019788742
11.58077804416418,21.080000399947163
7.8247386093437665,9.279999868124722
9.95250817105174,5.940000065863132
4.5546550771594045,1.1200000292994081
5.176787456721067,3.5999998903274535
3.0406576970964667,11.470000253915785
5.673483237922191,2.630000036433339
11.33298766463995,0.20000000247731803
