predicted_SD,SD
8.860696620643138,3.5700001174956557
6.072680297344922,4.130000093579292
10.814370930492878,9.2000002682209
12.295207971334456,18.06999964147806
3.5536394659429784,11.789999887645244
5.137717561796308,11.819999969005584
8.960491411834955,20.510000088214873
3.161690667569637,2.2800000128149986
5.994252958893775,1.2499999962002037
6.826702458262443,2.4999999924004075
3.397744929865002,0.8600000183656811
