predicted_SD,SD
1.1548157012835143,0.8300000141374766
15.196862144470213,19.280000454783437
13.753266966938972,15.080000171363352
12.042767449617385,0.30000000371597707
4.158307587355375,11.169999440312385
12.60585425376892,0.26999999948777254
1.2665092042461037,2.2200000043585897
0.8106049072369933,0.33000000794418155
-1.7055013549327849,2.9099998702108856
6.434724349677563,8.010000126212836
3.52834351927042,0.9599999810382723
