predicted_SD,SD
18.63893244445324,8.75000028192997
7.399198148846626,35.179999147653575
8.031648339927196,26.91000016748905
1.5448297171667218,4.000000049546361
-3.2086622869968413,6.939999692589044
3.4602697816491124,7.169999699294567
33.28136632978916,10.709999426901339
4.147572028189897,12.290000009536742
4.636508316546678,6.299999808073044
7.648942131102085,2.57000002797693
3.9143145771324632,0.02999999940744601
