fold,r,r2,rmse,mae
0.0,0.3526965188679217,0.12439483442155025,12.376746808889125,7.502041205544533
1.0,0.49908936053313196,0.24909018979737058,5.619959155689154,4.991090641138567
2.0,0.11477087563301387,0.013172353893568738,13.376226681006854,10.38201729773766
3.0,0.23743145013964345,0.05637369351541399,6.9093412803473315,5.487242970348081
4.0,0.5396089207792781,0.2911777873845773,5.9489366080810955,4.274383363121782
5.0,0.4284271319656691,0.18354980740432886,6.619481803591549,5.930431712246076
6.0,0.5156304240687909,0.2658747342253611,6.15529355968801,4.983078687802296
