fold,r,r2,rmse,mae
0.0,0.3240157740551113,0.07629858392784883,11.866666978490837,7.3973610669391405
1.0,0.6726163413372116,0.44651694871624215,4.569750376106908,3.909967304788191
2.0,0.4151369000849144,0.002147492448872579,10.16148264024493,7.277952581609872
3.0,0.5278115250231699,0.24893110766975746,5.737020031115197,4.8710074126754295
4.0,0.8555640135912314,0.7070979827406603,3.503816739706178,2.933259423322637
5.0,0.531374313733413,0.24343728213838134,5.698328714384365,4.651880793249742
6.0,0.5527535733245234,0.27974034479710763,5.956862800220265,4.98870796068254
