Dataset,num_of_folds,Features,Targets,Model,r_mean,r_std,r2_mean,r2_std,rmse_mean,rmse_std,mae_mean,mae_std,num_of_data,feature_length
Swelling_Xu,7,PS_BigSMILES,SD,NN,0.3839506688553499,0.14721538537650836,0.16909048580602443,0.09992480383100341,8.143712271041874,3.0304388574054646,6.221469411134143,1.9424727181587929,77,109
