fold,r,r2,rmse,mae
0.0,0.500284751688052,0.03905248783612736,1.5291999094336362,1.1252447517236321
1.0,0.526935101960407,0.07212156070040276,1.5164392186627769,1.1013725792893991
2.0,0.5130301857604932,-0.04716849724214822,1.5371533206286732,1.12477199037101
3.0,0.530637918767064,0.10820942536382971,1.4715662528756717,1.1145155053445417
4.0,0.4563203438113393,-0.14344564047405317,1.7277176580288052,1.2507765273795721
