fold,r,r2,rmse,mae
0.0,0.9222637405423367,0.8495160104265269,0.383404301008315,0.20741709751070955
1.0,0.17897016140907934,-0.4809737234525888,1.2068251110852157,0.5877061355834562
2.0,0.8118205057573009,0.6460362728163975,0.6404615307368715,0.23142336643055764
3.0,0.9117309966793086,0.8269641340635042,0.5063144646564636,0.22062731974348945
4.0,0.7715687570199804,0.5428109624526554,0.8340129020215311,0.3002139551854029
