fold,r,r2,rmse,mae
0.0,0.9739753117283148,0.9480438210955199,0.027951158497881854,0.015440871832215127
1.0,0.9224014047965565,0.8483271477366081,0.04395447625360642,0.024428665023866248
2.0,0.9052668618885058,0.7987099447554439,0.05159905544650197,0.03187864101678386
3.0,0.8725501821495776,0.7491605048242329,0.06830628794601028,0.037518746188100645
4.0,0.9350014128015774,0.8682236044489047,0.05358512164494907,0.031246389851969193
5.0,0.8975266713403672,0.8037449294978789,0.0674893639332109,0.043039426911868524
6.0,0.9132559018375385,0.8323990720837389,0.056719170852304136,0.03362840224163964
