Dataset,num_of_folds,Features,Targets,Model,r_mean,r_std,r2_mean,r2_std,rmse_mean,rmse_std,mae_mean,mae_std,num_of_data,feature_length
CO2_Soleimani,7,"Polymer_BRICS,T_K,P_Mpa",exp_CO2_sol_g_g,LSTM,0.9171396780774911,0.029534380088359326,0.8355155749203323,0.058220635547101406,0.05280066208206637,0.012924777831145704,0.031025877580920465,0.0082846440887105,515,102
