fold,r,r2,rmse,mae
0.0,0.6895958621974625,0.4526310903957278,0.731226454749553,0.39281985669906266
1.0,0.19703570512483487,-0.10765222156772802,1.043692044625509,0.5450854778652525
2.0,0.5530018454241181,0.2753782719407686,0.9163667981912132,0.4548611738227641
3.0,0.8099447156908455,0.6402380986822677,0.7300621856459918,0.3894833947727263
4.0,0.7875083025666042,0.43618211241306026,0.9261776358865257,0.4973841793646489
