fold,r,r2,rmse,mae
0.0,0.7555019435104297,0.32934811414271414,0.651436378329287,0.45167346516570744
1.0,0.34136377348544367,0.03878467489990178,0.8022922062017338,0.42796879103263036
2.0,0.7099601615584589,0.4465420714795929,1.0793287723907168,0.556968877346488
3.0,0.6406103708799317,0.3972392518591895,0.7745239666454486,0.34360033014784913
4.0,0.553843228461659,0.25960072911862575,1.0387479846166618,0.42691581964984937
5.0,0.6560553029577577,0.37398299806211877,0.9303513972505639,0.5013873964186595
