fold,r,r2,rmse,mae
1.0,0.5971599523701503,0.35660000871472014,0.7215808604248359,0.5943804949424983
2.0,0.37475650669838095,0.14044243931277364,0.8180321395699094,0.6590344088615736
3.0,0.5951458678407796,0.3541986040079547,1.2794398423584399,0.8706720185321215
4.0,0.4017775492051793,0.16142519904532024,0.9516039556408744,0.7169724695739329
5.0,0.39945492756543904,0.15956423915631016,1.124954527365007,0.7376847554685486
6.0,0.48583629830182457,0.23603690874761946,1.0468207018780957,0.7385727770525642
