fold,r,r2,rmse,mae
0.0,0.6234672092021866,0.04696267080692129,0.7765660413491519,0.6864749101847138
1.0,0.3328591989920186,-0.11293192768238369,0.8632896554414039,0.7152838700959517
2.0,0.7014450368313258,0.24894551910799856,1.2573238988445579,0.8981206637115984
3.0,0.4374581681491581,0.07032657554101895,0.9618948323869138,0.7678504461889386
4.0,0.4072141161506142,0.1289830020893169,1.1266538994173783,0.7491738968090736
5.0,0.4485572331704545,0.14992447827722333,1.0841333652657557,0.8162750151183433
