fold,r,r2,rmse,mae
0.0,0.1533483776180973,-2.2797441682333672,2.825103833847296,2.4438827459577976
1.0,0.20374268017123448,-0.4933457231810281,1.9237987905060339,1.5694294561707762
2.0,0.24455202912261526,-2.280796295920187,2.7208120121595014,2.3514093316983895
3.0,0.2721882228668295,-0.29369630537716884,1.7724114609038462,1.4535812661424896
4.0,0.030573575410481654,-2.3611426690616777,2.9621598018660724,2.5216274110932324
