predicted_SD,SD
-4.05588043063879,1.1500000335276126
7.819608396738767,5.040000093281269
17.968303697407244,16.91000019788742
21.851025568842886,21.080000399947163
22.535815775990486,9.279999868124722
3.239903270155191,5.940000065863132
6.424930419623851,1.1200000292994081
23.922330704927443,3.5999998903274535
3.3194092243909834,11.470000253915785
-0.3106334013678133,2.630000036433339
5.0262329326570026,0.20000000247731803
