predicted_SD,SD
2.956036339625716,0.8300000141374766
11.163720267415046,19.280000454783437
11.011345424950122,15.080000171363352
3.4347337997704743,0.30000000371597707
8.368138824254274,11.169999440312385
4.532770222052932,0.26999999948777254
4.0943894206732505,2.2200000043585897
7.614697314053773,0.33000000794418155
5.326323219537734,2.9099998702108856
-6.188540169745683,8.010000126212836
11.839542166888712,0.9599999810382723
