predicted_SD,SD
1.9941908951103686,0.16999999824911355
-0.0914676443953067,2.249999931454658
12.38144046485424,15.650000483095644
8.748983371853829,6.150000018328428
10.20384230941534,17.010000469088553
8.578083241581917,15.580000293254852
4.067807527035474,1.6100000469386577
7.069188615083694,5.219999964386225
8.251036815941333,2.7600000804662703
0.8402463241666555,3.2899999751895663
11.80816234588623,0.9899999852664768
