predicted_SD,SD
7.482914900630712,8.75000028192997
8.395035108476877,35.179999147653575
7.545166704654693,26.91000016748905
4.755317721813917,4.000000049546361
3.9568952183425425,6.939999692589044
2.8313904999196526,7.169999699294567
6.652460963875055,10.709999426901339
19.45984791278839,12.290000009536742
9.637531381994485,6.299999808073044
8.317762283831835,2.57000002797693
5.261627252399921,0.02999999940744601
