predicted_SD,SD
3.7477776575088497,1.2499999962002037
7.683782408237457,17.609999628067015
0.3902944297622889,0.26999999948777254
11.21483357399702,19.320000563263893
12.525983618795872,12.979999412596225
4.1509436281025405,7.61000027552247
3.0285208012908695,0.0
3.129587038606405,3.1699999582767484
45.270442408323284,0.40000000495463606
6.605690505057573,0.5600000146497041
0.5186117591243237,1.7399999367073178
