predicted_SD,SD
-0.8487341757677495,41.41
-4.381464430987835,1.1899999877437948
6.449842865318059,3.2899999751895663
7.832145762592553,8.629999956488609
4.751901693791151,5.4299999168515205
18.83234034895897,12.920000483989714
19.419340583384034,27.50999932646751
7.684224838167428,2.2800000128149986
19.81257378607988,15.13000030696392
0.49439670363441107,2.2800000128149986
13.285253850221633,0.30000000371597707
