predicted_SD,SD
10.902665628790855,3.5700001174956557
7.095325919091701,4.130000093579292
10.993960458636282,9.2000002682209
19.285864965319632,18.06999964147806
5.638791671544313,11.789999887645244
4.526618471443653,11.819999969005584
14.278106104731558,20.510000088214873
2.978134079426527,2.2800000128149986
3.2562633046507834,1.2499999962002037
0.529464019211009,2.4999999924004075
24.45052416503429,0.8600000183656811
