fold,r,r2,rmse,mae
0.0,0.9262872626219026,0.8579471733241268,0.5879486131383693,0.41336995324411335
1.0,0.9150944534366537,0.8373049204969735,0.6349896920584819,0.426109724723799
2.0,0.9210648450741189,0.8458838428383194,0.5897025273261863,0.41106088754947373
3.0,0.91420885095911,0.8355124728434804,0.6319967813791116,0.4193359694379321
4.0,0.9351666907991627,0.8735582708304067,0.5745267095105299,0.39990813069505804
