fold,r,r2,rmse,mae
0.0,0.8400865804586946,0.6649393022021051,0.07098113760109277,0.04569389684655747
1.0,0.7616822418249853,0.5680027272668517,0.07418048783953352,0.05381834985057641
2.0,0.7926190625290377,0.6167622194858899,0.0711975009890247,0.04833673096135058
3.0,0.7125965853073112,0.5022662693957518,0.09621909374620237,0.06662487837570938
4.0,0.8060259436337367,0.6340785086683012,0.08929340157929351,0.06037800149958939
5.0,0.7734223151465802,0.5734805444562217,0.09949340979773164,0.0730578442147193
6.0,0.7900312308547676,0.6223914414720984,0.08513587004374137,0.05542810581745708
