Dataset,num_of_folds,Features,Targets,Model,r_mean,r_std,r2_mean,r2_std,rmse_mean,rmse_std,mae_mean,mae_std,num_of_data,feature_length
CO2_Soleimani,7,"polymer_automated_frag,T_K,P_Mpa",exp_CO2_sol_g_g,LSTM,0.7823519942507303,0.03670522851224826,0.5974172875638885,0.04984705555807902,0.0837858430852314,0.011007522337300039,0.057619686795137084,0.009060821506281815,515,104
