fold,r,r2,rmse,mae
0.0,0.9075020982100972,0.8227966000337108,0.6566749586722358,0.440329213796988
1.0,0.889106737742414,0.7899410600140992,0.7215227860750476,0.46761453512441487
2.0,0.8841579800035745,0.7796120940456754,0.7051845399781796,0.46049433721050004
3.0,0.9089600695920844,0.8260569070723948,0.6499081374375131,0.43552993139692486
4.0,0.909650858506733,0.8266187723290961,0.6727691170896034,0.43963849775466696
