Dataset,num_of_folds,Features,Targets,Model,r_mean,r_std,r2_mean,r2_std,rmse_mean,rmse_std,mae_mean,mae_std,num_of_data,feature_length
DFT_Ramprasad,5,polymer_automated_frag_aug_recombined_fp,value,BRT,0.8983806744274953,0.008368470670192186,0.806132511002535,0.015592704004678175,0.686777956366418,0.018727104166760624,0.4573601195787881,0.009439670106576892,13472,512
