predicted_SD,SD
1.6060218,0.83
11.472769,19.28
11.645549,15.08
8.092654,0.3
8.727373,11.17
7.4128165,0.27
3.256338,2.22
3.5558288,0.33000000000000007
1.6454345,2.91
4.8827443,8.01
1.4548506,0.96
