predicted_SD,SD
9.503048,8.75
17.58687,35.18
16.26917,26.91
5.929389,3.9999999999999996
7.4081397,6.9399999999999995
5.6865625,7.17
10.929242,10.71
17.38122,12.29
8.208423,6.299999999999999
7.4905286,2.57
5.4137435,0.03
