predicted_SD,SD
-0.7707844,1.25
7.276325,17.61
1.9466758,0.27
14.457235,19.32
13.914279,12.98
9.834747,7.61
7.471701,0.0
2.3076031,3.1699999999999995
35.94106,0.4
-5.824001,0.56
-1.5278584,1.74
