predicted_SD,SD
4.922031,41.41
2.0102105,1.19
7.562645,3.2899999999999996
9.933182,8.63
6.7230344,5.43
15.06631,12.919999999999998
6.6287103,27.510000000000005
2.4446712,2.28
6.6287103,15.13
1.5699363,2.28
9.631999,0.3
