predicted_SD,SD
5.4317207,1.15
8.956457,5.04
14.775908,16.91
18.765802,21.08
18.12653,9.28
8.361103,5.94
6.8192744,1.12
13.927193,3.6
8.621129,11.47
1.4133887,2.63
4.5003963,0.2
