predicted_SD,SD
5.350339,3.57
9.200361,4.13
10.916652,9.2
17.332188,18.07
8.5283575,11.789999999999997
6.648437,11.82
6.256613,20.51
3.9690971,2.28
2.4239402,1.25
1.9467214,2.5
18.63329,0.86
