predicted_SD,SD
2.2551105,0.17000000000000004
0.016579006,2.25
20.821157,15.65
5.574667,6.15
15.636903,17.01
13.640706,15.580000000000002
5.178401,1.61
10.242517,5.22
2.7752485,2.76
-0.9407609,3.2899999999999996
4.6306763,0.99
