fold,r,r2,rmse,mae
0.0,0.08226153916448031,0.006766960825709328,13.328693228250872,7.810242179523815
1.0,0.887163687981396,0.7870594092727518,3.1790114391155484,2.7140924796055668
2.0,0.8484978545129546,0.719948609113087,6.824166864399295,4.581011808568781
3.0,0.2561090665911149,0.06559185399017212,7.344379227269266,4.834669288721952
4.0,0.7563050146294976,0.5719972751537246,4.412440436442918,3.504058201963252
5.0,0.7541785556558471,0.5687852938111397,5.177984061265611,4.39149503361095
6.0,0.2112072331960531,0.04460849535433196,11.733091500570968,6.870903840065003
