fold,r,r2,rmse,mae
0.0,0.7307777921986217,0.5112652973036043,1.0905636515061221,0.7170398746701421
1.0,0.7835022378983711,0.6060433690278035,0.9881063109046523,0.6154855781405979
2.0,0.774471688878549,0.5729064073407337,0.9816811052491804,0.6262151964457816
3.0,0.8076577197828905,0.6486474575079424,0.9236765799990588,0.5719215272374509
4.0,0.8025564501046784,0.6433589378627478,0.9648963944653985,0.6164906420677213
