fold,r,r2,rmse,mae
0.0,0.9917217005633544,0.9826561259543981,0.016149320899182425,0.009835938310087531
1.0,0.9899351894338015,0.9798426489037156,0.0160238147225913,0.009054081758893023
2.0,0.9852364150547605,0.9699372290461837,0.019940915587715064,0.009075962038410676
3.0,0.9922181630288286,0.9820680803215259,0.018263168074172307,0.010518809130600576
4.0,0.9885526693181365,0.9768442360170949,0.022462338371022173,0.010753789891839435
5.0,0.9927579599689857,0.98545208448696,0.018374912497806168,0.010476839667256562
6.0,0.9944219516039728,0.9887844493736007,0.014672427316848742,0.009598993144287436
