fold,r,r2,rmse,mae
0.0,0.6686073658857157,0.4142896491537771,0.6087863156816736,0.38482937684456014
1.0,0.40964319978062713,-0.048504340846399874,0.8379292417470992,0.5054806195641088
2.0,0.7851060705917824,0.33711330429409614,1.1812208364483816,0.6220807761763971
3.0,0.6384186954780229,0.3852962821475754,0.7821594544788474,0.41032039474959814
4.0,0.510894817094069,0.2509112328565327,1.0448256969941627,0.4950568760702638
5.0,0.6165181890867422,0.3767995725527108,0.9282561202188917,0.5123088070962801
