fold,r,r2,rmse,mae
0.0,0.7334586369449384,0.006936200202823928,0.7927057486130713,0.28221476693207714
1.0,0.8523279558371587,0.6739935968260966,0.4672349219631873,0.23812723959503504
2.0,0.9009700786429798,0.806023399316917,0.6389783153764937,0.2901122283521676
3.0,0.797219032622644,0.6304408806303223,0.6064630435836923,0.25220326588678105
4.0,0.882796187006844,0.757093638662367,0.5949721634852034,0.2276413275217421
5.0,0.8794849841144685,0.7709591951279402,0.562743361704929,0.28150406072825507
