fold,r,r2,rmse,mae
0.0,0.9735971958133343,0.9448259967887861,0.02880371194268654,0.016365825215993824
1.0,0.9372905874363692,0.8729261152293484,0.04023252928031351,0.02231062085205985
2.0,0.9284820014986542,0.8486418271915026,0.04474386853427718,0.025033548547921555
3.0,0.9651550922589476,0.9065569318246246,0.04169042001508942,0.026004076141580734
4.0,0.9582721348441547,0.907753200947802,0.04483333661607695,0.025111100877775516
5.0,0.9296293052629212,0.8634007257744769,0.05630527551825679,0.03481578511050838
6.0,0.9564378568024687,0.9064411807448192,0.042377372923111875,0.025201912783498377
