fold,r,r2,rmse,mae
0.0,0.49509864872260434,0.15214225627524036,0.9100669235259892,0.6623598903449314
1.0,0.33838848674637206,0.0691814300174296,0.9567603671245297,0.7050743220767589
2.0,0.2373200591905539,0.03912558160019186,1.0552296333002908,0.6928482420344688
3.0,0.3380794517148344,0.08245974917905419,1.1659094741859137,0.7458050276233393
4.0,0.553722476476257,0.27443257949249666,1.0506637691588174,0.7199731494806149
