fold,r,r2,rmse,mae
0.0,0.8406308440229231,0.6648250064721352,0.07099324309309092,0.04568246982917073
1.0,0.7505434508319525,0.5487153588863739,0.07581837274462801,0.0560488672692055
2.0,0.7865858479625465,0.601083023473808,0.07263933364163018,0.0466315438157904
3.0,0.7405706509426738,0.5479001364154358,0.09170223351096295,0.06286627248801382
4.0,0.7920450709729514,0.6141150447706072,0.0916968321205531,0.06184987969859822
5.0,0.7857503509115634,0.6060348790044765,0.09562110960554307,0.07145142169065187
6.0,0.8092066727126085,0.6543803755715571,0.08144995732254731,0.05492468568004591
