Dataset,num_of_folds,Features,Targets,Model,r_mean,r_std,r2_mean,r2_std,rmse_mean,rmse_std,mae_mean,mae_std,num_of_data,feature_length
CO2_Soleimani,5,"2mer_fp,T_K,P_Mpa",exp_CO2_sol_g_g,LSTM,0.780380557039561,0.029349015622114418,0.6037917110714691,0.047015458520520755,0.08323522274125,0.009670199251525773,0.05947794336496785,0.005797152832946125,515,93
