predicted_SD,SD
4.522308441030459,1.15
5.376429073819484,5.04
10.981787622238729,16.91
4.423086258740119,21.08
4.423086258740119,9.28
4.522308441030459,5.94
4.985080458304795,1.12
4.423086258740119,3.6
12.890247738837783,11.47
5.7609849580508685,2.63
4.985080458304795,0.2
