predicted_SD,SD
6.88483395770907,1.25
5.325873185231271,17.61
4.410290741605628,0.27
11.518217860147798,19.32
11.518217860147798,12.98
5.325873185231271,7.61
4.410290741605628,0.0
5.289157807956691,3.17
13.66506730987604,0.4
6.88483395770907,0.56
5.289157807956691,1.74
