predicted_SD,SD
4.143622537202737,0.17000000000000004
4.143622537202737,2.25
12.89191169227479,15.65
4.338321378288353,6.15
10.438322225368793,17.01
10.438322225368793,15.580000000000002
6.420607426353951,1.61
10.438322225368793,5.22
7.650082532485595,2.76
7.650082532485595,3.2899999999999996
10.438322225368793,0.99
