predicted_SD,SD
4.325073934206344,0.83
7.695074823327556,19.28
7.695074823327556,15.08
6.404083655416095,0.3
5.748291628856586,11.17
6.404083655416095,0.27
4.588712994663612,2.22
6.404083655416095,0.33000000000000007
6.404083655416095,2.91
7.695074823327556,8.01
5.748291628856586,0.96
