predicted_SD,SD
15.606752795862846,8.75
4.484188844405747,35.18
4.484188844405747,26.91
5.2890290550813726,3.9999999999999996
4.341479517464733,6.9399999999999995
4.341479517464733,7.17
4.484188844405747,10.71
15.606752795862846,12.29
10.939479910681065,6.299999999999999
17.072625619330353,2.57
17.072625619330353,0.03
