predicted_SD,SD
7.187770250630641,41.41
5.779121429766415,1.19
4.663770250630803,3.2899999999999996
4.752953914566341,8.63
4.663770250630803,5.43
6.104215681412714,12.92
6.104215681412714,27.510000000000005
4.752953914566341,2.28
6.104215681412714,15.13
3.7211528425155094,2.28
14.998192025601565,0.3
