predicted_SD,SD
10.955818770389982,3.57
4.352320365550512,4.13
5.736835336182544,9.2
8.764120532185064,18.07
4.71231993719372,11.789999999999997
4.71231993719372,11.82
11.504771449395605,20.51
5.736835336182544,2.28
4.352320365550512,1.25
4.625057118987297,2.5
5.1328094351219375,0.86
