fold,r,r2,rmse,mae
0.0,-0.010181876972722676,-0.20462173626887092,13.551529453206065,9.153459000274063
1.0,0.6511691346417581,0.31942414671028174,5.0673227863540955,4.625253135924315
2.0,-0.4661209151983414,-0.8279194194204138,13.753158002515395,10.22015820254565
3.0,0.5268379618931829,0.21325183756762656,5.87170665934447,5.138617654512012
4.0,0.6180091373011981,0.16932812599817104,5.900583352751219,5.196808825504697
5.0,0.4202446237713037,0.15270699350466754,6.030340484487546,4.235722618758079
6.0,0.3138750325409808,0.039499895111594574,6.878943697715764,5.752313657605516
