fold,r,r2,rmse,mae
0.0,0.9941671337749601,0.9876824555332555,0.013609534801752714,0.0080944843801669
1.0,0.9920262848150784,0.9840576789291334,0.01425033120336084,0.008410159968140192
2.0,0.9951869712821768,0.9785571017846858,0.016841172885085697,0.011263265829372248
3.0,0.9972661998459019,0.9924212073813153,0.011873062044117517,0.008718107102199845
4.0,0.9963516692519562,0.9925401795438766,0.012749395579319967,0.007334733818517361
5.0,0.9959886632065778,0.9912168257491825,0.014277449786861943,0.009989563064957166
6.0,0.9958151107737052,0.988536241060012,0.014833894525436004,0.009953655806284602
