fold,r,r2,rmse,mae
0.0,0.99139599169878,0.9773594708131598,0.01788790486140768,0.012099413842089122
1.0,0.9930517472710639,0.9776334490503488,0.017155715279181576,0.011960709212310343
2.0,0.9936277334752208,0.9872363863316086,0.015128141710824963,0.009603330436800225
3.0,0.9949349366967566,0.9797830083585521,0.021508985659168818,0.01359823860414326
4.0,0.9959156146594266,0.9907780182878894,0.013860958552908526,0.009463468852627444
