Dataset,num_of_folds,Features,Targets,Model,r_mean,r_std,r2_mean,r2_std,rmse_mean,rmse_std,mae_mean,mae_std,num_of_data,feature_length
CO2_Soleimani,5,"Polymer_ohe,T_K,P_Mpa",exp_CO2_sol_g_g,NN,0.9937852047602496,0.0015576665889389424,0.9825580665683116,0.005448531649373197,0.017108341212698313,0.002624588330963116,0.011345032189594078,0.0015873811519096284,515,15
