Dataset,num_of_folds,Features,Targets,Model,r_mean,r_std,r2_mean,r2_std,rmse_mean,rmse_std,mae_mean,mae_std,num_of_data,feature_length
CO2_Soleimani,7,"Polymer_ohe,T_K,P_Mpa",exp_CO2_sol_g_g,NN,0.9952574332786224,0.00159069774345857,0.9878588128544944,0.004712708461820926,0.014062120117990668,0.0014697237218961653,0.009109138567091188,0.0012506074492576352,515,15
