fold,r,r2,rmse,mae
0.0,0.9188533057678421,0.8431310855951397,0.6178497502333435,0.4376437647954357
1.0,0.905387405686937,0.8189897397999008,0.6697782833400688,0.46642544514643275
2.0,0.8970876837109248,0.8034662520274771,0.6659283010371397,0.47770931921467225
3.0,0.8862566664473168,0.7850623722833245,0.7224446968755942,0.48404044170897903
4.0,0.8977544294846055,0.8051497753491181,0.7132067859847047,0.4915191042852843
