predicted_SD,SD
0.6185960930735935,0.17000000000000004
0.6185960930735935,2.25
12.471201565656562,15.65
2.9679151154401167,6.15
10.835335714285717,17.01
10.835335714285717,15.580000000000002
6.340698709901211,1.61
10.835335714285717,5.22
6.135443827283825,2.76
6.135443827283825,3.2899999999999996
10.835335714285717,0.99
