predicted_SD,SD
11.27438509840607,3.57
3.931967587124578,4.13
5.696443129896952,9.2
11.199649622928787,18.07
3.552468445243797,11.789999999999997
3.552468445243797,11.82
13.674889242179466,20.51
5.696443129896952,2.28
3.931967587124578,1.25
3.3802944102600794,2.5
16.23525253250711,0.86
