predicted_SD,SD
13.485150214230213,8.75
13.932599431401925,35.18
13.932599431401925,26.91
3.2291730369630365,3.9999999999999996
2.4207289146964155,6.9399999999999995
2.4207289146964155,7.17
13.932599431401925,10.71
13.485150214230213,12.29
11.32805280871906,6.299999999999999
16.511712373321124,2.57
16.511712373321124,0.03
