predicted_SD,SD
3.287883697553561,1.15
5.29932738394844,5.04
11.114579625190341,16.91
15.58391443210854,21.08
15.58391443210854,9.28
3.287883697553561,5.94
3.7424739842264856,1.12
15.58391443210854,3.6
15.481905650382659,11.47
6.6126044417457415,2.63
3.7424739842264856,0.2
