predicted_SD,SD
3.2759674569874564,1.15
5.455103239815739,5.04
12.78834026917527,16.91
19.3683825,21.08
19.3683825,9.28
3.2759674569874564,5.94
4.128052723942724,1.12
19.3683825,3.6
13.085247430624932,11.47
6.312612831890332,2.63
4.128052723942724,0.2
