predicted_SD,SD
3.60551079059829,0.83
8.35702113997114,19.28
8.35702113997114,15.08
0.686490555555556,0.3
6.190833363997113,11.17
0.686490555555556,0.27
3.5152972331834853,2.22
0.686490555555556,0.33000000000000007
0.686490555555556,2.91
8.35702113997114,8.01
6.190833363997113,0.96
