predicted_SD,SD
3.448038887201867,0.83
8.17939476631791,19.28
8.17939476631791,15.08
5.627759710498608,0.3
6.3416721354191825,11.17
5.627759710498608,0.27
3.245439526557023,2.22
5.627759710498608,0.33000000000000007
5.627759710498608,2.91
8.17939476631791,8.01
6.3416721354191825,0.96
