predicted_SD,SD
5.719088958754763,1.25
4.841840137968178,17.61
4.021211732040334,0.27
13.213566300429374,19.32
13.213566300429374,12.98
4.841840137968178,7.61
4.021211732040334,0.0
3.273938095805841,3.17
16.403358624107057,0.4
5.719088958754763,0.56
3.273938095805841,1.74
