predicted_SD,SD
13.540419794372292,8.75
14.255205472582965,35.18
14.255205472582965,26.91
3.1838106926406926,3.9999999999999996
2.3158904476079485,6.9399999999999995
2.3158904476079485,7.17
14.255205472582965,10.71
13.540419794372292,12.29
10.899614332056828,6.299999999999999
17.842886829004335,2.57
17.842886829004335,0.03
