predicted_SD,SD
13.335556572871566,41.41
6.509744319291821,1.19
3.0176087218337213,3.2899999999999996
5.2366020240870235,8.63
3.0176087218337213,5.43
9.550016277056278,12.92
9.550016277056278,27.510000000000005
5.2366020240870235,2.28
9.550016277056278,15.13
3.5805337698412694,2.28
14.482275304972797,0.3
