predicted_SD,SD
4.187857236627728,0.17000000000000004
4.187857236627728,2.25
12.979998122384078,15.65
2.792171856101136,6.15
9.185138081415806,17.01
9.185138081415806,15.580000000000002
7.023238040084177,1.61
9.185138081415806,5.22
7.0933863044934835,2.76
7.0933863044934835,3.2899999999999996
9.185138081415806,0.99
