fold,r,r2,rmse,mae
0.0,0.53224666901775,0.15888265274780544,11.323775760789157,7.711066413308912
1.0,0.600799715756886,0.3112330883843043,5.097725418071115,4.7194141039855815
2.0,0.2165873985383029,-0.04455559967490497,10.396560611424068,8.078958880551268
3.0,0.22599687089298753,-0.15724042385060155,7.1212835749816366,5.815496025961583
4.0,0.7288879789986655,0.298144221984901,5.423805867344395,4.611374771766855
5.0,0.6701717015624421,0.3429449370561243,5.310383749749796,4.435283659222546
6.0,0.34337076741556827,-0.002600278935666056,7.028084219417792,5.174377811033871
