fold,r,r2,rmse,mae
0.0,0.5322466690177501,0.15888265274780544,11.323775760789157,7.711066413308913
1.0,0.6349404580037432,0.38783365066703834,4.805903296862688,4.1611336075792895
2.0,0.18731312714170473,-0.1002769134685293,10.67025772381861,8.285948228942773
3.0,0.1320703744307697,-0.3703579173833689,7.749318106332402,6.117015752265411
4.0,0.7937468001521826,0.497762641747737,4.58811932000628,3.2415243631747046
5.0,0.6524443736125363,0.10450260306465242,6.199507459743461,4.466282834640108
6.0,0.21525095961500357,-0.24713076449935922,7.838429252717204,5.4702913262747375
