fold,r,r2,rmse,mae
0.0,0.9218234972071745,0.8481163612302955,0.3851831950585097,0.20296533908499167
1.0,0.9372980254352984,0.8780347833349595,0.3463288359062087,0.18483088432543202
2.0,0.7648548187272171,0.5843556805393397,0.6940241578957194,0.247664740940062
3.0,0.9470454688846855,0.8857251510301019,0.4114599764172615,0.2569110045543868
4.0,0.9122935083327356,0.8320953005280132,0.5054245061316929,0.2581410192790532
