fold,r,r2,rmse,mae
0.0,0.9017797632005479,0.7207626921918364,0.42034913737561325,0.2319545855781878
1.0,0.857995567939488,0.7246994139254981,0.4293641738630391,0.24410600945876826
2.0,0.9483702051839101,0.8519046660690835,0.5583186529238452,0.30418165675761655
3.0,0.8691401641781936,0.7519139563302315,0.49689376811002656,0.2514656123014319
4.0,0.8341753230211898,0.6952479609956139,0.6664238312408443,0.22879787596801326
5.0,0.9541947247117938,0.9074858112155283,0.3576499162254032,0.1903614702398784
