fold,r,r2,rmse,mae
0.0,0.8833824970533839,0.7687095454191089,0.05717353473364791,0.04510593940288907
1.0,0.831794461896535,0.6410703503827802,0.0687248797622422,0.05163823298532898
2.0,0.8860021131230644,0.7734265213817075,0.06373871330498669,0.05039679749187682
3.0,0.8436163926607124,0.7092339146994526,0.08157057762209244,0.05279549791229635
4.0,0.9151552696038843,0.8190415543158814,0.06140031079712262,0.04927409330964378
