predicted_SD,SD
8.51608689919114,8.75000028192997
7.407269255518913,35.179999147653575
8.869491535276174,26.91000016748905
6.663210715353489,4.000000049546361
4.206744717359543,6.939999692589044
2.7394924967736003,7.169999699294567
11.344076180458067,10.709999426901339
19.370896665751932,12.290000009536742
7.521906737834215,6.299999808073044
7.627181612998246,2.57000002797693
5.3743339630961415,0.02999999940744601
