predicted_SD,SD
1.9402346522733567,1.1500000335276126
9.430205137878655,5.040000093281269
14.280510159134863,16.91000019788742
23.140210849642752,21.080000399947163
24.190019941329954,9.279999868124722
3.07199093028903,5.940000065863132
4.028889736682176,1.1200000292994081
26.290378593206402,3.5999998903274535
4.56253983259201,11.470000253915785
1.5828661957383154,2.630000036433339
-1.7000522780790923,0.20000000247731803
