predicted_SD,SD
1.55909700255841,1.2499999962002037
7.256956617832183,17.609999628067015
0.33018284967169165,0.26999999948777254
14.306906627118586,19.320000563263893
15.114178963303564,12.979999412596225
5.331468241512775,7.61000027552247
3.573127671331167,0.0
6.143828213363886,3.1699999582767484
54.01922585368156,0.40000000495463606
5.601499209553003,0.5600000146497041
-1.43556263692677,1.7399999367073178
