predicted_SD,SD
0.8875961224548518,3.5700001174956557
5.291597097963094,4.130000093579292
2.5442183031141754,9.2000002682209
12.847743099331854,18.06999964147806
5.951721682250499,11.789999887645244
4.6250868984311815,11.819999969005584
12.52679690003395,20.510000088214873
-1.1198840225674211,2.2800000128149986
0.22980725349858402,1.2499999962002037
2.0615815505385395,2.4999999924004075
22.4896969294548,0.8600000183656811
