predicted_SD,SD
1.666822365671396,0.8300000141374766
16.22829774439335,19.280000454783437
17.034707434773445,15.080000171363352
0.5342664202395826,0.30000000371597707
7.463030853122472,11.169999440312385
1.8646667563542723,0.26999999948777254
4.652707299143075,2.2200000043585897
5.793410133570432,0.33000000794418155
3.7867102572321887,2.9099998702108856
4.929524352476,8.010000126212836
3.9083581250905985,0.9599999810382723
