predicted_SD,SD
2.5446417585387824,41.41
2.4847077751904725,1.1899999877437948
3.535589620620012,3.2899999751895663
10.29841556355357,8.629999956488609
4.681511215344071,5.4299999168515205
24.4936934787035,12.920000483989714
29.063267762064932,27.50999932646751
7.140994313955306,2.2800000128149986
33.11014779806137,15.13000030696392
0.09591793722473084,2.2800000128149986
12.274019465148449,0.30000000371597707
