predicted_SD,SD
2.4588245444372294,0.16999999824911355
0.0069105765596032135,2.249999931454658
11.666771119534967,15.650000483095644
7.30066030293703,6.150000018328428
10.524283756017685,17.010000469088553
8.750316832214594,15.580000293254852
4.116113223880529,1.6100000469386577
7.267217660099267,5.219999964386225
8.213736949265002,2.7600000804662703
1.6202438116073608,3.2899999751895663
11.2851065030694,0.9899999852664768
