fold,r,r2,rmse,mae
0.0,0.26715865226359975,0.07137374547930302,14.295066752093401,8.526329938116566
1.0,0.7016370822266942,0.4922945951555888,4.4403309327201015,3.7311999911865725
2.0,0.21734026960660954,0.047236792792673725,10.58797086993093,6.664962281411704
3.0,0.2762649573487841,0.0763223266589255,8.420388848733198,5.840046144063499
4.0,0.9012164643618426,0.8121911156368602,3.0384824473882115,2.5324782276043503
5.0,0.5586998278049367,0.31214549758926585,8.73426187753699,5.704346512024376
6.0,0.021995196998105822,0.0004837886909854834,16.717697188522052,8.048306539211081
