fold,r,r2,rmse,mae
0.0,0.9886993915509251,0.9775239049228246,0.01838406890785879,0.010222234136886214
1.0,0.9877697259660477,0.9753864815081152,0.017706634991762536,0.008490469619975103
2.0,0.9818603598848994,0.9639280343203608,0.021843161441202245,0.012262363425192194
3.0,0.9927332703178835,0.9848652025990071,0.016778418756147547,0.010911422338296431
4.0,0.9833164614494981,0.966581172912359,0.026984912214807696,0.012811407988404168
5.0,0.9908832141981699,0.9816885746065453,0.020615124902878066,0.011931281021623169
6.0,0.9944617534945743,0.9884146340211697,0.014912365703710321,0.00908413502837595
