fold,r,r2,rmse,mae
0.0,0.986354972162308,0.9714541773874776,0.020085723026040635,0.011184497821467219
1.0,0.9673346306218202,0.9303031902693922,0.03028417665589632,0.015248123834951464
2.0,0.9850558603058058,0.9695677284886594,0.02335962899261111,0.01507060133611418
3.0,0.9833183598512263,0.9635644169703231,0.028875168328233194,0.016515038562417976
4.0,0.9885925715770358,0.9768917439852691,0.021941419762805243,0.01387437435275083
