fold,r,r2,rmse,mae
1.0,0.9946417099936895,0.9893121312591707,0.012726398994754461,0.007566042168029657
2.0,0.996029317609292,0.9920744015372319,0.010206978735098715,0.0060485106938351196
3.0,0.9769830892997906,0.9544959567777627,0.024867720207856783,0.011609605992966005
4.0,0.9923606828586575,0.984779724883701,0.016856676801999843,0.01170050311125815
5.0,0.9890431606641651,0.9782063736565615,0.02287683825973467,0.013030373084147093
6.0,0.9945619910381479,0.989153554017765,0.016019246351207304,0.009768212065092503
7.0,0.9970898239258162,0.9941881169764153,0.010874239382777236,0.007178181955085636
