fold,r,r2,rmse,mae
0.0,0.8471969976195434,0.7062841760678624,0.06645763486602622,0.05043718106389979
1.0,0.7932192263162393,0.5964525243357401,0.07169626009233497,0.0538575989003645
2.0,0.7687821789313096,0.5907951905299855,0.07357003383703435,0.05075570806584898
3.0,0.869996559207008,0.7525901409800072,0.06783771708602919,0.0454685364496735
4.0,0.8538660611676132,0.7266516680508182,0.07717624105234805,0.050960449543834996
5.0,0.9098419122004998,0.8243053328523625,0.06385636374291045,0.04708853589643927
6.0,0.8983548843453578,0.753021910964335,0.06885268483678862,0.054683328346123584
