Dataset,num_of_folds,Features,Targets,Model,r_mean,r_std,r2_mean,r2_std,rmse_mean,rmse_std,mae_mean,mae_std,num_of_data,feature_length
CO2_Soleimani,5,"polymer_automated_frag,T_K,P_Mpa",exp_CO2_sol_g_g,SVM,0.8397063397582822,0.05358475010947729,0.6982190787463807,0.08510277004788583,0.07110213135702938,0.0027619892308324897,0.050735957483192054,0.0025449504059358004,515,33
