predicted_SD,SD
3.3883426,0.17000000000000004
3.3883426,2.25
10.815155,15.65
3.9776974,6.15
9.660815,17.01
9.660815,15.580000000000002
7.0348816,1.61
9.660815,5.22
6.5952487,2.76
6.5952487,3.2899999999999996
9.660815,0.99
