predicted_SD,SD
12.173635,41.41
6.439025,1.19
3.148589,3.2899999999999996
6.6743383,8.63
3.148589,5.43
8.590098,12.92
8.590098,27.510000000000005
6.6743383,2.28
8.590098,15.13
3.9003184,2.28
14.603518,0.3
