predicted_SD,SD
2.917187,0.83
7.1949024,19.28
7.1949024,15.08
2.772753,0.3
6.2095237,11.17
2.772753,0.27
3.1132739,2.22
2.772753,0.33000000000000007
2.772753,2.91
7.1949024,8.01
6.2095237,0.96
