predicted_SD,SD
6.00782,1.25
3.3388352,17.61
0.84338456,0.27
12.192454,19.32
12.192454,12.98
3.3388352,7.61
0.84338456,0.0
3.623446,3.17
17.208092,0.4
6.00782,0.56
3.623446,1.74
