predicted_SD,SD
12.1103325,3.57
4.601502,4.13
4.8539495,9.2
11.061298,18.07
3.324255,11.789999999999997
3.324255,11.82
11.293993,20.51
4.8539495,2.28
4.601502,1.25
2.2563198,2.5
14.008222,0.86
