predicted_SD,SD
13.400517,8.75
11.749191,35.18
11.749191,26.91
3.1261723,3.9999999999999996
2.3591466,6.9399999999999995
2.3591466,7.17
11.749191,10.71
13.400517,12.29
10.1368265,6.299999999999999
18.057955,2.57
18.057955,0.03
