predicted_SD,SD
1.0277686,1.15
6.740877,5.04
14.650156,16.91
14.927916,21.08
14.927916,9.28
1.0277686,5.94
2.7628043,1.12
14.927916,3.6
12.125835,11.47
7.8309894,2.63
2.7628043,0.2
