fold,r,r2,rmse,mae
0.0,0.4285252268874323,0.08322885663074553,11.822067455971736,8.088341216174038
1.0,0.6202673078087054,0.3283221874077693,5.034087994883875,4.5735647114840425
2.0,0.029486874813308188,-0.25392601722673636,11.390947907546527,8.455464930967851
3.0,0.1868608377855718,-0.1632655507167342,7.139797849582201,5.9874033537777995
4.0,0.8088364206063182,0.38278344716031865,5.086264946910562,3.7755690522627403
5.0,0.7103084692757622,0.4345362948079211,4.926374122892936,3.835048436251553
6.0,0.2704103118286094,-0.13106480963739808,7.464776201650078,5.202255812991749
