fold,r,r2,rmse,mae
0.0,0.7815679355732885,0.6067648176068923,0.07689664545607489,0.04285235552708234
1.0,0.7072284185158145,0.4038088332925933,0.08714489503521752,0.050233814809182216
2.0,0.7781367887081714,0.5929022183773701,0.07338038061181344,0.04280946685627505
3.0,0.7828078282436597,0.5501198439048978,0.09147683795696197,0.05352530014176013
4.0,0.9041244364124494,0.6320746401817872,0.08953756315202743,0.05654144329804775
5.0,0.9497640399971903,0.9003547962241196,0.048089813390637656,0.028535891505750536
6.0,0.9546191463292603,0.8592189578375681,0.05198328876656223,0.03130650478598267
