Dataset,num_of_folds,Features,Targets,Model,r_mean,r_std,r2_mean,r2_std,rmse_mean,rmse_std,mae_mean,mae_std,num_of_data,feature_length
CO2_Soleimani,7,"polymer_automated_frag_SMILES,T_K,P_Mpa",exp_CO2_sol_g_g,NN,0.836892656254262,0.09053069554845664,0.6493205867750326,0.1614593081989064,0.0740727749098993,0.016407553803069914,0.0436863967034401,0.009922478736567035,515,97
