fold,r,r2,rmse,mae
0.0,0.8931991881164081,0.7045424133498169,0.4323853914284235,0.23919795404272093
1.0,0.8926850024362475,0.7868343232839576,0.37781646017441767,0.19299957642423754
2.0,0.948390406198877,0.826779058780521,0.6038257741713859,0.3130137569876238
3.0,0.8718361072568429,0.7490467979081983,0.49975684833344286,0.2246922847828455
4.0,0.771303218800163,0.5854965838012725,0.777215165240876,0.30469070944698823
5.0,0.9288954399900597,0.854745805887887,0.4481447321288803,0.2494094794267032
