fold,r,r2,rmse,mae
0.0,0.8787229846982331,0.7706834126237511,0.47329244245828894,0.22380242261300576
1.0,0.9172915955336687,0.8379987939267448,0.39914416170851075,0.20376816923064808
2.0,0.7685781992152014,0.590596907514966,0.6887937893000701,0.23967515258791064
3.0,0.9511949516710654,0.8740467070819609,0.43197342709257014,0.2315713768964393
4.0,0.8932689119387477,0.7935344772105899,0.5604651841974534,0.2816067395667168
