predicted_SD,SD
13.137782,8.75
12.968269,35.18
10.887953,26.91
4.624614,3.9999999999999996
14.751807,6.9399999999999995
10.757382,7.17
15.362169,10.71
12.60459,12.29
9.51211,6.299999999999999
9.944224,2.57
2.6050649,0.03
