predicted_SD,SD
6.7217526,0.17000000000000004
18.210049,2.25
14.263861,15.65
5.495713,6.15
7.979074,17.01
11.861998,15.580000000000002
4.8506565,1.61
3.3149333,5.22
8.221114,2.76
2.0510123,3.2899999999999996
4.6766768,0.99
