predicted_SD,SD
3.3945942,1.15
13.551278,5.04
27.784416,16.91
8.204158,21.08
13.769541,9.28
6.80718,5.94
3.6920109,1.12
10.841429,3.6
4.4697266,11.47
6.640002,2.63
0.6675828,0.2
