predicted_SD,SD
9.053746,3.57
9.135747,4.13
8.707665,9.2
23.987173,18.07
9.458623,11.789999999999997
8.544187,11.82
6.94715,20.51
4.001715,2.28
1.115086,1.25
-1.052064,2.5
-3.87699,0.86
