predicted_SD,SD
7.4703493,41.41
3.320186,1.19
6.5109057,3.2899999999999996
6.997165,8.63
6.7043595,5.43
14.514384,12.92
19.968746,27.510000000000005
4.509476,2.28
6.5053835,15.13
3.1414628,2.28
3.8286536,0.3
