predicted_SD,SD
1.2331467,0.83
13.6776,19.28
15.350025,15.08
10.328675,0.3
7.1154943,11.17
17.217163,0.27
0.56130683,2.22
5.5739927,0.33000000000000007
2.0634928,2.91
7.6166544,8.01
2.3910897,0.96
