predicted_SD,SD
2.741706,1.25
2.1783235,17.61
7.034683,0.27
14.220333,19.32
13.36647,12.98
9.004112,7.61
1.7575974,0.0
-1.6832023,3.17
2.6168907,0.4
9.63697,0.56
-0.8849131,1.74
