predicted_SD,SD
13.096185584068298,41.40999855995178
7.029369210004806,1.190000025331974
3.9050972141325473,3.2900000700354575
7.022488260865211,8.629999809265136
3.9050972141325473,5.4299998909235
11.80076277077198,12.919999526143075
11.80076277077198,27.509999012947084
7.022488260865211,2.2800000859797
11.80076277077198,15.130000396966935
3.9051116302609445,2.2800000859797
16.880275651216508,0.29999999234452845
