predicted_SD,SD
6.311403498351574,1.2499999809265137
6.183338523805141,17.610000190138816
1.4831867949664592,0.270000008251518
14.409294575452803,19.320000446438787
14.409294575452803,12.979999878406522
6.183338523805141,7.610000295937061
1.4831867949664592,-1.03143974958253e-09
3.635059370696544,3.1700000469386573
22.13975203990936,0.3999999822117388
6.311403498351574,0.5600000005587935
3.635059370696544,1.7399999479949473
