predicted_SD,SD
0.25798693932592864,0.16999999824911355
0.25798693932592864,2.249999931454658
12.659309909045696,15.650000483095644
3.462987609580159,6.150000018328428
13.267741770148277,17.010000469088553
13.267741770148277,15.580000293254852
5.064729581549763,1.6100000469386577
13.267741770148277,5.219999964386225
5.062860515639185,2.7600000804662703
5.062860515639185,3.2899999751895663
13.267741770148277,0.9899999852664768
