predicted_SD,SD
4.654838922843337,1.1500000335276126
4.4093871896713965,5.040000093281269
11.604610022902488,16.91000019788742
16.417203600406644,21.080000399947163
16.417203600406644,9.279999868124722
4.654838922843337,5.940000065863132
4.6549512272328135,1.1200000292994081
16.417203600406644,3.5999998903274535
11.119578471779823,11.470000253915785
4.397954355999827,2.630000036433339
4.6549512272328135,0.20000000247731803
