predicted_SD,SD
14.137463985681533,8.75000028192997
12.048777585625647,35.179999147653575
12.048777585625647,26.91000016748905
3.004743432104587,4.000000049546361
3.0047452832758426,6.939999692589044
3.0047452832758426,7.169999699294567
12.048777585625647,10.709999426901339
14.137463985681533,12.290000009536742
11.897585024535655,6.299999808073044
13.926309519410133,2.57000002797693
13.926309519410133,0.02999999940744601
