predicted_SD,SD
13.001674159765242,3.5700001174956557
2.8718410600721835,4.130000093579292
4.696574195846915,9.2000002682209
16.20003035932779,18.06999964147806
4.689377459064126,11.789999887645244
4.689377459064126,11.819999969005584
14.819938994646071,20.510000088214873
4.696574195846915,2.2800000128149986
2.8718410600721835,1.2499999962002037
2.87182347394526,2.4999999924004075
21.304300650358197,0.8600000183656811
