predicted_SD,SD
4.39340633675456,0.8300000141374766
8.445925040394068,19.280000454783437
8.445925040394068,15.080000171363352
1.1725453711114824,0.30000000371597707
7.870903118103742,11.169999440312385
1.1725453711114824,0.26999999948777254
4.393311309963464,2.2200000043585897
1.1725453711114824,0.33000000794418155
1.1725453711114824,2.9099998702108856
8.445925040394068,8.010000126212836
7.870903118103742,0.9599999810382723
