fold,r,r2,rmse,mae
0.0,0.45254011450343723,0.16502145402186053,11.282377021064939,7.364207230147651
1.0,0.6484099413005592,0.33646838022621983,5.003467990486802,3.788014021720736
2.0,0.1901442283083389,-0.03436339622537443,10.345714149906016,7.864738150289472
3.0,0.2703819079533766,-0.39932864212817454,7.830803759112963,5.6217339838939635
4.0,0.7362264745800613,0.4730600557799197,4.699598563267377,3.4732621043928975
5.0,0.6591092012674847,0.33271124976966115,5.351578889282678,4.131953261565756
6.0,0.3182772310668605,-0.2871799114625706,7.963292712437277,5.163852309871422
