fold,r,r2,rmse,mae
0.0,0.6616162572923492,0.1126535584321231,0.7493246823643336,0.3550783964050598
1.0,0.7172223640115639,0.502834866351737,0.5769956806203421,0.3186195627525911
2.0,0.8532561387871885,0.725938371917561,0.7595136169654803,0.4003464461537907
3.0,0.719681721267101,0.5003593023861477,0.7051658669013429,0.3801276273662586
4.0,0.722309755751886,0.5132533889799753,0.8422260523043241,0.36373967318965056
5.0,0.7082506729447173,0.4761998637926105,0.8510140957241371,0.44836985891467107
