fold,r,r2,rmse,mae
0.0,0.8399177674107701,0.6926165821645545,0.547964028474942,0.2972940481509938
1.0,0.6601729876046366,0.2507597506655048,0.8583831774504705,0.4001218210149342
2.0,0.6336509537011296,0.3752976156296388,0.8508446081150374,0.3786796237396786
3.0,0.773956504676778,0.5907327239742199,0.7786741901494173,0.43094867654559793
4.0,0.6873325328232746,0.4002522932485755,0.9552326603146114,0.4684599538138267
