fold,r,r2,rmse,mae
0.0,0.6054249113639375,0.35175302716903434,0.7957599604396658,0.5681949501098449
1.0,0.12697932334085027,-0.02809389724736211,1.0055115137448885,0.7494716887980303
2.0,0.5663038746078713,0.3140592675925731,0.8915731057007993,0.5518708874621232
3.0,0.6717478291823907,0.4462746930766973,0.9057314645748049,0.5859829807012398
4.0,0.6305757437538225,0.38093413349925276,0.9704949927440288,0.6438878425915204
