fold,r,r2,rmse,mae
1.0,0.9041095331737032,0.8174140479755716,0.4188697709781609,0.22227876593651322
2.0,0.8875939319401751,0.7878229880170202,0.3951209849056299,0.20887091151679446
3.0,0.9617995069421641,0.92505829155419,0.46515814621765056,0.24791161983679794
4.0,0.8933004919265437,0.797985768876205,0.4597320359039854,0.24007471748756232
5.0,0.8430334772659145,0.7107054437910592,0.6495084764265635,0.2085972533833614
6.0,0.9271183169496064,0.8595483736234709,0.4507427617228722,0.23946079737418643
