predicted_SD,SD
11.794992680046565,3.57
10.320429333872662,4.13
8.630132472245657,9.2
13.474530991558108,18.07
7.957876101095676,11.789999999999997
6.060188999443994,11.82
10.79831657928117,20.51
4.836449374329982,2.28
4.054671414773318,1.25
2.112772667138819,2.5
12.708421642990132,0.86
