predicted_SD,SD
10.134272700325957,8.75
14.958071257714519,35.18
12.970550591758247,26.91
5.583894126384876,3.9999999999999996
8.196967773952816,6.9399999999999995
6.742538029728984,7.17
11.376096895558186,10.71
8.011633022568715,12.29
5.710418125537788,6.299999999999999
11.41021342391068,2.57
8.620999500200718,0.03
