predicted_SD,SD
7.779474369335925,1.15
10.91332736379972,5.04
17.307555960104835,16.91
21.61272536993003,21.08
20.978715975520842,9.28
6.96343467414906,5.94
5.523140298828205,1.12
19.137580558656467,3.6
5.2218000468780605,11.47
-1.245145046893091,2.63
-5.131315380958862,0.2
