predicted_SD,SD
9.194331765041726,1.25
9.751197660315597,17.61
7.347948177806095,0.27
11.382725177839022,19.32
10.217252945450085,12.98
6.161574227798796,7.61
6.625411348490355,0.0
3.7415521595642307,3.17
14.784971025916866,0.4
2.3679901886509214,0.56
1.114379487224183,1.74
