predicted_SD,SD
3.6388137461607775,0.83
12.25272185997331,19.28
11.972688405495852,15.08
5.4162904111442165,0.3
10.589011891849903,11.17
3.199877637420098,0.27
5.531712626923849,2.22
-1.0928221661442683,0.33000000000000007
-5.354266206737107,2.91
2.205750853744281,8.01
-2.2535946540629896,0.96
