predicted_SD,SD
11.466151008200649,41.41
6.471365469479259,1.19
11.237341588542469,3.2899999999999996
9.43562790746294,8.63
9.275913681983926,5.43
9.921219928190164,12.92
9.177283762239853,27.510000000000005
6.797795536302499,2.28
7.403020202455179,15.13
3.114101662665498,2.28
7.911680351996271,0.3
