predicted_SD,SD
7.023598677931372,0.17000000000000004
9.458082523100764,2.25
12.792984455021314,15.65
7.345905538611232,6.15
9.714143450242478,17.01
8.279505411271437,15.580000000000002
9.142057076254916,1.61
10.273147448778174,5.22
4.246440233361104,2.76
2.466641072029224,3.2899999999999996
3.660682155899975,0.99
