fold,r,r2,rmse,mae
0.0,0.5140887204001857,0.11329280516255724,11.626609384600437,8.167831936122457
1.0,0.5522929704040337,0.2594793622376681,5.28577758124849,4.570603569579371
2.0,0.7378397027118991,0.31432679520188045,8.423304451684958,5.616293944820452
3.0,0.3893052556472255,0.11931263555345706,6.212370731195244,5.134649694113566
4.0,0.7505543780722206,0.5069310719615949,4.546047973135456,3.962473130684542
5.0,0.6509704209496037,-0.18633254822880518,7.13556301781427,5.5955104501180895
6.0,0.3909682650831304,0.07272701506428791,6.75891290542979,5.367734106076592
