fold,r,r2,rmse,mae
1.0,0.6456150210036294,0.4168187553455169,0.7624168816098118,0.6692289704570888
2.0,0.33109269630939403,0.10962237354942463,0.868275109738763,0.7166656897447723
3.0,0.7282784494554567,0.5303894999412442,1.2609164881192176,0.9018559447224411
4.0,0.5150043419019478,0.2652294721778583,0.9498551070740754,0.756869270014446
5.0,0.44021235246059687,0.19378691525889277,1.1422832735405752,0.8072603126031416
6.0,0.4663389323517434,0.2174719998269639,1.0740769303686446,0.7964211023691989
