predicted_SD,SD
6.585893501864892,1.25
4.093258628934416,17.61
1.396829630966684,0.27
11.478620695853962,19.32
11.478620695853962,12.98
4.093258628934416,7.61
1.396829630966684,0.0
3.564758068868847,3.17
17.877005797464637,0.4
6.585893501864892,0.56
3.564758068868847,1.74
