predicted_SD,SD
3.63045667179226,0.83
8.555688071744253,19.28
8.555688071744253,15.08
1.942242753257234,0.3
5.942381584354868,11.17
1.942242753257234,0.27
3.5499988572420675,2.22
1.942242753257234,0.33000000000000007
1.942242753257234,2.91
8.555688071744253,8.01
5.942381584354868,0.96
