predicted_SD,SD
3.362203757246446,1.15
5.399889039557145,5.04
13.50615081753404,16.91
17.141689855319225,21.08
17.141689855319225,9.28
3.362203757246446,5.94
4.19976863270944,1.12
17.141689855319225,3.6
13.17718436124166,11.47
6.839426037308995,2.63
4.19976863270944,0.2
