predicted_SD,SD
10.98428216764944,3.57
3.831074947945688,4.13
5.810066968509974,9.2
13.436136045405062,18.07
3.3944306514697042,11.789999999999997
3.3944306514697042,11.82
11.663083481943422,20.51
5.810066968509974,2.28
3.831074947945688,1.25
3.624978656656157,2.5
18.054500074679712,0.86
