predicted_SD,SD
13.29480261811897,41.41
6.988209259334313,1.19
3.1318952896029253,3.2899999999999996
5.12300701555345,8.63
3.1318952896029253,5.43
10.315778429447107,12.92
10.315778429447107,27.510000000000005
5.12300701555345,2.28
10.315778429447107,15.13
3.4355780307925587,2.28
14.283233624231825,0.3
