predicted_SD,SD
13.304882000023659,8.75
12.722842391235384,35.18
12.722842391235384,26.91
3.282682102458526,3.9999999999999996
2.452579176868455,6.9399999999999995
2.452579176868455,7.17
12.722842391235384,10.71
13.304882000023659,12.29
10.925163096972037,6.299999999999999
17.307900984615657,2.57
17.307900984615657,0.03
