predicted_SD,SD
1.082144121375501,0.17000000000000004
1.082144121375501,2.25
12.245119753326449,15.65
3.045144336247501,6.15
10.742940703629861,17.01
10.742940703629861,15.580000000000002
6.569353079507355,1.61
10.742940703629861,5.22
5.9806241916303335,2.76
5.9806241916303335,3.2899999999999996
10.742940703629861,0.99
