fold,r,r2,rmse,mae
0.0,0.5490991545844904,0.1817034529156325,11.169103746053933,7.497372038972051
1.0,0.634986995071866,0.3881506831487792,4.8046586802904425,4.1673033975630975
2.0,0.11175161886886169,-0.1521621097374941,10.918945629474074,8.25364056534726
3.0,0.16462854560995227,-0.2940939532019071,7.530596639718041,5.985061824427038
4.0,0.8305288150588565,0.5040333137155157,4.55938692944582,3.4572048148913224
5.0,0.6895988944893099,0.300871338251268,5.477767267270222,4.262870521937442
6.0,0.22754377216015909,-0.17312740910611502,7.602311095685026,5.45074632284443
