fold,r,r2,rmse,mae
0.0,0.8962700600463658,0.7953889561570456,0.44707086677671315,0.20918460279421525
1.0,0.47575327550709834,0.0980599286991577,0.9418017614897214,0.4503761331300767
2.0,0.7513815756442901,0.5627144803619069,0.7118626569830854,0.26685901022468456
3.0,0.9098319275915433,0.8040355881053097,0.5388164833804125,0.26213531266017526
4.0,0.890517556577751,0.7884798665816573,0.5672842491592845,0.29008270163305727
