fold,r,r2,rmse,mae
1.0,0.9913861942085774,0.9828465860673672,0.01642893871066213,0.010275524774774768
2.0,0.9852122543619094,0.9706431861448757,0.019406759180593848,0.011998020282649855
3.0,0.9646505600693249,0.9305507030420622,0.030858453532126934,0.014761998679214941
4.0,0.9931283897016653,0.9863039984314227,0.016205921681918832,0.012054532132007405
5.0,0.9853576752946965,0.9709297482621686,0.026343736710216215,0.015090760711024132
6.0,0.9917429120630833,0.9835540036273646,0.01960484084182121,0.01191978623709951
7.0,0.9907104539910903,0.9815072036472322,0.01895751530029566,0.012077346161393655
