fold,r,r2,rmse,mae
0.0,0.9067231977638933,0.7487207880050583,0.39875094025175106,0.2210049298036995
1.0,0.8504656771458067,0.7129194454850855,0.43845408869050906,0.2247363467565217
2.0,0.9160916261191029,0.7222156058233058,0.7646547163994355,0.3964505109627851
3.0,0.8286563043617108,0.6846615677504188,0.5602099722753481,0.25444137667932715
4.0,0.7922488965167999,0.6248065610930331,0.7394432120673433,0.27361855700831295
5.0,0.9217967927643078,0.8427456049431201,0.46628919424414383,0.2544259319487709
