fold,r,r2,rmse,mae
0.0,0.4641484421478778,0.08943966409615933,0.7590629669326063,0.6196197599639603
1.0,0.3584960593415052,0.01541411459120845,0.8119869303297164,0.6384697657873866
2.0,0.4578267635229654,0.08424947425743556,1.388353431882256,0.9150373271805908
3.0,0.46887667185313076,0.06887422791107423,0.9626458813381313,0.7140987799324364
4.0,0.3557059569486803,0.0493185168741489,1.177049498148122,0.7507634526584518
5.0,0.5451332282630699,0.13440705116497242,1.0939835965373437,0.7468482807726955
