fold,r,r2,rmse,mae
0.0,0.41731143951878996,0.10184005374638638,0.9366744553628209,0.6800683162426618
1.0,0.10493926942791466,-0.02529327452166119,1.0041410266613309,0.7483664982093823
2.0,0.36982636563352933,0.04499685364793071,1.0520007860256309,0.7158891631535073
3.0,0.4689350180918965,0.11238506146135463,1.1467389666581989,0.7383922823845582
4.0,0.5662851459371874,0.08801753525894351,1.1779262863291038,0.8388385280426793
