predicted_SD,SD
10.078335366547106,41.41
6.960853136777877,1.1899999877437948
3.612261740192771,3.2899999751895663
6.595884850919246,8.629999956488609
6.37734050899744,5.4299999168515205
10.352693755924701,12.920000483989714
10.724715004265308,27.50999932646751
2.6870383251458403,2.2800000128149986
6.345659564137458,15.13000030696392
5.232003575861453,2.2800000128149986
8.426638921201228,0.30000000371597707
