predicted_SD,SD
0.02225937019102275,0.16999999824911355
1.5488981287926433,2.249999931454658
11.574607473313808,15.650000483095644
5.870424411296844,6.150000018328428
7.633791528493165,17.010000469088553
5.429896251261233,15.580000293254852
7.395296496897935,1.6100000469386577
4.05887192338705,5.219999964386225
9.261375234127044,2.7600000804662703
14.086959097385405,3.2899999751895663
7.88156648159027,0.9899999852664768
