predicted_SD,SD
9.365585068762302,1.1500000335276126
8.010973225235938,5.040000093281269
22.629001268744467,16.91000019788742
25.124197471737858,21.080000399947163
3.8711221238225697,9.279999868124722
8.669464459419249,5.940000065863132
1.1654453580267727,1.1200000292994081
-0.48670192465186113,3.5999998903274535
9.94412915289402,11.470000253915785
3.998188678473234,2.630000036433339
9.483123336434364,0.20000000247731803
