predicted_SD,SD
19.24470725774765,8.75000028192997
5.519688547104597,35.179999147653575
9.825453649014234,26.91000016748905
4.122746587544679,4.000000049546361
7.1789828163385385,6.939999692589044
4.025854124352335,7.169999699294567
38.84588345706462,10.709999426901339
8.844782718420028,12.290000009536742
11.035922808647156,6.299999808073044
8.228663560152054,2.57000002797693
5.9633285260200495,0.02999999940744601
