predicted_SD,SD
1.8770342772454023,1.2499999962002037
8.179271225780248,17.609999628067015
7.584303550273179,0.26999999948777254
11.195369125306605,19.320000563263893
9.104022592157124,12.979999412596225
2.430460898466408,7.61000027552247
0.23848328822758047,0.0
4.981149507910013,3.1699999582767484
1.2871747545525432,0.40000000495463606
11.121944268643855,0.5600000146497041
6.9960877133905885,1.7399999367073178
