predicted_SD,SD
4.319117600172758,3.5700001174956557
6.55319807589054,4.130000093579292
16.319762881994247,9.2000002682209
27.020450917482375,18.06999964147806
4.651537050381302,11.789999887645244
4.720260857641697,11.819999969005584
8.828186351060866,20.510000088214873
5.735471558570861,2.2800000128149986
6.214906401932239,1.2499999962002037
8.760160743892191,2.4999999924004075
-0.7859935082681476,0.8600000183656811
