predicted_SD,SD
9.007282233536243,0.8300000141374766
4.1971747790277,19.280000454783437
3.689161862358451,15.080000171363352
6.090971720516682,0.30000000371597707
7.367492521703243,11.169999440312385
8.103631751239298,0.26999999948777254
1.2231830038130282,2.2200000043585897
2.64970050945878,0.33000000794418155
4.875343038067221,2.9099998702108856
7.45180720180273,8.010000126212836
5.01218809634447,0.9599999810382723
