fold,r,r2,rmse,mae
0.0,0.6604217605856342,0.4361569018550287,11.522857233637216,7.2753498028328805
1.0,0.25603400981899405,0.06555341418399274,6.390988223384698,5.078768117569217
2.0,-0.010909977397656178,0.00011902760681736868,14.09340200105889,9.87767779201576
3.0,0.5669905295096099,0.32147826055358786,6.421220990154275,5.589916115469214
4.0,-0.1229300907598383,0.01511180721422208,7.137863234732243,5.63366348190487
5.0,0.8146354554426644,0.6636309252642771,4.946723019677384,4.127038969856432
6.0,0.5227058230095502,0.27322137740809116,5.984803849151007,4.846095771609636
