fold,r,r2,rmse,mae
0.0,,-0.132066691985544,1.659779652622403,1.370583546253006
1.0,0.5811307918967747,0.3252586998593606,1.2931476427998614,0.9740082105875165
2.0,0.5844583832644309,0.30307339806222755,1.25401411539462,0.9287768350675241
3.0,0.560455849488709,0.2801574337029967,1.322108641691742,0.9896970304649143
4.0,0.5631006844772458,0.27160291292240635,1.378951880656696,1.0107058624601768
