fold,r,r2,rmse,mae
0.0,0.8441784943068603,0.7035318975282772,0.8493827116360685,0.5990662572835752
1.0,0.8015916565899135,0.6332190190074546,0.9534169529791281,0.6734421590134151
2.0,0.8120673228148668,0.6585820378566588,0.8777121014383096,0.596994210849509
3.0,0.8335102811321862,0.6844416378270735,0.8753630836987129,0.6060548273932533
4.0,0.8143016096710877,0.654737729516175,0.949378891816392,0.6570438486088082
