Dataset,num_of_folds,Features,Targets,Model,r_mean,r_std,r2_mean,r2_std,rmse_mean,rmse_std,mae_mean,mae_std,num_of_data,feature_length
DFT_Ramprasad,5,polymer_automated_frag_aug_SMILES,value,RF,0.8211298729029828,0.015459691756959172,0.6669024643471277,0.024499480573976915,0.9010507483137221,0.042313032060928,0.6265202606297121,0.03217980063318244,20728,113
