fold,r,r2,rmse,mae
0.0,0.9094748440185928,0.6168955325257051,0.4923591808422448,0.26139654609558927
1.0,0.8611084541553085,0.6826796665088354,0.460968427821981,0.2134612757531857
2.0,0.9328195303847701,0.8546295028665463,0.5531584941273776,0.3139929221157045
3.0,0.8168482879471954,0.6380943156741588,0.6001503747192496,0.3232386323654936
4.0,0.8206571790610366,0.6690969860354596,0.694428544793531,0.22285586308999147
5.0,0.9168353238369832,0.808586291546101,0.5144467983367547,0.2735273999218399
