fold,r,r2,rmse,mae
0.0,0.9156054326635127,0.6801592180403693,0.4498734377636286,0.24280397014540428
1.0,0.7872080105997677,0.603407702873223,0.5153406104070248,0.2561360164338123
2.0,0.9402740007095726,0.7071739415116707,0.7850843294200023,0.4185235074367288
3.0,0.8463415158682085,0.6196275308399339,0.6152716680914778,0.2788830750587688
4.0,0.7505630163126477,0.5583069015480504,0.8023013253977264,0.28588975345290063
5.0,0.9338204159377025,0.8229007230375225,0.4948372037507133,0.27604975935071757
