predicted_SD,SD
4.052305281311273,41.40999855995178
4.052305805534124,1.190000025331974
3.911401518136263,3.2900000700354575
9.831642299890518,8.629999809265136
9.839109330177306,5.4299998909235
9.85131952881813,12.919999526143075
3.5325915333628655,27.509999012947084
3.5325915333628655,2.2800000859797
3.7160058380663394,15.130000396966935
3.5290158092975616,2.2800000859797
3.5183229736983774,0.29999999234452845
