predicted_SD,SD
10.71231215685606,3.5700001174956557
11.217896645367144,4.130000093579292
11.21036114424467,9.2000002682209
11.33648637831211,18.06999964147806
11.333204868733882,11.789999887645244
11.022825154960154,11.819999969005584
6.38330621689558,20.510000088214873
7.543464861214161,2.2800000128149986
7.607303119003772,1.2499999962002037
4.386028802245855,2.4999999924004075
3.5872468630224463,0.8600000183656811
