predicted_SD,SD
11.914879900515079,1.1500000335276126
12.449703021943568,5.040000093281269
12.199423434138296,16.91000019788742
12.453120284080505,21.080000399947163
12.218389300704,9.279999868124722
12.314544072151183,5.940000065863132
8.342265620678663,1.1200000292994081
8.228152019828558,3.5999998903274535
5.9503598372638224,11.470000253915785
5.324826239049434,2.630000036433339
4.66773973532021,0.20000000247731803
