predicted_SD,SD
9.18211112976074,1.2499999809265137
9.233642464876173,17.610000190138816
11.154795899987219,0.270000008251518
11.276196553111074,19.320000446438787
11.20577105283737,12.979999878406522
11.196896800994871,7.610000295937061
6.470510472655296,-1.03143974958253e-09
7.269889907836913,3.1700000469386573
4.275451762229204,0.3999999822117388
3.664400451630353,0.5600000005587935
3.83119069546461,1.7399999479949473
