predicted_SD,SD
6.8986735284328455,8.75000028192997
7.0276890578866,35.179999147653575
10.745366670787334,26.91000016748905
10.746388517320156,4.000000049546361
10.836185132563113,6.939999692589044
10.759341779649256,7.169999699294567
5.2963237552344795,10.709999426901339
5.597251388579607,12.290000009536742
5.570126176178455,6.299999808073044
3.4959032856673,2.57000002797693
2.5310354955494403,0.02999999940744601
