predicted_SD,SD
10.725693656802177,0.16999999824911355
11.10743355423212,2.249999931454658
11.230027987658977,15.650000483095644
11.228888900279998,6.150000018328428
11.387604621350764,17.010000469088553
11.227384515106676,15.580000293254852
7.615910448282956,1.6100000469386577
7.7434635524451725,5.219999964386225
7.694009512364864,2.7600000804662703
4.453661961108446,3.2899999751895663
3.1122721082717177,0.9899999852664768
