predicted_SD,SD
7.767550375759601,0.8300000141374766
7.9167091166973105,19.280000454783437
9.846532319039106,15.080000171363352
10.038654893636703,0.30000000371597707
10.036735229045151,11.169999440312385
9.936733106672763,0.26999999948777254
4.626816817969083,2.2200000043585897
5.1149891896545885,0.33000000794418155
2.861917239502072,2.9099998702108856
2.7464846791326996,8.010000126212836
2.0013344107195734,0.9599999810382723
