predicted_SD,SD
2.4993165556876082,1.15
10.66686350056785,5.04
17.132599506512946,16.91
16.735310936579765,21.08
15.458288047651957,9.28
4.531730997538151,5.94
2.601671498826959,1.12
15.324066715454771,3.6
12.198961230213788,11.47
3.544971772951209,2.63
1.513124883513653,0.2
