predicted_SD,SD
13.653017995553988,8.75
9.362168380921215,35.18
15.742048741185423,26.91
9.836176567558075,3.9999999999999996
6.832020405203908,6.9399999999999995
6.0130137816838545,7.17
12.23192030034494,10.71
15.452656107670807,12.29
11.494467951953707,6.299999999999999
12.78297625592468,2.57
8.284132613684047,0.03
