predicted_SD,SD
4.573253164351262,1.25
2.536317914288312,17.61
1.5183366993686147,0.27
13.726125908102192,19.32
13.282672142113249,12.98
8.222042439422754,7.61
1.2887951482393663,0.0
2.458508971404052,3.17
14.270526549732352,0.4
1.122702818620241,0.56
2.4002561370701954,1.74
