predicted_SD,SD
0.8593286727558626,0.17000000000000004
4.128070658527915,2.25
16.1170877931829,15.65
6.451933837853046,6.15
10.519588758630345,17.01
10.655340641988904,15.580000000000002
3.5767834273826735,1.61
12.124270204656023,5.22
4.901373253865242,2.76
4.524968003500623,3.2899999999999996
3.3873959711535453,0.99
