predicted_SD,SD
1.4816728893487852,0.83
6.226113276855418,19.28
7.170923797834645,15.08
3.4922169493255137,0.3
8.390445858655822,11.17
2.8172497963687957,0.27
2.6714122001252845,2.22
1.4352974145410837,0.33000000000000007
1.22926553768182,2.91
5.12889721911908,8.01
2.070874583802128,0.96
