predicted_SD,SD
9.856246217747156,3.57
6.505741317555718,4.13
7.509196865659653,9.2
16.49809958718169,18.07
7.242187889323767,11.789999999999997
6.504641867989371,11.82
11.945067185883405,20.51
3.9589751814072383,2.28
2.7714050980331257,1.25
2.771175140890604,2.5
6.516496435428978,0.86
