predicted_SD,SD
4.242755865620487,41.41
1.2822586583344469,1.19
8.290174096299298,3.2899999999999996
11.734889738064682,8.63
9.857641915589099,5.43
9.24032878335492,12.92
4.153282290238941,27.510000000000005
2.834304498039626,2.28
3.935204220354741,15.13
1.2696905921059318,2.28
8.197895720601004,0.3
