predicted_SD,SD
17.218813,8.75
-2.1646237,35.18
-1.2348375,26.91
5.832699,3.9999999999999996
8.505979,6.9399999999999995
5.7653747,7.17
35.39828,10.71
7.9295425,12.29
22.876547,6.299999999999999
3.7907777,2.57
-5.1040335,0.03
