predicted_SD,SD
7.5767593,1.25
5.2826023,17.61
10.277619,0.27
7.619211,19.32
9.142521,12.98
11.699007,7.61
3.6074812,0.0
2.51755,3.17
4.924118,0.4
23.46456,0.56
2.2275085,1.74
