predicted_SD,SD
3.5221002,0.17000000000000004
11.755093,2.25
6.349068,15.65
3.9513512,6.15
11.814349,17.01
10.015118,15.580000000000002
2.3523645,1.61
11.355372,5.22
10.636151,2.76
8.636144,3.2899999999999996
9.985437,0.99
