predicted_SD,SD
5.532238,1.15
9.854639,5.04
21.522976,16.91
8.458823,21.08
12.450903,9.28
7.8074355,5.94
-0.12911816,1.12
2.335443,3.6
12.521951,11.47
3.6447682,2.63
8.185351,0.2
