predicted_SD,SD
6.628492,41.41
5.533729,1.19
7.4604425,3.2899999999999996
11.192784,8.63
5.693937,5.43
13.828181,12.92
8.882425,27.510000000000005
7.505112,2.28
3.4505334,15.13
7.400562,2.28
8.860166,0.3
