predicted_SD,SD
12.3493805,3.57
5.63063,4.13
10.350275,9.2
14.824763,18.07
7.464526,11.789999999999997
8.15308,11.82
6.1574206,20.51
1.9864455,2.28
4.5088477,1.25
5.6746845,2.5
0.864629,0.86
