predicted_SD,SD
1.5892698,0.83
17.800856,19.28
17.70669,15.08
9.232356,0.3
5.9471416,11.17
8.5642,0.27
2.7602432,2.22
5.881534,0.33000000000000007
0.8382264,2.91
12.727468,8.01
1.1844012,0.96
