fold,r,r2,rmse,mae
0.0,0.873269475250122,0.7617218795771273,0.4824517848999297,0.21923222987159327
1.0,0.5628012730897717,0.18561741797243758,0.8949214044500898,0.4331529351842736
2.0,0.7841846106176897,0.6138539366962965,0.6689435474216756,0.23452057322571004
3.0,0.937146938063751,0.8463000864534784,0.4771875238878853,0.24855387390979936
4.0,0.8849677612417592,0.7753473738461342,0.5846293568363156,0.3014860126162396
