fold,r,r2,rmse,mae
0.0,0.9113207527347127,0.7450578080046304,0.40164678703153645,0.20683860013152677
1.0,0.8402602644164869,0.7015660825852097,0.44703993984726365,0.23775708409491716
2.0,0.923278509799492,0.7450899147445695,0.7324954965056331,0.37102755438155344
3.0,0.8425532767870105,0.7030566856124245,0.5436246726873767,0.26142271087578456
4.0,0.7610747600627605,0.5677099361971648,0.7937154528525767,0.3094407057760884
5.0,0.9326501099160763,0.8626287834397341,0.43581465227322536,0.23848708076140446
