predicted_SD,SD
5.186301242858171,0.16999999824911355
6.202784932553768,2.249999931454658
18.690718343257902,15.650000483095644
5.042956722304225,6.150000018328428
14.98054414451122,17.010000469088553
13.927216593325136,15.580000293254852
2.387817163169384,1.6100000469386577
15.343188593387602,5.219999964386225
2.5207593353837727,2.7600000804662703
2.8778289820253846,3.2899999751895663
1.641974710971117,0.9899999852664768
