predicted_SD,SD
1.1047383564151823,1.1500000335276126
30.002747046947476,5.040000093281269
14.063404794335364,16.91000019788742
27.599356597065924,21.080000399947163
26.782099043130874,9.279999868124722
5.644606817513703,5.940000065863132
2.5013781893998384,1.1200000292994081
3.5355738856643435,3.5999998903274535
6.853981317877769,11.470000253915785
2.7515303549170493,2.630000036433339
0.506592836920172,0.20000000247731803
