predicted_SD,SD
3.1331215247511857,1.2499999809265137
4.952923074215651,17.610000190138816
1.454142149314284,0.270000008251518
15.287925667166707,19.320000446438787
14.772883624434469,12.979999878406522
10.799348570108412,7.610000295937061
0.820629276111722,-1.03143974958253e-09
1.5595195736736058,3.1700000469386573
2.6309469005465504,0.3999999822117388
4.787705494314432,0.5600000005587935
4.170000344663858,1.7399999479949473
