predicted_SD,SD
-0.1916211193008348,0.8300000141374766
6.414977905899286,19.280000454783437
14.605169807970523,15.080000171363352
12.506348862349986,0.30000000371597707
7.183328749388456,11.169999440312385
10.12386615768075,0.26999999948777254
1.4714620925486086,2.2200000043585897
2.0956073123216625,0.33000000794418155
2.249628617353737,2.9099998702108856
3.028063561990857,8.010000126212836
0.7067640727385878,0.9599999810382723
