predicted_SD,SD
28.86686096012592,3.5700001174956557
6.809033028632402,4.130000093579292
9.501108699291944,9.2000002682209
17.53020057171583,18.06999964147806
9.120090758651495,11.789999887645244
9.008691591918467,11.819999969005584
5.139816481471061,20.510000088214873
2.959291007220745,2.2800000128149986
2.133659680113196,1.2499999962002037
2.198729583844542,2.4999999924004075
-1.9795414971187708,0.8600000183656811
