predicted_SD,SD
1.3059146239608526,1.1500000335276126
16.914587400257584,5.040000093281269
18.883331478238105,16.91000019788742
18.440859588384626,21.080000399947163
17.181557148098943,9.279999868124722
7.477437284886836,5.940000065863132
2.0387740408256647,1.1200000292994081
10.300859726667403,3.5999998903274535
6.011655819863081,11.470000253915785
3.6670104385912414,2.630000036433339
1.2962218912690877,0.20000000247731803
