predicted_SD,SD
0.012927461629733442,0.16999999824911355
2.0683336976915596,2.249999931454658
19.229700429439543,15.650000483095644
5.307222217470407,6.150000018328428
14.970695913434028,17.010000469088553
14.849998313486575,15.580000293254852
2.692891420125961,1.6100000469386577
9.078055595904589,5.219999964386225
1.9074257270619273,2.7600000804662703
2.9034312975406644,3.2899999751895663
3.603784301429987,0.9899999852664768
