predicted_SD,SD
42.31641242980957,8.75000028192997
14.369648991525173,35.179999147653575
15.218804694414137,26.91000016748905
5.109479486942291,4.000000049546361
6.041627516597509,6.939999692589044
5.340413101017475,7.169999699294567
21.0934843313694,10.709999426901339
11.900043379962444,12.290000009536742
7.603853769898414,6.299999808073044
7.510133288651704,2.57000002797693
2.706988397762179,0.02999999940744601
