predicted_SD,SD
7.7469275450706485,41.40999855995178
0.910836744569242,1.190000025331974
5.027594373524189,3.2900000700354575
5.3961204165220265,8.629999809265136
8.865903237462044,5.4299998909235
17.919539065361022,12.919999526143075
8.108908665776253,27.509999012947084
1.502511152997613,2.2800000859797
6.716442242562771,15.130000396966935
2.783668945133686,2.2800000859797
9.802410585284234,0.29999999234452845
