predicted_SD,SD
3.5546105657517906,1.2499999809265137
7.408845449090004,17.610000190138816
4.119564417302608,0.270000008251518
18.536057227253913,19.320000446438787
18.19506940305233,12.979999878406522
15.302033705115315,7.610000295937061
0.45943606548011295,-1.03143974958253e-09
2.897372079342603,3.1700000469386573
3.6175975906848903,0.3999999822117388
0.9761239945888519,0.5600000005587935
0.9262424767389893,1.7399999479949473
