predicted_SD,SD
7.129544527232647,41.40999855995178
0.8004527115449309,1.190000025331974
4.295829861313105,3.2900000700354575
7.482831936180592,8.629999809265136
6.557175477147102,5.4299998909235
15.912018222212792,12.919999526143075
5.780025061070919,27.509999012947084
1.2812404882907866,2.2800000859797
3.1659000082314015,15.130000396966935
2.9468668577075006,2.2800000859797
8.95515951693058,0.29999999234452845
