predicted_SD,SD
2.129536967463791,0.8300000141374766
13.944279455840586,19.280000454783437
13.154387149512766,15.080000171363352
4.446517674177885,0.30000000371597707
12.43696079313755,11.169999440312385
4.610816527754068,0.26999999948777254
2.050937161557376,2.2200000043585897
1.5421103465929626,0.33000000794418155
1.3229781035333872,2.9099998702108856
4.519317452013492,8.010000126212836
0.6834556669369339,0.9599999810382723
