predicted_SD,SD
3.22787127405405,3.5700001174956557
3.8344976261258124,4.130000093579292
13.634632805883884,9.2000002682209
18.57783392012119,18.06999964147806
8.293168239593506,11.789999887645244
6.701210941821336,11.819999969005584
24.61389866709709,20.510000088214873
4.097226957678795,2.2800000128149986
2.8815137384086844,1.2499999962002037
2.639942677244544,2.4999999924004075
-1.553103835619986,0.8600000183656811
