predicted_SD,SD
44.194245487451546,8.75000028192997
16.342391599416732,35.179999147653575
9.472388394325971,26.91000016748905
5.934565027058124,4.000000049546361
6.930982637405395,6.939999692589044
6.036724380999803,7.169999699294567
15.040722019672392,10.709999426901339
12.722292925715445,12.290000009536742
6.893284768909215,6.299999808073044
13.230671448707579,2.57000002797693
3.762678969055414,0.02999999940744601
