fold,r,r2,rmse,mae
0.0,0.23950279902129248,-0.12081085598223873,13.071610976251751,7.723368502525105
1.0,0.9540444006218561,0.8987063628096088,1.9549308356740271,1.484036127720875
2.0,0.24657111105469895,-0.6192156186497655,12.944230717712248,8.145437558513155
3.0,0.25993140419083327,-0.8839837682613543,9.086257853103541,4.942905908518217
4.0,0.9144229448987007,0.8095977894112187,2.8249853172589776,2.277326223827391
5.0,0.7625714234519216,0.37619591364031235,5.174270607199938,3.7539253691990258
6.0,0.7963569748847081,0.5891558167482356,4.498954742261259,3.2023562723455354
