Dataset,num_of_folds,Features,Targets,Model,r_mean,r_std,r2_mean,r2_std,rmse_mean,rmse_std,mae_mean,mae_std,num_of_data,feature_length
Swelling_Xu,7,PS_BigSMILES,SD,LSTM,0.5681829655917572,0.2736864791212727,0.007048081004879033,0.6880947582441749,7.630624669210625,4.017346526665728,4.9004686040023495,2.315662431992393,77,110
