predicted_SD,SD
22.13100164592266,8.75000028192997
12.855930212736128,35.179999147653575
10.62715210855007,26.91000016748905
7.033458541631698,4.000000049546361
6.346578979194164,6.939999692589044
7.170598244667053,7.169999699294567
24.50103892624378,10.709999426901339
15.469469325840471,12.290000009536742
6.778563366830348,6.299999808073044
10.895584281682968,2.57000002797693
2.8826667095720766,0.02999999940744601
