predicted_SD,SD
0.7506473214551805,1.1500000335276126
15.467867445647716,5.040000093281269
19.1830398067832,16.91000019788742
29.423118176460264,21.080000399947163
26.92326689481735,9.279999868124722
5.746859347075223,5.940000065863132
1.8427778903767464,1.1200000292994081
9.48911187544465,3.5999998903274535
6.683578535616397,11.470000253915785
2.9880616023391484,2.630000036433339
1.3883485140651464,0.20000000247731803
