predicted_SD,SD
6.006947503387928,41.40999855995178
1.0033088035881519,1.190000025331974
4.750221248269081,3.2900000700354575
8.912290669083594,8.629999809265136
6.957668105363846,5.4299998909235
16.957201160788536,12.919999526143075
8.871799696087837,27.509999012947084
1.946551366597414,2.2800000859797
5.881085266470909,15.130000396966935
1.3269061961025,2.2800000859797
10.50331960260868,0.29999999234452845
