predicted_SD,SD
1.1400136276707051,1.2499999809265137
5.28215676933527,17.610000190138816
1.2979438016936182,0.270000008251518
16.634851127266884,19.320000446438787
14.011298685669896,12.979999878406522
12.245730764865874,7.610000295937061
0.5834926893189549,-1.03143974958253e-09
1.3323753839731216,3.1700000469386573
2.156534989699721,0.3999999822117388
0.7845834087207912,0.5600000005587935
0.548926763124764,1.7399999479949473
