predicted_SD,SD
1.5323191932961344,0.8300000141374766
4.713130454495549,19.280000454783437
9.107676804214716,15.080000171363352
0.6924824407696724,0.30000000371597707
9.921950270086526,11.169999440312385
0.7384661518037319,0.26999999948777254
2.2753580466285346,2.2200000043585897
1.1393866516649722,0.33000000794418155
1.8150039967149494,2.9099998702108856
2.470779408402741,8.010000126212836
0.8174750665575266,0.9599999810382723
