predicted_SD,SD
0.5040563852060586,0.16999999824911355
14.802092469632624,2.249999931454658
20.62483070939779,15.650000483095644
4.935058737471699,6.150000018328428
7.12050431638956,17.010000469088553
6.135182009488344,15.580000293254852
2.5767531007155773,1.6100000469386577
2.529739058613777,5.219999964386225
6.057687661349773,2.7600000804662703
5.729217685014009,3.2899999751895663
1.2332985748723149,0.9899999852664768
