predicted_SD,SD
9.754253283143044,3.5700001174956557
6.223911733031272,4.130000093579292
9.08945942789316,9.2000002682209
18.602738344073295,18.06999964147806
10.583415102362633,11.789999887645244
7.91602418333292,11.819999969005584
12.304816784262655,20.510000088214873
2.797698257490992,2.2800000128149986
2.9614760063588617,1.2499999962002037
2.846864131912589,2.4999999924004075
-0.06900433683767915,0.8600000183656811
