fold,r,r2,rmse,mae
0.0,0.2362497770207878,-0.08072045709508013,12.835702307178947,7.4794637120294984
1.0,0.49489176770996773,0.04594888773175099,5.999653029737186,4.3679502462384034
2.0,0.2576029712493126,-0.08067319864814859,10.574773972910123,7.658429040634179
3.0,0.8586210712984578,0.7279745648595797,3.452639507195002,2.340202815680003
4.0,0.7768081418829414,0.38652228677532163,5.070836372593316,2.8174542270880183
5.0,0.8058635746751,-0.174834760161795,7.100900449053788,4.7476824397559865
6.0,0.8130667418542976,0.6474048989925723,4.167841454823478,2.491932828791058
