fold,r,r2,rmse,mae
2.0,0.8950682176464468,0.7985526938742435,0.060100694546664495,0.03577751884878109
3.0,0.8711551681876507,0.744185874400163,0.07651100826015786,0.04468040993995964
4.0,0.9476016886180264,0.8975735200550538,0.04619417980341474,0.026652212193237566
