Dataset,num_of_folds,Features,Targets,Model,r_mean,r_std,r2_mean,r2_std,rmse_mean,rmse_std,mae_mean,mae_std,num_of_data,feature_length
CO2_Soleimani,7,"polymer_automated_frag_aug_SMILES,T_K,P_Mpa",exp_CO2_sol_g_g,LSTM,0.8666280207832447,0.014687762918295506,0.7413689797773222,0.030080968902225103,0.06680637204667139,0.005516677489574943,0.0428811821207689,0.0046213589752256085,4413,104
