fold,r,r2,rmse,mae
0.0,0.9923417573391853,0.9846921621078121,0.014708660218209157,0.008623405180964078
1.0,0.9672847633870828,0.9345197453947747,0.02935381149204408,0.011797961676603963
2.0,0.9919617280236193,0.9828721257944266,0.017524695805061635,0.012121507537678895
3.0,0.9883907396408507,0.9762193072043922,0.023327807038214736,0.012582693479832223
4.0,0.9908840838531832,0.9816023608247705,0.019577723442378493,0.011014749704102432
