Dataset,num_of_folds,Features,Targets,Model,r_mean,r_std,r2_mean,r2_std,rmse_mean,rmse_std,mae_mean,mae_std,num_of_data,feature_length
CO2_Soleimani,7,"polymer_automated_frag_aug_SMILES,T_K,P_Mpa",exp_CO2_sol_g_g,BRT,0.9888910216925358,0.007078873075615871,0.9773260256887087,0.013902912522187942,0.01893914431631937,0.004894569045779085,0.011047580858542233,0.0023690832017665103,4413,97
