fold,r,r2,rmse,mae
0.0,0.6584882566470878,0.35194395504484044,1.2558006781527355,0.8012360202081106
1.0,0.6769799770034816,0.38722573515600467,1.2323376721105355,0.8019678430258169
2.0,0.6714620671723692,0.33893732998520776,1.2213221118965232,0.7948819201813646
3.0,0.7115418643363552,0.47188179796387986,1.1324367344364377,0.7587051917569878
4.0,0.6721065963233178,0.40268250657897753,1.2487273601996116,0.7747588531068093
