fold,r,r2,rmse,mae
0.0,0.7381848975685565,0.544048544344396,0.08280194000462322,0.06067716531660958
1.0,0.5781239010058353,0.33407665669823117,0.09210035496853815,0.06469042677612545
2.0,0.6621656968864604,0.4086947607515361,0.08843749947214163,0.061946282997169005
3.0,0.8985887744251253,0.7968135040117652,0.061476642935101154,0.047118344971996906
4.0,0.8777269719827824,0.7653260793070629,0.07150852542229748,0.05099169103286765
5.0,0.8497080976192307,0.7131848373609615,0.08158793625864187,0.054810992804783805
6.0,0.9298731963337613,0.8505810340035278,0.05355432257023904,0.04153387790562315
