fold,r,r2,rmse,mae
0.0,0.9780044485777476,0.9559748790562573,0.024944021211853594,0.013044087864077679
1.0,0.9446288716005307,0.8913302681319842,0.03781495770100546,0.01902422988185067
2.0,0.9772912736790058,0.9530224095440817,0.029023121811485496,0.01697249107887294
3.0,0.969785361303359,0.9395883400537093,0.037181084017914146,0.02083921344807308
4.0,0.9818576000391476,0.9636766437833137,0.02750895707923422,0.014993421311816692
