Dataset,num_of_folds,Features,Targets,Model,r_mean,r_std,r2_mean,r2_std,rmse_mean,rmse_std,mae_mean,mae_std,num_of_data,feature_length
CO2_Soleimani,7,"polymer_automated_frag_aug_SMILES,T_K,P_Mpa",exp_CO2_sol_g_g,RF,0.9715935820534529,0.02000535409935277,0.9430882841592467,0.03816146405426654,0.029770032168069133,0.00845485709782083,0.01576090733675038,0.0031273934291990426,4413,97
