predicted_SD,SD
1.9592000000000007,0.83
6.5985999999999905,19.28
12.622199999999985,15.08
6.31069999999999,0.3
9.187699999999998,11.17
5.495299999999997,0.27
2.6649000000000016,2.22
2.274400000000001,0.33000000000000007
1.5284000000000004,2.91
5.2504,8.01
1.2044000000000006,0.96
