predicted_SD,SD
3.6467999999999954,41.41
1.4729000000000008,1.19
8.399800000000003,3.2899999999999996
9.297100000000002,8.63
7.6767,5.43
11.613100000000012,12.92
3.4835999999999987,27.510000000000005
2.704299999999998,2.28
2.552399999999999,15.13
1.9443000000000001,2.28
10.551000000000002,0.3
