predicted_SD,SD
0.5958000000000004,0.17000000000000004
4.263399999999999,2.25
16.963099999999997,15.65
6.539399999999996,6.15
12.249400000000001,17.01
10.828599999999994,15.580000000000002
3.506000000000001,1.61
11.506799999999995,5.22
3.5362,2.76
2.9448000000000016,3.2899999999999996
4.7092,0.99
