predicted_SD,SD
8.655099999999997,3.57
10.16419999999999,4.13
9.687899999999994,9.2
15.846099999999995,18.07
7.769599999999992,11.789999999999997
6.599699999999991,11.82
12.466799999999996,20.51
3.6670000000000003,2.28
3.476100000000001,1.25
3.0008000000000017,2.5
15.175,0.86
