predicted_SD,SD
15.738599999999995,8.75
8.0434,35.18
12.898900000000006,26.91
5.733499999999997,3.9999999999999996
7.577599999999995,6.9399999999999995
6.269299999999995,7.17
11.593300000000006,10.71
12.802999999999994,12.29
9.038299999999989,6.299999999999999
11.736700000000004,2.57
10.607899999999995,0.03
