predicted_SD,SD
2.4436999999999998,1.25
3.9149,17.61
2.1052000000000013,0.27
15.022499999999994,19.32
14.129800000000005,12.98
9.901899999999983,7.61
2.638500000000002,0.0
2.743900000000001,3.17
8.626299999999993,0.4
1.6237000000000015,0.56
1.2421000000000006,1.74
