predicted_SD,SD
2.417200000000001,1.15
10.090899999999987,5.04
18.2247,16.91
18.3255,21.08
12.218900000000005,9.28
5.584399999999994,5.94
3.363100000000001,1.12
16.2324,3.6
8.09299999999999,11.47
2.763900000000002,2.63
1.0376000000000007,0.2
