fold,r,r2,rmse,mae
0.0,0.4702969751066938,0.05551998944066039,0.773071788142524,0.6687684878911364
1.0,0.3493599116212558,-0.09356858149538749,0.8557467300310297,0.7087679214339561
2.0,0.5369583645248409,0.17708227826595935,1.3161023280413846,0.9065729194803813
3.0,0.3392390454217225,0.045283682070716647,0.9747641676312295,0.7375395719252771
4.0,0.44255116118705007,0.14495860656310666,1.116273921736239,0.7331543928490843
5.0,0.5159285053097035,0.1910064351835189,1.0576122893608273,0.7828354809126511
