fold,r,r2,rmse,mae
0.0,0.9641535288847259,0.9295920272608701,0.032602557029456046,0.016967923994302504
1.0,0.9814397829608418,0.9632240475782242,0.021834838419892512,0.012692358186371636
2.0,0.9591197763417444,0.9199107453698377,0.033146322434001105,0.01618430802975784
3.0,0.990203367032831,0.9805027080831553,0.019415234751351457,0.013663704149987027
4.0,0.9607961154522949,0.9231291754682196,0.04100578620628749,0.020878967452140677
5.0,0.9837417447639292,0.9677478203911796,0.02766824742886176,0.016357520842984273
6.0,0.9894203152525399,0.9789525602344354,0.020651661463014382,0.01319544618741558
