Dataset,num_of_folds,Features,Targets,Model,r_mean,r_std,r2_mean,r2_std,rmse_mean,rmse_std,mae_mean,mae_std,num_of_data,feature_length
CO2_Soleimani,5,"Augmented_SMILES,T_K,P_Mpa",exp_CO2_sol_g_g,RF,0.9714527079989974,0.008651688151326088,0.9428665577001173,0.01721509968449909,0.031053188881472106,0.004702615075165651,0.017352921327005336,0.0020161233249623564,2118,107
