fold,r,r2,rmse,mae
0.0,0.8910816678067011,0.6911168290817897,0.44210004885741955,0.2300581588992147
1.0,0.8846675306709137,0.7688267415549087,0.393451344199492,0.22597910567098273
2.0,0.9561676896718684,0.8703022227222874,0.5224896795418238,0.28343901490365536
3.0,0.873280664025348,0.7575746051809769,0.49119217447469177,0.2605679132149385
4.0,0.8182606622566833,0.6694761003968787,0.6940306382820212,0.22596494661505254
5.0,0.9342262104777408,0.8667426200877071,0.42923941086170253,0.23449954145260754
