fold,r,r2,rmse,mae
0.0,0.9319322728053211,0.8677634120872146,0.3594079273474827,0.19156720934702495
1.0,0.5023671687782671,0.08791787137214335,0.9470821042991058,0.4763239328034491
2.0,0.7951865888090053,0.6318985184649577,0.6531267114322226,0.23056889378269455
3.0,0.9392814866868981,0.8712989044108254,0.43665998028813685,0.2682451142001418
4.0,0.886554222791751,0.7855915446288962,0.5711442693252229,0.32095931032948694
