Dataset,num_of_folds,Features,Targets,Model,r_mean,r_std,r2_mean,r2_std,rmse_mean,rmse_std,mae_mean,mae_std,num_of_data,feature_length
CO2_Soleimani,7,"Polymer_manual_str,T_K,P_Mpa",exp_CO2_sol_g_g,LSTM,0.9627860863090617,0.015056925366543301,0.9197777989658317,0.030636762052954084,0.036658842559216066,0.005723688114233855,0.0209608872005021,0.0034459258682492306,515,103
