fold,r,r2,rmse,mae
0.0,0.9857093097547025,0.9710606908553716,0.020223683869490243,0.011060162675884886
1.0,0.9644971000251061,0.9300330286852916,0.030342814260809106,0.01380298032848092
2.0,0.9929429065258473,0.9858201499279317,0.015945369051598258,0.010501900958194603
3.0,0.9756071811916367,0.9487725220956991,0.03423837547377724,0.01955105333090118
4.0,0.9899017969849443,0.9792128804114828,0.02081029794350686,0.013248762951452756
