Dataset,num_of_folds,Features,Targets,Model,r_mean,r_std,r2_mean,r2_std,rmse_mean,rmse_std,mae_mean,mae_std,num_of_data,feature_length
CO2_Soleimani,5,"Augmented_SMILES,T_K,P_Mpa",exp_CO2_sol_g_g,BRT,0.9817316588964473,0.010419253166992926,0.9629798543951553,0.02067767765969573,0.02431210811983634,0.006839304206401755,0.01363297204898287,0.003213196531523882,2118,107
