fold,r,r2,rmse,mae
0.0,0.9103426248610843,0.8232306945736312,0.05155664361626003,0.03804572824759787
1.0,0.9083127993839583,0.8029904972755244,0.05009481440839469,0.04139545446148455
2.0,0.8773455432926212,0.733388983476476,0.05938402583042552,0.03982897861821917
3.0,0.9247318582208813,0.8394830949045622,0.05464156282067483,0.04001839296660139
4.0,0.9184687187541268,0.8327719304111362,0.060364276010269065,0.042442869174451885
5.0,0.8691735369061147,0.7505068768639381,0.07609466059188484,0.04887624052846272
6.0,0.9256198249888881,0.8356569870540642,0.056165197340443646,0.04309069424651922
