Dataset,num_of_folds,Features,Targets,Model,r_mean,r_std,r2_mean,r2_std,rmse_mean,rmse_std,mae_mean,mae_std,num_of_data
CO2_Soleimani,7,"Polymer_BigSMILES,T_K,P_Mpa",exp_CO2_sol_g_g,SVM,0.9051497408742429,0.02174604131207441,0.8197689437174557,0.039088330450199035,0.058443324923353766,0.007913118663254774,0.04223602815406452,0.002743375339888966,515
