fold,r,r2,rmse,mae
0.0,0.9880961760369352,0.9691159367919279,0.02155005720901989,0.014723275644707138
1.0,0.9795397028986677,0.9525368552149762,0.024588239664765612,0.015249392390304334
2.0,0.9699231844848774,0.92849009069002,0.030754856555909878,0.015280110346546047
3.0,0.9945183153791713,0.9885166843093296,0.014614917820783361,0.01011735328137765
4.0,0.9832352852166515,0.9664463230493232,0.027039301494172864,0.017811519303320818
5.0,0.990437291605412,0.9783712171352718,0.022404792823354475,0.013740768961436183
6.0,0.9936636662018412,0.9862697511362382,0.01623419912481377,0.00937292698943375
