Dataset,num_of_folds,Features,Targets,Model,r_mean,r_std,r2_mean,r2_std,rmse_mean,rmse_std,mae_mean,mae_std,num_of_data,feature_length
CO2_Soleimani,7,"polymer_automated_frag_aug_SMILES,T_K,P_Mpa",exp_CO2_sol_g_g,NN,0.9856305174033652,0.008126363175097608,0.9671066940467268,0.019495403579630703,0.02245519495611712,0.005283949342254083,0.013756478131017987,0.002787402823815063,4413,97
