fold,r,r2,rmse,mae
1.0,0.14181923798287607,0.02011269626204364,12.749537189569791,7.4214534952773255
2.0,0.5656109988009651,0.3199158019646253,5.9115231581788725,4.9823629036800074
3.0,-0.12313158944057176,0.015161388318161523,12.041286750305742,7.763025865150788
4.0,0.40548708899788494,0.16441977934397867,6.075123329559645,5.171872789398765
5.0,0.32299627616669746,0.1043265944175535,6.632907451997675,5.385950898197546
6.0,0.6464933388926678,0.4179536372325898,5.812071345084826,4.18056469868448
7.0,0.017940697659363996,0.00032186863250470877,7.269642952531079,6.185471249746672
