predicted_SD,SD
1.8792778481543064,41.40999855995178
2.028297891616821,1.190000025331974
5.416893271207809,3.2900000700354575
8.393840036094188,8.629999809265136
6.132701750397682,5.4299998909235
8.760058450102806,12.919999526143075
4.740556675791741,27.509999012947084
2.8381094881892204,2.2800000859797
4.298041557520628,15.130000396966935
1.4725955896824598,2.2800000859797
9.80387736082077,0.29999999234452845
