predicted_SD,SD
1.6195733790844677,0.16999999824911355
4.962998773753642,2.249999931454658
19.436943987905977,15.650000483095644
2.7518367237597703,6.150000018328428
5.922743447422981,17.010000469088553
5.570558116137981,15.580000293254852
1.860237057805061,1.6100000469386577
4.318558546453714,5.219999964386225
1.4688979118317365,2.7600000804662703
1.1869315171241759,3.2899999751895663
2.3936569914221764,0.9899999852664768
