predicted_SD,SD
1.385909133143723,0.8300000141374766
10.725511007905006,19.280000454783437
15.218452971875667,15.080000171363352
3.025862519368529,0.30000000371597707
9.925049130767583,11.169999440312385
1.422377052605152,0.26999999948777254
3.254695671126246,2.2200000043585897
0.4615222932398319,0.33000000794418155
0.36987092009745537,2.9099998702108856
5.042211625874042,8.010000126212836
0.8521552945114671,0.9599999810382723
