predicted_SD,SD
1.4184939123690128,0.8300000141374766
7.449998607486486,19.280000454783437
12.923670739531516,15.080000171363352
3.244011019170284,0.30000000371597707
9.866477455198764,11.169999440312385
1.9298426396399735,0.26999999948777254
3.471015213727951,2.2200000043585897
0.14550522306933997,0.33000000794418155
0.17036707008257507,2.9099998702108856
4.864013252928853,8.010000126212836
0.9435608861036598,0.9599999810382723
