predicted_SD,SD
7.62011384114623,3.5700001174956557
8.287234618663787,4.130000093579292
11.527558104693888,9.2000002682209
19.330379463434216,18.06999964147806
7.689037266373633,11.789999887645244
5.255079659670591,11.819999969005584
12.589928010404108,20.510000088214873
3.327185686305165,2.2800000128149986
2.4632511577010154,1.2499999962002037
3.170424493551254,2.4999999924004075
5.829235850870608,0.8600000183656811
