predicted_SD,SD
14.85389934837818,8.75000028192997
12.55596025198698,35.179999147653575
13.978376796245573,26.91000016748905
4.930855961665511,4.000000049546361
4.9856407579034565,6.939999692589044
3.61332616366446,7.169999699294567
10.735351834297179,10.709999426901339
11.71801524221897,12.290000009536742
7.01469075039029,6.299999808073044
11.720753741562365,2.57000002797693
8.20675309717655,0.02999999940744601
