predicted_SD,SD
2.2109138049185275,41.40999855995178
1.2859419809281827,1.190000025331974
4.779439333081245,3.2900000700354575
8.823980087637901,8.629999809265136
5.274696250259876,5.4299998909235
8.487347238659858,12.919999526143075
5.249270917773247,27.509999012947084
2.451361196786165,2.2800000859797
3.3278243213891985,15.130000396966935
1.468718961700797,2.2800000859797
9.83980025589466,0.29999999234452845
