predicted_SD,SD
2.078204856887459,1.2499999809265137
4.165772557854652,17.610000190138816
1.9617739266157148,0.270000008251518
14.939888756871222,19.320000446438787
13.046047447323797,12.979999878406522
9.540833892226217,7.610000295937061
2.0678280805051323,-1.03143974958253e-09
2.474118608683347,3.1700000469386573
4.74242226883769,0.3999999822117388
1.437715503424406,0.5600000005587935
1.2827731904760002,1.7399999479949473
