predicted_SD,SD
6.775653942674398,3.5700001174956557
6.121582071334123,4.130000093579292
8.503282347619534,9.2000002682209
17.99363018840551,18.06999964147806
6.932357440590858,11.789999887645244
5.071429278850555,11.819999969005584
9.148683332800864,20.510000088214873
2.148944955430925,2.2800000128149986
1.5772205862030386,1.2499999962002037
3.727714663445949,2.4999999924004075
3.4989611120522017,0.8600000183656811
