predicted_SD,SD
15.75382774233818,8.75000028192997
11.470932010114192,35.179999147653575
15.082187021672725,26.91000016748905
5.068823138251901,4.000000049546361
4.239684458673,6.939999692589044
3.8116319587826726,7.169999699294567
11.552975920140742,10.709999426901339
12.056837585270404,12.290000009536742
7.274958641231059,6.299999808073044
14.311897384822368,2.57000002797693
10.660858234763145,0.02999999940744601
