predicted_SD,SD
2.413811155669391,1.1500000335276126
15.503210007250308,5.040000093281269
19.10734171181917,16.91000019788742
22.890324944257735,21.080000399947163
13.483885760009288,9.279999868124722
3.871241524368524,5.940000065863132
1.7213518545404076,1.1200000292994081
16.873259384930133,3.5999998903274535
8.278308270871639,11.470000253915785
2.3316293333843348,2.630000036433339
1.190656845010817,0.20000000247731803
