predicted_SD,SD
1.274611472301185,0.16999999824911355
5.595232377797365,2.249999931454658
18.919415742456913,15.650000483095644
5.725304308980703,6.150000018328428
13.54161762088537,17.010000469088553
12.616499722599983,15.580000293254852
4.109604505747557,1.6100000469386577
9.835611642748116,5.219999964386225
2.7124789717048405,2.7600000804662703
2.6634682871401307,3.2899999751895663
5.919434787333011,0.9899999852664768
