predicted_SD,SD
2.563180158808827,1.1500000335276126
15.594446833729743,5.040000093281269
17.11391905277967,16.91000019788742
23.664346542358395,21.080000399947163
14.309740153253077,9.279999868124722
3.741912529915571,5.940000065863132
2.0993759884685277,1.1200000292994081
14.755462699830531,3.5999998903274535
7.392942424118519,11.470000253915785
2.3680198121815916,2.630000036433339
1.3697328273952005,0.20000000247731803
