predicted_SD,SD
2.3408913747966285,1.2499999809265137
4.7100934039056295,17.610000190138816
1.475537284836173,0.270000008251518
14.008728654980658,19.320000446438787
12.42597574830055,12.979999878406522
9.466241957843302,7.610000295937061
1.5635098114609718,-1.03143974958253e-09
1.6819891203194854,3.1700000469386573
4.654495217204094,0.3999999822117388
1.2132714491337537,0.5600000005587935
1.327475183904171,1.7399999479949473
