fold,r,r2,rmse,mae
0.0,-0.13197606479057317,-0.3626171225018371,14.412850137315587,8.195613531780175
1.0,0.8956549974653683,0.767873175448172,2.9593952963707832,2.4813220040009103
2.0,0.5163182573643459,0.22240637293013688,8.970161234010973,6.0673622403798655
3.0,0.7793414419848133,0.6036720204449323,4.167483082170192,3.480121644020758
4.0,0.9113342086888456,0.7827262246909688,3.017754158913878,1.9230928485230963
5.0,0.783501120272207,0.30327107551346244,5.468358145111739,3.6693329432911486
6.0,0.7684459574978576,0.5722478480863653,4.5905968525112515,2.7983884861986996
