fold,r,r2,rmse,mae
0.0,-0.22339639103745043,-0.37919020866651953,14.500234728190549,8.36959153922952
1.0,0.6735517606391037,0.3556962270594797,4.930439695338849,3.490353116631845
2.0,0.3366980435996656,0.10091852261671297,9.64547074890294,6.735642468160209
3.0,0.7705905549212919,0.5403957815202973,4.487851541111496,3.023891316486353
4.0,0.8424457118676616,0.6159492933172068,4.0121252848960385,2.529069961879233
5.0,0.7925847720336752,0.3778846628429938,5.167262022746193,3.6024844847043798
6.0,0.7894968608017683,0.5859763682516475,4.51632948875942,2.844516838811634
