Dataset,num_of_folds,Features,Targets,Model,r_mean,r_std,r2_mean,r2_std,rmse_mean,rmse_std,mae_mean,mae_std,num_of_data,feature_length
Swelling_Xu,7,3mer_circular_graph_fp,SD,NN,0.6460885597832664,0.3394267073536194,0.4127970849446001,0.3730752793477107,6.226656986629201,3.8360049387424993,4.0878905283135225,2.0793713656889707,77,1024
