fold,r,r2,rmse,mae
0.0,0.6977570746393262,0.45846300549137164,1.1479645988524818,0.7754473311037706
1.0,0.672573627348881,0.383894125814607,1.2356831963108932,0.7765317163408153
2.0,0.68896265396356,0.42160506482375604,1.1424077587526886,0.7661125840661087
3.0,0.6780648932236991,0.4101329594412284,1.1968106517245276,0.8058856205562164
4.0,0.5667229327323738,-0.0789418029637472,1.6782784591084035,1.045103268664405
