Dataset,num_of_folds,Features,Targets,Model,r_mean,r_std,r2_mean,r2_std,rmse_mean,rmse_std,mae_mean,mae_std,num_of_data,feature_length
DFT_Ramprasad,5,polymer_automated_frag,value,BRT,0.6465860580791041,0.033779482253384806,0.2469213082739888,0.18825906635727674,1.3449531494997955,0.1690900744030663,0.8789166426804222,0.07500093534667987,3380,36
