fold,r,r2,rmse,mae
0.0,0.6165780742583884,0.3619229168059075,0.7894932262441425,0.5855946043298034
1.0,0.6609934877287047,0.43030570074864327,0.7484996371212466,0.5037532962582131
2.0,0.5711234466323338,0.30402891145237176,0.8980680841273179,0.5884708950098273
3.0,0.7310742630426824,0.5168241441810024,0.8460672435054939,0.5549829317118531
4.0,0.7325353563387745,0.5283026980602297,0.8471426859635481,0.584798588874087
