fold,r,r2,rmse,mae
0.0,0.9055446666357312,0.8177623083497424,0.05234802627848397,0.037285778264496854
1.0,0.9074232926215977,0.8000726199498305,0.050464424161012905,0.04278019611156223
2.0,0.8752064334871674,0.7266113820960771,0.06013409866213704,0.04148114370585782
3.0,0.9257335639775949,0.8388793582609231,0.054744225378965984,0.04059016768915856
4.0,0.9203736043933441,0.8317977881858448,0.06053983865051315,0.043396446627781866
5.0,0.8701857019626799,0.7477877615222192,0.07650819795141683,0.04946569495106449
6.0,0.9278623986170034,0.8306486414214511,0.05701459048324692,0.04585201336569102
