fold,r,r2,rmse,mae
0.0,0.9763134301027354,0.9515920520711559,0.02615619248399284,0.014132584858982247
1.0,0.9232508461959003,0.8484636694420276,0.04465475433962022,0.021709959529852
2.0,0.9741870410824022,0.9473219821993305,0.030733602379009274,0.018583685324865578
3.0,0.969231616012031,0.9393027139853282,0.037268876372468944,0.022809370019313106
4.0,0.9766898137413655,0.9537932935980743,0.031026561473243414,0.01783568573165453
