Dataset,num_of_folds,Features,Targets,Model,r_mean,r_std,r2_mean,r2_std,rmse_mean,rmse_std,mae_mean,mae_std,num_of_data,feature_length
CO2_Soleimani,7,"polymer_automated_frag_aug,T_K,P_Mpa",exp_CO2_sol_g_g,RF,0.9647051932678883,0.03314589095975745,0.9290979907118253,0.06462597179380661,0.03199585244614598,0.00994120774622078,0.01753002729809632,0.0038630067621699083,4413,33
