predicted_SD,SD
10.19886759519577,3.5700001174956557
3.484606204554438,4.130000093579292
11.453813612461088,9.2000002682209
22.84848600566387,18.06999964147806
6.432258589565754,11.789999887645244
6.628042780905962,11.819999969005584
11.065481077134608,20.510000088214873
0.6626501218043267,2.2800000128149986
2.208057173006236,1.2499999962002037
3.378996267393231,2.4999999924004075
2.8840698973834513,0.8600000183656811
