predicted_SD,SD
1.730248429328203,0.16999999824911355
1.4984120607376097,2.249999931454658
20.86776238143444,15.650000483095644
10.757837394475937,6.150000018328428
13.86528380781412,17.010000469088553
14.164136895239352,15.580000293254852
5.691648164391517,1.6100000469386577
9.880123055577277,5.219999964386225
3.314728846400976,2.7600000804662703
1.7978911525756118,3.2899999751895663
8.742280897796153,0.9899999852664768
