predicted_SD,SD
2.417534015327692,0.8300000141374766
6.435389537215232,19.280000454783437
14.491147531569004,15.080000171363352
5.878991631865501,0.30000000371597707
9.277611240148543,11.169999440312385
5.464339143633842,0.26999999948777254
2.215443809106946,2.2200000043585897
0.4263092364929616,0.33000000794418155
0.38397645940072833,2.9099998702108856
5.4516820687055585,8.010000126212836
0.824678205307573,0.9599999810382723
