predicted_SD,SD
2.634100380763411,1.1500000335276126
5.411140801161527,5.040000093281269
17.79656930595636,16.91000019788742
23.71864262938499,21.080000399947163
31.13640679180622,9.279999868124722
3.7867830699682234,5.940000065863132
4.007115643322467,1.1200000292994081
5.949297264963388,3.5999998903274535
12.055633089840411,11.470000253915785
0.963336948622018,2.630000036433339
2.132647552229464,0.20000000247731803
