predicted_SD,SD
14.108689379692077,8.75000028192997
11.19774849742651,35.179999147653575
5.4979582647979255,26.91000016748905
7.828046652376651,4.000000049546361
6.864645915478468,6.939999692589044
6.214381903409957,7.169999699294567
11.444135689139365,10.709999426901339
14.874869416356086,12.290000009536742
4.355328052565455,6.299999808073044
18.188035257160664,2.57000002797693
9.403184208124875,0.02999999940744601
