predicted_SD,SD
14.322276098728178,1.2499999809265137
41.100030127763745,17.610000190138816
2.7557626484334463,0.270000008251518
12.467847270369528,19.320000446438787
14.297723919749258,12.979999878406522
3.880876208394765,7.610000295937061
3.200399230718612,-1.03143974958253e-09
3.968388589769601,3.1700000469386573
4.881788472384214,0.3999999822117388
2.5118169139325612,0.5600000005587935
4.180187667608261,1.7399999479949473
