predicted_SD,SD
7.339470616281033,41.40999855995178
7.238553523719311,1.190000025331974
5.06504537820816,3.2900000700354575
9.993499250411988,8.629999809265136
5.130848451554775,5.4299998909235
16.501951358914376,12.919999526143075
9.505136387944221,27.509999012947084
5.697594163119793,2.2800000859797
7.160153899490833,15.130000396966935
3.8780921360850336,2.2800000859797
9.499665598273277,0.29999999234452845
