fold,r,r2,rmse,mae
0.0,0.21904409970343247,-0.014867991194992713,12.438491895386402,7.938980938106436
1.0,0.8499116726931827,0.6039773402278934,3.8654524222706352,3.203536849572238
2.0,-0.08448948530150759,-0.24813077408710948,11.364594616077099,7.806081517179263
3.0,0.7502942452350299,0.5321246578800229,4.528053585389324,3.616295617657968
4.0,0.7010200869048435,0.4740504321722224,4.695180070670778,3.000658654441888
5.0,0.7654875309648517,-0.08690481674327644,6.830001310066327,3.52831207039512
6.0,0.6995945429011071,-0.5355832659043973,8.697806434437991,5.801786445300305
