predicted_SD,SD
3.4801576190476196,0.17000000000000004
11.209001666666664,2.25
8.61690857142857,15.65
5.239578095238097,6.15
13.296501428571428,17.01
10.631649999999995,15.580000000000002
3.9334523809523803,1.61
8.38489,5.22
2.87446738095238,2.76
3.4351990476190477,3.2899999999999996
8.654501428571429,0.99
