predicted_SD,SD
4.744951948366165,41.41
5.277423118104479,1.19
5.623579931700236,3.2899999999999996
6.9282496825396755,8.63
10.365231473214278,5.43
7.927470682616001,12.92
19.671877350288664,27.510000000000005
3.5752761531423625,2.28
3.5664923032370033,15.13
8.850773101100282,2.28
9.697697335588375,0.3
