predicted_SD,SD
10.023511585359085,8.75
6.938301501456059,35.18
9.964227119171682,26.91
6.6044706537906555,3.9999999999999996
11.322442803585307,6.9399999999999995
10.317430858863359,7.17
12.870002894466637,10.71
5.847501746350053,12.29
9.582724295704297,6.299999999999999
8.671657970224217,2.57
4.810923386197135,0.03
