predicted_SD,SD
5.173807341269841,1.15
8.158512648809516,5.04
7.821854940476183,16.91
6.876845158730155,21.08
6.36789762896825,9.28
7.555015396825394,5.94
4.52369067460317,1.12
1.8303298214285693,3.6
5.892815624999989,11.47
4.458589748376619,2.63
9.753643769841263,0.2
