predicted_SD,SD
5.260128571428566,0.83
11.060044761904765,19.28
13.46872714285714,15.08
10.780969761904762,0.3
10.694170000000002,11.17
11.772696785714285,0.27
4.0705795238095215,2.22
4.010201904761902,0.33000000000000007
3.8177938095238098,2.91
8.772695238095237,8.01
4.55814726190476,0.96
