predicted_SD,SD
11.241807857142852,3.57
6.683239285714282,4.13
13.249074047619047,9.2
15.278315892857131,18.07
6.839786488095237,11.789999999999997
7.644416845238094,11.82
5.379801428571428,20.51
5.528207678571425,2.28
6.25824369047619,1.25
6.499608948412694,2.5
3.096102559523808,0.86
