predicted_SD,SD
3.1504787258103155,1.25
6.956869495494533,17.61
13.100154121075562,0.27
9.72572485806832,19.32
10.97259665103724,12.98
8.17351239816215,7.61
3.7385312658899874,0.0
7.473093902396428,3.17
3.7046512717720703,0.4
4.814282647760159,0.56
4.585284031667607,1.74
