fold,r,r2,rmse,mae
1.0,0.20393690730824937,0.0415902621624535,12.86620994566131,8.383405470287288
2.0,0.6419420944854174,0.41208965267232456,4.9869901204672225,4.4281817893785504
3.0,-0.2433045956463697,0.05919712626264346,11.371397229348123,7.346455705200881
4.0,0.4446960881209349,0.19775461079006232,5.9315096735289545,4.781399090909091
5.0,0.7497409759880369,0.5621115310754942,4.990046278090077,4.116620629990028
6.0,0.6515249272202884,0.42448473078940213,5.043740197070827,3.4347693751555086
7.0,0.1967348130901815,0.038704586681628655,7.42816905707722,5.845409547211551
