fold,r,r2,rmse,mae
0.0,0.20692982459112275,-0.04176188876710607,12.602224104174372,8.307358104163866
1.0,0.6420711841461808,0.38802570540299053,4.805149360539746,3.844275584415584
2.0,0.02358406011136101,-0.08877399063727331,10.614334694853506,7.214830371019354
3.0,0.39328410275244124,0.13481225745505798,6.157460878214048,5.073996673881673
4.0,0.5975124620640061,0.21159128636791658,5.748518118593046,4.32002463203463
5.0,0.22352436008594692,0.02190818735374611,6.479102264769632,5.190319673192969
6.0,0.44271119560398803,0.17383377869678684,6.379795585824982,5.090436123630382
