Dataset,num_of_folds,Features,Targets,Model,r_mean,r_std,r2_mean,r2_std,rmse_mean,rmse_std,mae_mean,mae_std,num_of_data
Swelling_Xu,7,PS_BigSMILES,SD,RF,0.37789588722381984,0.32432245624406036,0.24799035720485837,0.20047051860141907,7.516866071606247,3.0447977785668088,5.476605944018986,1.6768593142283468,77
