fold,r,r2,rmse,mae
0.0,0.9880545118576002,0.9757891517695542,0.018497847339301248,0.012751180204372058
1.0,0.9917366489655723,0.983440612898509,0.014761532617252632,0.009299877693352191
2.0,0.9962164376053787,0.992343598304359,0.011716856506269276,0.00841993424059335
3.0,0.9929763749492803,0.9854467344110843,0.018249118467088866,0.010393367726745682
4.0,0.995735665897504,0.9913824077398169,0.013399053206156602,0.008183000922139408
