Dataset,num_of_folds,Features,Targets,Model,r_mean,r_std,r2_mean,r2_std,rmse_mean,rmse_std,mae_mean,mae_std,num_of_data
CO2_Soleimani,7,"Polymer_SELFIES,T_K,P_Mpa",exp_CO2_sol_g_g,BRT,0.9926208906375874,0.0027227122990994357,0.9853036456924208,0.0054076477492393926,0.015820968782836033,0.0035754185910352107,0.010283941840503765,0.002390271732103826,515
