fold,r,r2,rmse,mae
0.0,0.9851046060044315,0.9586593686285091,0.024932725959833174,0.014562524960484482
1.0,0.9906685579270768,0.9809276834629829,0.015586582605311214,0.008194551950308332
2.0,0.9925679615452065,0.9824525810920957,0.015234816028732851,0.00887318304374663
3.0,0.9954665543253541,0.990806604841738,0.013076776147231028,0.009503356800197052
4.0,0.9951049549055203,0.9902072455998894,0.014607565426383725,0.009255359979091236
5.0,0.9923355426210878,0.9840401399268285,0.019245953479523667,0.011085165648492795
6.0,0.9944825273038813,0.987543302582146,0.01546297742157184,0.009749313058894229
