fold,r,r2,rmse,mae
0.0,0.9937332051481292,0.9851834356172916,0.014926396275534968,0.009693927594538498
1.0,0.9867937889606769,0.9735174288189278,0.01836662067832256,0.009313379162020442
2.0,0.9826418317903197,0.9611808540325419,0.022659669979501196,0.01153644963975845
3.0,0.9972483167249394,0.9920771850323921,0.012139547037254719,0.008763523380381742
4.0,0.9930075682241664,0.9857297185807244,0.017633628124897025,0.01068726463990975
5.0,0.9926869495591037,0.9834997815477788,0.019569049825741567,0.011417361689452085
6.0,0.9946851837639956,0.9851895429369012,0.01686071140276219,0.011391273497250443
