Dataset,num_of_folds,Features,Targets,Model,r_mean,r_std,r2_mean,r2_std,rmse_mean,rmse_std,mae_mean,mae_std,num_of_data,feature_length
CO2_Soleimani,7,"polymer_automated_frag_aug_recombined_fp,T_K,P_Mpa",exp_CO2_sol_g_g,NN,0.9915424063101902,0.0046669098912644254,0.9809111352237939,0.009525220036345238,0.01745080333200203,0.003103493174209975,0.01040045422904449,0.0010521423097756397,3665,514
