Dataset,num_of_folds,Features,Targets,Model,r_mean,r_std,r2_mean,r2_std,rmse_mean,rmse_std,mae_mean,mae_std,num_of_data,feature_length
CO2_Soleimani,7,"polymer_automated_frag_aug_recombined_fp,T_K,P_Mpa",exp_CO2_sol_g_g,NN,0.992247243518937,0.003319792284421686,0.9820909894477413,0.01018323100057007,0.016878199581226785,0.00371214398909651,0.010174779348744964,0.001970269381096502,3665,514
