predicted_SD,SD
4.551446159473734,41.41
5.856751405620206,1.19
4.645635813053782,3.2899999999999996
3.968664657730125,8.63
4.645635813053782,5.43
5.978676332281275,12.92
5.978676332281275,27.510000000000005
3.968664657730125,2.28
5.978676332281275,15.13
3.893032485952983,2.28
12.158701255665253,0.3
