predicted_SD,SD
10.945219174429898,3.57
4.336644261158846,4.13
5.142559025564585,9.2
10.296218363563932,18.07
5.164874459386673,11.789999999999997
5.164874459386673,11.82
11.515242034779716,20.51
5.142559025564585,2.28
4.336644261158846,1.25
5.273919658658011,2.5
5.14795869513791,0.86
