predicted_SD,SD
7.4171433729148974,1.25
5.749002614298817,17.61
5.928172642603841,0.27
11.496362682217363,19.32
11.496362682217363,12.98
5.749002614298817,7.61
5.928172642603841,0.0
5.292786061289558,3.17
5.875134845075619,0.4
7.4171433729148974,0.56
5.292786061289558,1.74
