predicted_SD,SD
3.020427126047637,0.83
7.691941549694929,19.28
7.691941549694929,15.08
6.4074305583882225,0.3
6.144971029692832,11.17
6.4074305583882225,0.27
5.271939900898798,2.22
6.4074305583882225,0.33000000000000007
6.4074305583882225,2.91
7.691941549694929,8.01
6.144971029692832,0.96
