predicted_SD,SD
5.884281400879695,1.15
5.024451292790635,5.04
8.782961736098367,16.91
5.01520346932211,21.08
5.01520346932211,9.28
5.884281400879695,5.94
4.9732916205636934,1.12
5.01520346932211,3.6
12.893136093017384,11.47
5.099128443103662,2.63
4.9732916205636934,0.2
