predicted_SD,SD
15.170931639181687,8.75
4.004574768103646,35.18
4.004574768103646,26.91
5.30289195082804,3.9999999999999996
4.328491010163851,6.9399999999999995
4.328491010163851,7.17
4.004574768103646,10.71
15.170931639181687,12.29
10.934913582808141,6.299999999999999
17.052929461310228,2.57
17.052929461310228,0.03
