predicted_SD,SD
4.415914312454297,0.17000000000000004
4.415914312454297,2.25
12.889334721746625,15.65
3.0383755000592,6.15
10.94825879418237,17.01
10.94825879418237,15.580000000000002
6.778239496934466,1.61
10.94825879418237,5.22
6.878033512291678,2.76
6.878033512291678,3.2899999999999996
10.94825879418237,0.99
