predicted_SD,SD
12.840289177041367,41.41
6.149464455640593,1.19
3.070912779065197,3.2899999999999996
5.241710676380732,8.63
3.070912779065197,5.43
10.620230211931165,12.92
10.620230211931165,27.510000000000005
5.241710676380732,2.28
10.620230211931165,15.13
3.3640899793390293,2.28
13.69706997170256,0.3
