predicted_SD,SD
5.902566324134085,1.25
4.329141563862875,17.61
2.224075248005855,0.27
11.33815281570685,19.32
11.33815281570685,12.98
4.329141563862875,7.61
2.224075248005855,0.0
3.521981022640223,3.17
17.146599839045766,0.4
5.902566324134085,0.56
3.521981022640223,1.74
