predicted_SD,SD
3.1200470548966153,1.15
5.370366029604754,5.04
14.344449719048106,16.91
16.458327932803694,21.08
16.458327932803694,9.28
3.1200470548966153,5.94
3.596297975421269,1.12
16.458327932803694,3.6
13.472857679466417,11.47
6.095016575128069,2.63
3.596297975421269,0.2
