predicted_SD,SD
1.9751727896067797,0.17000000000000004
1.9751727896067797,2.25
12.042270869197932,15.65
2.5041466349317276,6.15
11.328073199505253,17.01
11.328073199505253,15.580000000000002
6.434007456002927,1.61
11.328073199505253,5.22
5.996304024943395,2.76
5.996304024943395,3.2899999999999996
11.328073199505253,0.99
