predicted_SD,SD
11.42511319622926,3.57
3.46424785219097,4.13
5.31270460355129,9.2
13.96466200987201,18.07
3.4144387968564356,11.789999999999997
3.4144387968564356,11.82
11.665970982305344,20.51
5.31270460355129,2.28
3.46424785219097,1.25
3.491202171977278,2.5
17.29927646055593,0.86
