predicted_SD,SD
13.73594520625845,8.75
12.917882836084262,35.18
12.917882836084262,26.91
3.029933497746951,3.9999999999999996
2.1062498726124104,6.9399999999999995
2.1062498726124104,7.17
12.917882836084262,10.71
13.73594520625845,12.29
12.138765971442053,6.299999999999999
16.30379349514233,2.57
16.30379349514233,0.03
