predicted_SD,SD
3.211453017033973,0.83
9.937882906963937,19.28
9.937882906963937,15.08
2.688117951918843,0.3
5.761661908405603,11.17
2.688117951918843,0.27
3.2479685052322,2.22
2.688117951918843,0.33000000000000007
2.688117951918843,2.91
9.937882906963937,8.01
5.761661908405603,0.96
