fold,r,r2,rmse,mae
0.0,0.9722805277888714,0.9220938037152291,0.034226871888067056,0.03057789181921249
1.0,0.9474800848433,0.8644002490494473,0.041560295855528985,0.03535689855926438
2.0,0.9536887188841998,0.8812792986378405,0.0396272393334053,0.03220308132736452
3.0,0.9660987517007462,0.931696773883512,0.0356437453195228,0.03063085075063011
4.0,0.968293914271919,0.9320109886780062,0.038489721695195656,0.029997498560985228
5.0,0.969404820639647,0.9287642732549106,0.04066060386193568,0.03330724519303469
6.0,0.9549120413480472,0.9037221717303077,0.04298874923785305,0.03659761297082384
