Dataset,num_of_folds,Features,Targets,Model,r_mean,r_std,r2_mean,r2_std,rmse_mean,rmse_std,mae_mean,mae_std,num_of_data,feature_length
CO2_Soleimani,5,"3mer_fp,T_K,P_Mpa",exp_CO2_sol_g_g,SVM,0.9618170625410947,0.007024105691619039,0.9106578489201936,0.016964765284909762,0.03912328041787287,0.002400919613026923,0.03289540584510222,0.0024092820266414946,515,514
