fold,r,r2,rmse,mae
0.0,0.6798551090770422,0.33067222562973997,0.65079298477922,0.5402279506867582
1.0,0.514135027500633,0.05098634528804402,0.7971838039497602,0.6437018556383776
2.0,0.8005189111028702,0.35854793615536296,1.161966355190677,0.820100518670613
3.0,0.6895818710282822,0.3100130351231445,0.8286723085950347,0.6272925893383696
4.0,0.6061718534900901,0.25588753238622863,1.0413494682142106,0.6776020115974241
5.0,0.680948055624416,0.33528907675575637,0.9586727060595688,0.6881184698144037
