fold,r,r2,rmse,mae
0.0,0.9874942981529011,0.9742976501036247,0.019659280744551588,0.012264576749322015
1.0,0.9807334669931083,0.9616201142550609,0.022110625223941943,0.013417060790609562
2.0,0.9477258642440017,0.8892476669604203,0.03827428028036133,0.01668363906905388
3.0,0.9912945101977787,0.9820210591460437,0.018287097286012282,0.01296447060666201
4.0,0.9828856563341347,0.9632244046017477,0.028307744319155188,0.016830065006523152
5.0,0.9913871625906806,0.9827571820900506,0.020004560550937654,0.013354611805058363
6.0,0.9916079613553588,0.9826655342013889,0.018240926692301127,0.011483040766937937
