Dataset,num_of_folds,Features,Targets,Model,r_mean,r_std,r2_mean,r2_std,rmse_mean,rmse_std,mae_mean,mae_std,num_of_data,feature_length
CO2_Soleimani,5,"Polymer_ohe,T_K,P_Mpa",exp_CO2_sol_g_g,RF,0.9802585061069431,0.011392791349651512,0.9571106518273995,0.027016313747851056,0.02589242657479855,0.0053864571517713965,0.014918882139187456,0.0018833391558661712,515,15
