predicted_SD,SD
3.859858616888523,41.40999855995178
2.2099379640817642,1.190000025331974
7.212597677707672,3.2900000700354575
13.916516760587692,8.629999809265136
6.486927518248558,5.4299998909235
13.10495897769928,12.919999526143075
10.215135429501533,27.509999012947084
5.323647131621837,2.2800000859797
6.09603655576706,15.130000396966935
2.6597848631441594,2.2800000859797
8.403646148741245,0.29999999234452845
