fold,r,r2,rmse,mae
0.0,0.06919356828973754,-0.1397759412922559,13.18173852693252,7.89790772032162
