predicted_SD,SD
5.877227570843573,0.17000000000000004
11.208030151180997,2.25
15.886631274033338,15.65
7.711008069826072,6.15
9.880063265064706,17.01
9.694154353304512,15.580000000000002
7.883345788287649,1.61
10.161208397905794,5.22
3.1041701596135347,2.76
1.3822214322893567,3.2899999999999996
7.511085456317177,0.99
