predicted_SD,SD
11.224054719025576,8.75
10.158985118956897,35.18
13.879425108046387,26.91
7.514496097827624,3.9999999999999996
7.330262233123599,6.9399999999999995
5.839575751545809,7.17
11.254490960845878,10.71
10.544265093336803,12.29
8.735240403531527,6.299999999999999
15.370033885753823,2.57
14.399184108414042,0.03
