predicted_SD,SD
7.700805526905698,41.41
6.142916195047782,1.19
9.238047262247273,3.2899999999999996
11.25040675755084,8.63
7.814487016786685,5.43
10.746208241058053,12.92
6.789297604074244,27.510000000000005
3.613561712684967,2.28
6.699754756927148,15.13
3.8358415794619365,2.28
12.90230645455112,0.3
