predicted_SD,SD
6.325105821604373,1.15
13.449463948246054,5.04
17.173831786193627,16.91
17.128761324183294,21.08
13.41510584400127,9.28
6.240093065110778,5.94
5.700071960249224,1.12
13.838178124544246,3.6
9.310254684689909,11.47
2.8118187637880645,2.63
2.0454331804024832,0.2
