predicted_SD,SD
9.417068304702452,3.57
9.972866429350935,4.13
9.245593533610148,9.2
14.702383575409993,18.07
5.706995230946923,11.789999999999997
3.041101283196103,11.82
10.477794412500101,20.51
3.7540563724252567,2.28
4.267856006481169,1.25
3.3921849590841244,2.5
8.315024569099647,0.86
