predicted_SD,SD
5.6480213233096705,0.83
9.977208998365933,19.28
12.32920912337958,15.08
3.7261418674984985,0.3
8.799272711473963,11.17
1.1206223669693753,0.27
6.39704740697016,2.22
-1.5328658497160703,0.33000000000000007
-4.155621223702595,2.91
7.262795922823423,8.01
1.4928916846956062,0.96
