predicted_SD,SD
7.1337478426968595,1.25
8.249747265254761,17.61
8.78976356395956,0.27
12.576835238317123,19.32
11.336450426220605,12.98
6.362914558917698,7.61
4.718242690117375,0.0
4.553194946568252,3.17
8.769763235540905,0.4
0.1416233461858074,0.56
2.193682495711963,1.74
