predicted_SD,SD
-2.9698766215145587,1.2499999962002037
5.792222298681735,17.609999628067015
14.441281914412974,0.26999999948777254
14.819147927463053,19.320000563263893
15.472702704966068,12.979999412596225
1.8311082610487937,7.61000027552247
0.024579273434355852,0.0
3.06727229475975,3.1699999582767484
12.093879522085189,0.40000000495463606
-1.8523624838143586,0.5600000146497041
1.3638794238865375,1.7399999367073178
