predicted_SD,SD
1.4216825548559426,3.5700001174956557
4.627374329045415,4.130000093579292
8.264438678771256,9.2000002682209
21.089846162796018,18.06999964147806
2.9040937083214518,11.789999887645244
2.591990862637758,11.819999969005584
14.10610761284828,20.510000088214873
3.9962069996446368,2.2800000128149986
3.303915229514241,1.2499999962002037
2.9223157125711436,2.4999999924004075
35.33701055705547,0.8600000183656811
