predicted_SD,SD
9.516601151525974,8.75000028192997
12.588444605171679,35.179999147653575
1.1061868207901715,26.91000016748905
16.914231975376605,4.000000049546361
2.137477720826864,6.939999692589044
1.7553839411586523,7.169999699294567
6.562503296732902,10.709999426901339
18.812389659285543,12.290000009536742
10.252030765414236,6.299999808073044
-1.1297790728509425,2.57000002797693
2.9761048872023816,0.02999999940744601
