predicted_SD,SD
1.5645544096827506,0.16999999824911355
6.0026393817365165,2.249999931454658
9.877108114659785,15.650000483095644
9.203148493468762,6.150000018328428
8.411919024437665,17.010000469088553
7.374040114432573,15.580000293254852
4.478153882399201,1.6100000469386577
6.467437013983726,5.219999964386225
7.272909394651651,2.7600000804662703
6.531669571250677,3.2899999751895663
3.9177747247368093,0.9899999852664768
