predicted_SD,SD
10.008681962788105,1.1500000335276126
8.81183927476406,5.040000093281269
1.1191170977428555,16.91000019788742
17.725699065625665,21.080000399947163
18.174509365856647,9.279999868124722
3.9048446020483967,5.940000065863132
8.415675050914286,1.1200000292994081
19.073292501866817,3.5999998903274535
6.9896536591649046,11.470000253915785
13.022781214416026,2.630000036433339
-0.5876146690174937,0.20000000247731803
