predicted_SD,SD
-0.7035052400082349,41.41
10.783047878742217,1.1899999877437948
5.0193737260997295,3.2899999751895663
18.936745173633096,8.629999956488609
5.396863951385021,5.4299999168515205
18.446789506971836,12.920000483989714
18.41688445240259,27.50999932646751
8.532244538962841,2.2800000128149986
18.316657104194164,15.13000030696392
2.7338266786187884,2.2800000128149986
1.6028122574836015,0.30000000371597707
