predicted_SD,SD
-2.822774531841278,0.8300000141374766
13.248647555708883,19.280000454783437
10.515704194307327,15.080000171363352
-0.8685140177607535,0.30000000371597707
4.973143500760197,11.169999440312385
-0.9681329476833342,0.26999999948777254
2.821263667568564,2.2200000043585897
-1.1293067156523464,0.33000000794418155
9.3625004003942,2.9099998702108856
12.696952859461307,8.010000126212836
2.4120712089538574,0.9599999810382723
