fold,r,r2,rmse,mae
0.0,0.0661429779870743,0.004374893536998596,13.945261419237465,8.144659291320396
1.0,0.7182988097120713,0.5159531800337783,4.759382279762294,4.1432018966854285
2.0,0.16573356263068176,0.027467613782258114,11.652905229199002,8.505558103671486
3.0,0.13690991968729657,0.018744326108781996,11.345761154684972,6.3443960135396225
4.0,0.7999099308486617,0.6398558974703107,4.045806955858564,3.409456473496657
5.0,0.1556305493381362,0.024220867887290044,8.83131772923853,7.375916416739875
6.0,0.46257607292870334,0.21397662324614108,7.140653284314774,5.235550297276032
