fold,r,r2,rmse,mae
0.0,0.9178963750883906,0.841764950202325,0.3931544346080169,0.2185006150321161
1.0,0.8957334157307119,0.7978323696895001,0.44588870131939395,0.23797405699461086
2.0,0.7976235738003413,0.6345898231895163,0.6507347247382247,0.2367067147870706
3.0,0.9206949467789095,0.8393728899316626,0.4878223474822535,0.317864249887218
4.0,0.8918392811668173,0.7952658603817889,0.5581102561005034,0.34374390602869775
