Dataset,num_of_folds,Features,Targets,Model,r_mean,r_std,r2_mean,r2_std,rmse_mean,rmse_std,mae_mean,mae_std,num_of_data,feature_length
DFT_Ramprasad,5,polymer_automated_frag_aug_SMILES,value,SVM,0.6725352739631226,0.010995429723791196,0.44428732878500743,0.018729581641575822,1.1642949916535152,0.033170809890643,0.8785297253613329,0.02717506184862907,20728,113
