fold,r,r2,rmse,mae
0.0,0.6420184104364766,0.40203158842962416,0.7642772872052788,0.46549813486792624
1.0,0.2592942346934228,-0.09527135210356241,1.0378426784674069,0.5403452491913278
2.0,0.5348902633580921,0.20152003752547543,0.9619348970322237,0.565705025259825
3.0,0.6748120174295862,0.4270623073812435,0.9213103853845929,0.5864374930246763
4.0,0.6348490657116321,0.25255822056155874,1.066383826980913,0.56540812752787
