fold,r,r2,rmse,mae
0.0,0.6966166062736144,0.13288852063372258,0.7407316474721428,0.49111017161495607
1.0,0.5344864074363234,0.28205462649005797,0.6933746038318571,0.40110087102091385
2.0,0.5526639976702183,0.16110133025412487,1.3288201367177943,0.7229455239697716
3.0,0.5701353868892429,0.32463925837332197,0.8198422303650207,0.41887890373024506
4.0,0.5356724312278986,0.2591330854870505,1.0390759746754001,0.4671768652676884
5.0,0.745013540855641,0.5349972516769885,0.8018289085073691,0.46230833760089335
