fold,r,r2,rmse,mae
0.0,0.8853142573778608,0.7794326213195523,0.46417577969333307,0.21542608124599055
1.0,0.9215020034726057,0.8450149324695,0.3904051929273678,0.19576148146636196
2.0,0.7806034609694068,0.6072102329493305,0.6746736451919988,0.24230302141867643
3.0,0.9423306426326787,0.8582482495732613,0.45826478353570693,0.2504836872016546
4.0,0.8919522487613675,0.7917894999830366,0.5628286326485639,0.2852563751896079
