fold,r,r2,rmse,mae
1.0,0.914397041667806,0.8361219498108353,0.39194871037551243,0.2095141860183551
2.0,0.8502814612008098,0.7229785632617842,0.437204425520203,0.22337205733302704
3.0,0.9297768724277712,0.8644850325015679,0.6971542720451125,0.3526245787452131
4.0,0.8486226876486757,0.7201604659920617,0.5349671013567326,0.2505253213069483
5.0,0.7632577874304236,0.5825624500731857,0.7902936121228074,0.3098044190349148
6.0,0.9324019570699212,0.8693734095478193,0.4375832877379857,0.24335466539300687
