fold,r,r2,rmse,mae
0.0,0.8689944057250236,0.754711232355647,0.48949771100624667,0.22208993438082106
1.0,0.8882828784536901,0.7846518043091234,0.46019434325945274,0.2394446196792672
2.0,0.7420465509591538,0.5503753892442472,0.7218362705473155,0.27308774855324497
3.0,0.9388492454549577,0.84653598527065,0.47682118927064593,0.2515432295435587
4.0,0.889175653348976,0.7830447805508702,0.5745263089716531,0.28959170097537856
