predicted_SD,SD
20.287957032620906,8.75000028192997
9.049788210839033,35.179999147653575
14.918584208488463,26.91000016748905
3.4995972979068752,4.000000049546361
8.108064072281122,6.939999692589044
5.159134996160865,7.169999699294567
46.47120094060897,10.709999426901339
4.291220140829682,12.290000009536742
3.6155241210013624,6.299999808073044
3.1315486630797382,2.57000002797693
5.273987522870302,0.02999999940744601
