predicted_SD,SD
5.427078768610953,3.5700001174956557
6.3107390695810315,4.130000093579292
13.433490707874297,9.2000002682209
15.943691270947456,18.06999964147806
18.415597271323204,11.789999887645244
11.856974029541014,11.819999969005584
6.667912690341472,20.510000088214873
5.903863968849182,2.2800000128149986
5.23442490786314,1.2499999962002037
2.7319437289237976,2.4999999924004075
0.2850824558548629,0.8600000183656811
