predicted_SD,SD
9.286534410715102,41.40999855995178
1.4583613666146993,1.190000025331974
6.960571775734424,3.2900000700354575
13.234310966134071,8.629999809265136
9.95835849583149,5.4299998909235
9.062090494036674,12.919999526143075
11.354844135642052,27.509999012947084
7.967776341438293,2.2800000859797
8.452194426953792,15.130000396966935
3.637468081116676,2.2800000859797
18.228627148866654,0.29999999234452845
