predicted_SD,SD
1.1726571355760096,0.8300000141374766
3.718704704418778,19.280000454783437
4.289760492295026,15.080000171363352
8.141801051348446,0.30000000371597707
7.7665538285672655,11.169999440312385
4.566798452064394,0.26999999948777254
1.986412119232118,2.2200000043585897
3.6780110237747428,0.33000000794418155
2.25166243750602,2.9099998702108856
2.61828675031662,8.010000126212836
2.5375107383355497,0.9599999810382723
