predicted_SD,SD
2.9206002938747404,1.1500000335276126
10.939117659032345,5.040000093281269
19.677483946681022,16.91000019788742
17.215407665669918,21.080000399947163
7.49945696696639,9.279999868124722
3.965358156263828,5.940000065863132
9.743781207352876,1.1200000292994081
1.3446388126537203,3.5999998903274535
5.512824404090643,11.470000253915785
2.3688864688575264,2.630000036433339
1.7137975331768391,0.20000000247731803
