predicted_SD,SD
7.531602027714252,1.2499999809265137
10.130798988938329,17.610000190138816
16.24319645524025,0.270000008251518
12.102190111279485,19.320000446438787
13.374799261689184,12.979999878406522
3.0888008275628085,7.610000295937061
1.6442823366820811,-1.03143974958253e-09
4.186752714812755,3.1700000469386573
2.0856326957046982,0.3999999822117388
2.5107233560085294,0.5600000005587935
2.787440064847469,1.7399999479949473
