predicted_SD,SD
1.0248480527475476,0.16999999824911355
0.38198672026395797,2.249999931454658
10.673765834867954,15.650000483095644
6.568549839109182,6.150000018328428
5.716764238923788,17.010000469088553
6.918508828431367,15.580000293254852
1.6113153041154145,1.6100000469386577
3.5052970542013644,5.219999964386225
13.972254355847834,2.7600000804662703
11.317889511883259,3.2899999751895663
2.506346115991473,0.9899999852664768
