fold,r,r2,rmse,mae
0.0,0.893767702487845,0.7936425465567659,0.4489747446254773,0.20625524629221992
1.0,0.24465840370722644,-0.7089468252302198,1.2963878035206733,0.6143859692267282
2.0,0.8358804101581404,0.69585144177659,0.5936856480752712,0.19199654872977004
3.0,0.9475224429978039,0.8914291894870641,0.40105950122578127,0.21242603922227013
4.0,0.8238231138866738,0.6144327034076951,0.7659050978011108,0.2735044060599847
