predicted_SD,SD
6.0082607,3.57
8.718333,4.13
14.249979,9.2
23.551306,18.07
1.7432839,11.789999999999997
4.3878465,11.82
7.0354605,20.51
7.132501,2.28
6.631924,1.25
11.048711,2.5
-2.5309448,0.86
