predicted_SD,SD
16.943808,8.75
7.8770323,35.18
6.697885,26.91
4.0554504,3.9999999999999996
8.439934,6.9399999999999995
5.4063473,7.17
20.949717,10.71
11.60643,12.29
5.710941,6.299999999999999
2.9041412,2.57
8.77266,0.03
