predicted_SD,SD
4.0076675,0.83
8.25327,19.28
9.847921,15.08
7.45602,0.3
7.4461784,11.17
4.1537266,0.27
2.10701,2.22
3.0814557,0.33000000000000007
5.0654683,2.91
9.492775,8.01
7.005908,0.96
