predicted_SD,SD
12.823432,0.17000000000000004
12.060536,2.25
16.117561,15.65
3.945532,6.15
12.422315,17.01
9.013988,15.580000000000002
0.49682423,1.61
2.8426843,5.22
10.597274,2.76
6.2747817,3.2899999999999996
8.596732,0.99
