predicted_SD,SD
4.2499332,1.15
11.122441,5.04
26.273794,16.91
17.710241,21.08
7.2241354,9.28
6.2626967,5.94
0.928648,1.12
5.2660785,3.6
10.246454,11.47
1.4856066,2.63
7.804971,0.2
