predicted_SD,SD
2.981836,1.25
5.6661754,17.61
8.070484,0.27
12.430617,19.32
12.075378,12.98
3.3264532,7.61
-0.08933475,0.0
6.430545,3.1699999999999995
1.0995553,0.4
10.579516,0.56
4.865622,1.74
