predicted_SD,SD
9.967231,41.41
0.9827425,1.19
11.172794,3.2899999999999996
4.860124,8.63
9.934649,5.43
14.898431,12.919999999999998
17.239267,27.510000000000005
4.165353,2.28
5.8769493,15.13
6.8445306,2.28
10.599269,0.3
