fold,r,r2,rmse,mae
0.0,0.440924140913333,0.19441409804016072,11.325026542791992,7.823519354083322
1.0,0.3874607593587906,0.15012584004289065,6.471465906322077,5.291724962863055
2.0,0.06490306522156236,0.004212407875154377,11.316501548603137,7.2379158496856695
3.0,0.40965506926295464,0.16781727577283617,7.11830152938744,6.425942625132475
4.0,0.6835633383565075,0.4672588375450932,5.1363298964245185,4.249876467964866
5.0,0.82984359930767,0.6886403993119088,4.404822010914425,3.2840754218534984
6.0,0.5255598491561962,0.27621315504508376,5.988027421275352,4.613479020676829
