predicted_SD,SD
2.6287296,0.83
7.2721853,19.28
12.565422,15.08
7.649368,0.3
9.175524,11.17
5.4599147,0.27
1.0870697,2.22
3.3479865,0.33000000000000007
0.69825673,2.91
4.8349977,8.01
3.4059496,0.96
