predicted_SD,SD
6.4632077,41.41
2.687428,1.19
8.440229,3.2899999999999996
8.625777,8.63
10.4158325,5.43
10.019409,12.92
5.3129888,27.510000000000005
3.1127925,2.28
4.6090016,15.13
2.1010458,2.28
12.454599,0.3
