predicted_SD,SD
1.8587925,1.15
5.1909547,5.04
15.428595,16.91
17.910498,21.08
17.500063,9.28
4.76406,5.94
3.8303275,1.12
15.264044,3.6
11.074459,11.47
6.814631,2.63
2.7368925,0.2
