predicted_SD,SD
3.370935,1.15
9.290843,5.04
16.125319,16.91
21.36487,21.08
17.827896,9.28
5.8053737,5.94
3.148079,1.12
15.932163,3.6
7.206161,11.47
1.5359873,2.63
1.331033,0.2
