predicted_SD,SD
8.570127,3.57
4.237032,4.13
8.894037,9.2
14.083954,18.07
6.4185395,11.789999999999997
6.5081687,11.82
10.940047,20.51
3.2533274,2.28
3.1568968,1.25
3.0521374,2.5
13.041277,0.86
