predicted_SD,SD
5.270254,1.25
5.6765065,17.61
7.074718,0.27
14.153778,19.32
12.64654,12.98
6.077647,7.61
0.48923862,0.0
0.03626253,3.17
15.297443,0.4
-0.544554,0.56
-2.5272803,1.74
