predicted_SD,SD
15.231353,8.75
17.482409,35.18
15.221812,26.91
5.668299,3.9999999999999996
7.933367,6.9399999999999995
2.8608413,7.17
16.239914,10.71
9.9045515,12.29
6.841229,6.299999999999999
15.442136,2.57
11.389678,0.03
