predicted_SD,SD
3.6968796,0.17000000000000004
8.053278,2.25
16.805716,15.65
5.9436855,6.15
12.958671,17.01
10.816407,15.580000000000002
6.3180017,1.61
9.952207,5.22
3.2604754,2.76
2.7270675,3.2899999999999996
6.824144,0.99
