predicted_SD,SD
2.573043,41.41
1.2464262,1.19
12.820265,3.2899999999999996
10.070178,8.63
8.951061,5.43
16.556097,12.92
3.8443472,27.510000000000005
4.0070324,2.28
2.9960992,15.13
2.4587138,2.28
9.817536,0.3
