predicted_SD,SD
5.269249,1.25
6.479098,17.61
7.4486227,0.27
15.608308,19.32
12.32097,12.98
6.109836,7.61
3.429322,0.0
1.9150043,3.17
12.160105,0.4
3.435184,0.56
1.584443,1.74
