predicted_SD,SD
2.1176586,0.17000000000000004
5.7524056,2.25
13.878829,15.65
8.27421,6.15
9.92947,17.01
9.294859,15.580000000000002
7.960559,1.61
10.288229,5.22
2.9584012,2.76
2.9344893,3.2899999999999996
6.3596034,0.99
