predicted_SD,SD
4.0793815,0.83
7.853541,19.28
8.254523,15.08
8.877803,0.3
9.584179,11.17
8.242971,0.27
3.986271,2.22
2.354871,0.33000000000000007
1.390798,2.91
4.2850223,8.01
2.5815814,0.96
