Dataset,num_of_folds,Features,Targets,Model,r_mean,r_std,r2_mean,r2_std,rmse_mean,rmse_std,mae_mean,mae_std,num_of_data,feature_length
Swelling_Xu,7,2mer_fp,SD,BRT,0.4449623945465909,0.3140999373794691,0.19685330471768944,0.2735075110533767,7.269188684784514,3.307588227696049,5.256221779476513,2.009593724651751,77,1024
