predicted_SD,SD
15.629331724352124,8.75
5.1359062746508535,35.18
5.1359062746508535,26.91
5.28877037066139,3.9999999999999996
4.338774595790041,6.9399999999999995
4.338774595790041,7.17
5.1359062746508535,10.71
15.629331724352124,12.29
10.935108360389286,6.299999999999999
17.05793645242106,2.57
17.05793645242106,0.03
