predicted_SD,SD
3.0565695958267525,41.41
7.234687345415176,1.19
9.325411113140854,3.2899999999999996
6.296655707821185,8.63
9.325411113140854,5.43
5.191019407760039,12.92
5.191019407760039,27.510000000000005
6.296655707821185,2.28
5.191019407760039,15.13
9.647471671313411,2.28
10.933540832101976,0.3
