predicted_SD,SD
10.939496456498464,3.57
4.354659430545887,4.13
5.307788519526966,9.2
10.997220909674416,18.07
4.703839499755918,11.789999999999997
4.703839499755918,11.82
11.510032543534836,20.51
5.307788519526966,2.28
4.354659430545887,1.25
5.154156028304456,2.5
4.55194598893631,0.86
