predicted_SD,SD
5.888619357084439,1.15
5.690989029537485,5.04
10.981446993424255,16.91
3.8973445448574,21.08
3.8973445448574,9.28
5.888619357084439,5.94
4.984348972636393,1.12
3.8973445448574,3.6
12.892099817579405,11.47
5.306706268789161,2.63
4.984348972636393,0.2
