predicted_SD,SD
4.351256932839174,0.83
7.686722697243073,19.28
7.686722697243073,15.08
6.401256690534753,0.3
5.384051701224411,11.17
6.401256690534753,0.27
5.27767599932139,2.22
6.401256690534753,0.33000000000000007
6.401256690534753,2.91
7.686722697243073,8.01
5.384051701224411,0.96
