predicted_SD,SD
4.419691506478356,0.17000000000000004
4.419691506478356,2.25
12.898272103269212,15.65
3.0396083627703576,6.15
10.43430526709131,17.01
10.43430526709131,15.580000000000002
6.0484134266173175,1.61
10.43430526709131,5.22
6.942922677667533,2.76
6.942922677667533,3.2899999999999996
10.43430526709131,0.99
