predicted_SD,SD
6.887225299070334,1.25
5.084226685528729,17.61
4.319395911884463,0.27
11.506015111719458,19.32
11.506015111719458,12.98
5.084226685528729,7.61
4.319395911884463,0.0
5.287639694156054,3.17
14.835312662801623,0.4
6.887225299070334,0.56
5.287639694156054,1.74
