fold,r,r2,rmse,mae
0.0,-0.7942952367333543,-0.43398419389606335,14.785470456800484,10.787899477818673
1.0,0.6378588162541439,0.33339770694948134,5.0150319363722105,4.630523757169957
2.0,-0.435688155917905,-0.7606595691367104,13.497756983650852,10.043922460824037
3.0,0.5991108901027427,0.29286844735594486,5.566684276493011,4.9309077165554465
4.0,0.6031789447489085,0.1588127941612293,5.937813134895029,5.263071963870034
5.0,0.3434514669847844,0.09058376594906359,6.2475015754099665,4.270881956627016
6.0,0.2557570292241999,-0.031178333735129682,7.127544480559492,5.888486443502449
