fold,r,r2,rmse,mae
0.0,0.788518359841015,0.6060939038563145,0.6203091440812606,0.2932273705380657
1.0,0.3568787168891668,-0.09505449214038353,1.0377399287395388,0.49500969111129495
2.0,0.7650400787706714,0.578645468313159,0.6987752332076528,0.23878106452959647
3.0,0.936734184038921,0.8763897659738046,0.42793665111183543,0.22123047760488945
4.0,0.9046103074032047,0.8168541685218533,0.5278656283535808,0.26075400398049675
