fold,r,r2,rmse,mae
0.0,0.7217410333438292,-0.15120544867236196,0.8534927777643778,0.3071565988391629
1.0,0.7580878357809723,0.22746344200956026,0.7192531130585865,0.31456567529568846
2.0,0.8581924789345159,0.7303658331408132,0.753353672040841,0.338702402622999
3.0,0.8797920128149509,0.7721722603670288,0.4761740017896852,0.23739730083128158
4.0,0.7118740042307191,0.4978081921051717,0.8554842433275296,0.27649256007830014
5.0,0.778601998358385,0.4980808530662467,0.8330495452726345,0.34075278332829995
