fold,r,r2,rmse,mae
0.0,0.9942458787600952,0.988362414157726,0.01322856262515252,0.0073981242507031655
1.0,0.9944988894796489,0.9889468760833289,0.011865654649816787,0.007238301203477423
2.0,0.9757633981555996,0.951449493095174,0.025341217441021226,0.012063725643089997
3.0,0.9962221971496015,0.9922145988467513,0.012033811961895893,0.008283615221833258
4.0,0.9911474154286266,0.9811190249523066,0.02028325343548308,0.012492599002501532
5.0,0.99406736292717,0.9881217650811505,0.016603545995904734,0.010000431702843265
6.0,0.9946891171268752,0.9891086451779407,0.014458812310736504,0.009098746209826371
