Dataset,num_of_folds,Features,Targets,Model,r_mean,r_std,r2_mean,r2_std,rmse_mean,rmse_std,mae_mean,mae_std,num_of_data,feature_length
CO2_Soleimani,7,"polymer_automated_frag_SMILES,T_K,P_Mpa",exp_CO2_sol_g_g,BRT,0.9915191798610882,0.006583057616383641,0.9827604024849111,0.013153752209971606,0.016259265488572965,0.004604003297312569,0.009510791890610716,0.001962204090231863,515,97
