predicted_SD,SD
0.6300905,0.17000000000000004
0.6300905,2.25
13.660143,15.65
3.041641,6.15
10.721738,17.01
10.721738,15.580000000000002
6.911344,1.61
10.721738,5.22
6.2903385,2.76
6.2903385,3.2899999999999996
10.721738,0.99
