predicted_SD,SD
4.2298474,1.15
5.014361,5.04
12.923445,16.91
16.774397,21.08
16.774397,9.28
4.2298474,5.94
4.4475813,1.12
16.774397,3.6
12.792249,11.47
4.6451635,2.63
4.4475813,0.2
