predicted_SD,SD
12.92535,41.41
6.078024,1.19
3.2807326,3.2899999999999996
5.26234,8.63
3.2807326,5.43
11.042322,12.92
11.042322,27.510000000000005
5.26234,2.28
11.042322,15.13
4.4378376,2.28
14.440706,0.3
