predicted_SD,SD
13.371476,8.75
11.387406,35.18
11.387406,26.91
3.1879995,3.9999999999999996
3.7771487,6.9399999999999995
3.7771487,7.17
11.387406,10.71
13.371476,12.29
10.531812,6.299999999999999
18.425934,2.57
18.425934,0.03
