predicted_SD,SD
10.536621,3.57
4.2858872,4.13
4.8737826,9.2
12.755778,18.07
3.321017,11.789999999999997
3.321017,11.82
11.269354,20.51
4.8737826,2.28
4.2858872,1.25
3.3965075,2.5
16.923296,0.86
