predicted_SD,SD
4.2301087,0.83
7.255441,19.28
7.255441,15.08
4.7533016,0.3
4.6130543,11.17
4.7533016,0.27
3.5515804,2.22
4.7533016,0.33000000000000007
4.7533016,2.91
7.255441,8.01
4.6130543,0.96
