predicted_SD,SD
6.2057853,1.25
5.0243134,17.61
1.234396,0.27
10.389501,19.32
10.389501,12.98
5.0243134,7.61
1.234396,0.0
3.729796,3.17
17.623468,0.4
6.2057853,0.56
3.729796,1.74
