fold,r,r2,rmse,mae
0.0,0.5486695352780276,0.1912921170375903,11.103472055385,7.328435075933284
1.0,0.6405831102656167,0.38763171385725326,4.80669589903674,4.126385198939931
2.0,-0.02986300180125228,-0.2825996398140258,11.520450595731646,8.322448041222314
3.0,0.16875423523955793,-0.24395302530598828,7.383265274431906,5.960093892704358
4.0,0.7787715793282785,0.26483768240885874,5.551007522543956,4.613506552956321
5.0,0.6916743502288518,0.34020333312196627,5.321451173430929,4.062651462554931
6.0,0.23118757792568922,-0.12812543540977872,7.455070283590655,5.387799512689764
