fold,r,r2,rmse,mae
0.0,0.7683025979054688,0.5857608769072526,1.0040145042370447,0.6437740109617575
1.0,0.7400455258992668,0.5388867373237509,1.0690137038588432,0.7054424361671365
2.0,0.7710048734407436,0.5872225988125166,0.9650878769611839,0.6367953425198832
3.0,0.7545296840532096,0.5559353289000803,1.0384162921255862,0.6780585644617168
4.0,0.7618023719847566,0.5758020869670373,1.0523235147988506,0.6639623758375927
