predicted_SD,SD
4.13291490585656e-164,0.17000000000000004
2.085867061129714e-65,2.25
5.115450689714614e-260,15.65
9.560809815548175e-163,6.15
4.035349189217364e-32,17.01
1.080923549203989e-64,15.580000000000002
1.6896243761088784e-97,1.61
5.5648108564223594e-195,5.22
2.80900052528101e-97,2.76
2.035691564813879e-65,3.2899999999999996
1.4906108045483799e-227,0.99
