predicted_SD,SD
6.277018081415408e-195,3.57
4.3776631562820936e-98,4.13
1.5388219832805926e-162,9.2
7.982391665408088e-32,18.07
2.3093543436966744e-32,11.789999999999997
7.0819129085778606e-65,11.82
8.221613467751827e-65,20.51
7.03777743212312e-33,2.28
6.101191081840577e-33,1.25
8.482796372559046e-33,2.5
4.937334878636895e-131,0.86
