predicted_SD,SD
9.30397060256484e-65,8.75
2.867171218047717e-66,35.18
5.640925789701727e-32,26.91
1.4530468234383479e-32,3.9999999999999996
1.8228041018738363e-64,6.9399999999999995
4.882630441414634e-97,7.17
9.732620411927164e-97,10.71
3.709493516639038e-97,12.29
2.143444761646624e-32,6.299999999999999
4.0487289942214006e-32,2.57
7.101725446563522e-162,0.03
