predicted_SD,SD
2.1504310241385728e-98,0.83
4.974542063312788e-65,19.28
4.5518096623731676e-32,15.08
7.22509470217963e-34,0.3
2.0364063216143332e-32,11.17
1.9353405721822086e-66,0.27
1.791982011279823e-65,2.22
4.3200623252783825e-98,0.33000000000000007
1.6127838101518407e-65,2.91
1.68585543050858e-32,8.01
4.423029162112219e-131,0.96
