predicted_SD,SD
2.904061540515209e-162,41.41
1.5388219832805923e-162,1.19
1.836071407993096e-130,3.2899999999999996
4.350737400346129e-195,8.63
5.112198822255286e-130,5.43
9.293504297600905e-130,12.92
6.804714426794283e-261,27.510000000000005
0.0,2.28
1.3217656914684187e-130,15.13
6.428821456558458e-131,2.28
0.0,0.3
