predicted_SD,SD
9.062530744583985e-98,1.15
1.2140734560762308e-195,5.04
4.8354615284587385e-32,16.91
7.201011053172365e-32,21.08
4.8971284404255e-64,9.28
1.4530468234383479e-32,5.94
1.593622991102692e-98,1.12
1.0703844003229084e-33,3.6
1.4916458261893244e-64,11.47
6.101191081840577e-33,2.63
1.1476499843152214e-195,0.2
