fold,r,r2,rmse,mae
0.0,-0.06222895678968886,-0.7854620729402049,16.498265198058085,10.942727272727272
1.0,0.5449189497641257,-1.0942765904838643,8.889090351252332,6.425454545454546
2.0,0.1690182455325476,-1.1664338679729904,14.972579482628781,10.986363636363636
3.0,0.4761858268777273,-1.3941726116618,10.242930156054868,7.816363636363636
4.0,0.5877612987957215,-0.742377734561162,8.54577301147394,5.578181818181818
5.0,0.853484137997979,-1.1841814660713141,9.682095941384892,7.129090909090908
6.0,-9.202895107483914e-17,-0.6996238691019243,9.150597595984447,5.876363636363636
