fold,r,r2,rmse,mae
0.0,0.8977752975414885,0.8045460948286738,0.6896624901951831,0.49075454596844365
1.0,0.8994137629255424,0.8085320677677731,0.68885448323116,0.4961018055714419
2.0,0.892778670807639,0.7921417061778742,0.6848454631512774,0.4949011790001482
3.0,0.8915217821181909,0.7932458493781948,0.7085581541124415,0.489685188067126
4.0,0.9021857214975294,0.8084503355741495,0.7071404963805128,0.5054062960512095
