Dataset,num_of_folds,Features,Targets,Model,r_mean,r_std,r2_mean,r2_std,rmse_mean,rmse_std,mae_mean,mae_std,num_of_data,feature_length
,5,3mer_circular_graph_fp,value,NN,0.8967350469780782,0.004019913829430296,0.8013832107453329,0.007248121170176065,0.6958122174141149,0.009972840272938053,0.4953698029316739,0.005569597353259832,3380,512
