fold,r,r2,rmse,mae
0.0,0.5356431987043179,0.15563055943212578,0.7309534039051891,0.6214158752271396
1.0,0.2366040744458785,-0.18086293799276798,0.8892461267941425,0.7022934437582818
2.0,0.5451936470144091,0.20066910338776867,1.2971038544404765,0.8677918806675609
3.0,0.2996973017536419,0.04409686054921613,0.9753698511014681,0.7330603933129071
4.0,0.3716069241648149,0.12920138836606343,1.126512650064442,0.7238471109070156
5.0,0.2601622362504504,0.04196737925700178,1.15091726129247,0.7728806676505858
