fold,r,r2,rmse,mae
0.0,0.6952594127902691,0.48338565107346987,0.6589667708748814,0.4044241240498989
1.0,0.5472609398052467,0.29949453623652184,0.743907296512697,0.4214201181392022
2.0,0.8014505643642421,0.6423230071197622,0.9817324249163126,0.5278795243558642
3.0,0.7138456956943277,0.5095756772613186,0.6987094420748651,0.3486669917704562
4.0,0.5654845315683695,0.3197727554430983,0.9973930828951133,0.4550621846397855
5.0,0.6961390181806782,0.48460953263355866,0.850319391663497,0.4882715065135312
