predicted_SD,SD
7.229632698612202,41.41
6.167580555736278,1.19
9.422738819348442,3.2899999999999996
9.244503523150257,8.63
8.405782146737513,5.43
10.593833037055767,12.92
7.249777811055141,27.510000000000005
3.125148372697802,2.28
7.233974196417539,15.13
4.301520873785038,2.28
12.81041052503569,0.3
