predicted_SD,SD
2.5536093398446864,1.15
11.996955108370233,5.04
13.296073584869193,16.91
13.111590516527642,21.08
9.364192867156962,9.28
5.014096999696885,5.94
4.029256915397768,1.12
10.082326054679351,3.6
9.039389259280691,11.47
5.778417136280825,2.63
1.4858348550732956,0.2
