predicted_SD,SD
2.1833336481951693,1.25
9.105399893063444,17.61
7.770898175462423,0.27
14.72330490769685,19.32
13.296831193173343,12.98
7.159175999735763,7.61
-0.13936141896803167,0.0
1.1459910796383763,3.17
10.541632613961841,0.4
-2.6493476706452643,0.56
-5.683954475462889,1.74
