predicted_SD,SD
5.533034014977645,0.83
9.455644619023104,19.28
11.016707466259282,15.08
3.992314630408193,0.3
9.646194008332705,11.17
1.4639268517912432,0.27
6.8626928097331,2.22
-1.8913773797374085,0.33000000000000007
-3.9782661152478704,2.91
7.595511623520349,8.01
4.17810515827844,0.96
