predicted_SD,SD
10.221904987889966,8.75
12.74429827385198,35.18
11.8888919168737,26.91
6.500763050692342,3.9999999999999996
9.378758386431405,6.9399999999999995
7.947291659858826,7.17
8.943673958363824,10.71
11.748862041436723,12.29
8.76064252062315,6.299999999999999
12.399005021149268,2.57
8.085925467361314,0.03
