predicted_SD,SD
9.66803673655347,3.57
8.606124300584975,4.13
7.893677267134155,9.2
14.804421776398838,18.07
7.962651162794706,11.789999999999997
4.74421838848123,11.82
9.623447959853388,20.51
5.541188472727514,2.28
5.065981527835025,1.25
3.9843642033182785,2.5
6.7101438192139975,0.86
