predicted_SD,SD
-1.7233677549131625,0.17000000000000004
7.3158428859724705,2.25
14.832697831483637,15.65
6.559926544285368,6.15
13.635193953671262,17.01
11.301598174386177,15.580000000000002
8.48384233795441,1.61
13.463732336789482,5.22
3.9324231269589385,2.76
3.1326430516488344,3.2899999999999996
4.6986345143325385,0.99
