fold,r,r2,rmse,mae
0.0,0.6956660699558017,0.4354541677500151,1.1720982909709765,0.7825051038205525
1.0,0.7079051841266534,0.44952537638310053,1.1680141854262196,0.8225246364940988
2.0,0.7271343522227206,0.46091877291531413,1.1028996734592658,0.7701523506797631
3.0,0.7598235702073461,0.540315571073472,1.056521351742726,0.7402978157421694
4.0,0.7221037396294361,0.4959238408133787,1.1471311949031902,0.8060948992358571
