fold,r,r2,rmse,mae
0.0,0.8650429931563989,0.746838312178526,0.4002417819782674,0.25076222012233423
1.0,0.8105977688139276,0.6403831328513447,0.49072960235772767,0.27720335489734516
2.0,0.8156147972016534,0.6531325711350175,0.8544628953436428,0.44920398032704917
3.0,0.7960964907863414,0.5274147561363536,0.6858078593984391,0.34087278309051633
4.0,0.627816199380542,0.3817105081374731,0.9492336725593329,0.3921092071795144
5.0,0.9231561747727676,0.7452302079854589,0.5935098299534783,0.30223654762857183
