fold,r,r2,rmse,mae
0.0,0.65602979542152,-0.2606568590049645,0.8931448076772927,0.2969949876020229
1.0,0.7837421688879858,0.49236035929498145,0.5830422060055392,0.21569950342765692
2.0,0.8526948772580312,0.7163287573804162,0.7727145739139955,0.3523414343185963
3.0,0.9208069294706281,0.8422773758742162,0.39619535211977136,0.19647005871895534
4.0,0.8889760422924524,0.7769721891902762,0.5701074466261528,0.1960247654109998
5.0,0.8392339858542339,0.6612084712721055,0.6844161064733111,0.27838972432999465
