fold,r,r2,rmse,mae
0.0,0.7077898317232431,0.24225293761487598,0.10348521833158586,0.049588856964836586
1.0,0.6458338858049638,0.24702055996915062,0.09954074336169916,0.04870468388597337
2.0,0.8622924998263308,0.7307924957444574,0.06947720514077514,0.035432221249822926
3.0,0.7140090499707877,0.450590731145333,0.11212685867530013,0.05386757560260594
4.0,0.87412252190396,0.7640580866814285,0.07011060020165671,0.03637433190813053
