Dataset,num_of_folds,Features,Targets,Model,r_mean,r_std,r2_mean,r2_std,rmse_mean,rmse_std,mae_mean,mae_std,num_of_data,feature_length
CO2_Soleimani,7,"Augmented_SMILES,T_K,P_Mpa",exp_CO2_sol_g_g,NN,0.7895938430698944,0.059876039349428846,0.6270435771020593,0.09290748471375061,0.08474510660610521,0.007378638328751673,0.04024499452240209,0.0035545286384942323,2238,107
