fold,r,r2,rmse,mae
0.0,0.8365198098780432,0.6997653923183975,0.06774829607596171,0.036828606849795484
1.0,0.775109496284556,0.6007947312304982,0.0757384258696947,0.04318925759843331
2.0,0.7840515962932503,0.614736905649994,0.07381764681585794,0.04148919888413637
3.0,0.736024041763537,0.5417313900539328,0.09291617560063367,0.05298670279545068
4.0,0.8724729627732796,0.7612090707703845,0.0791436932207582,0.04129476649200493
5.0,0.8281118830722661,0.6857692908854945,0.09278016163358276,0.05016573370662071
6.0,0.9051280366430868,0.8192567627173691,0.06275981389683138,0.03512226809977031
