Dataset,num_of_folds,Features,Targets,Model,r_mean,r_std,r2_mean,r2_std,rmse_mean,rmse_std,mae_mean,mae_std,num_of_data,feature_length
CO2_Soleimani,7,"Polymer_BigSMILES,T_K,P_Mpa",exp_CO2_sol_g_g,NN,0.8196311181011456,0.0543761440706339,0.6747519348037244,0.08933842066787115,0.07784345901618862,0.010704134532298498,0.04301093348945883,0.006052768534951079,515,124
