fold,r,r2,rmse,mae
0.0,0.8999268851195176,0.8005478009210745,0.053092796713213944,0.043512044236895385
1.0,0.8979482930595928,0.8005109457640619,0.051235249671873,0.0413479582414242
2.0,0.941364183332741,0.8845838189749233,0.04549169364803141,0.03389563697730437
3.0,0.9425560084604332,0.8851175473325273,0.051272974442111124,0.038961494992031026
4.0,0.9557286114539951,0.883172705015499,0.049334791987393205,0.042047916121848175
