Dataset,num_of_folds,Features,Targets,Model,r_mean,r_std,r2_mean,r2_std,rmse_mean,rmse_std,mae_mean,mae_std,num_of_data,feature_length
CO2_Soleimani,5,"polymer_automated_frag_aug_SMILES,T_K,P_Mpa",exp_CO2_sol_g_g,SVM,0.9275047962852561,0.023871880559132096,0.8507865636016172,0.041039746819395075,0.05008550129252454,0.002586212392651354,0.039953010113900636,0.003366782051220761,4116,97
