fold,r,r2,rmse,mae
0.0,0.9064978156474041,0.6812210583544662,0.4491260562826507,0.22398902136116602
1.0,0.9138386701200747,0.832686576652667,0.33472459807752386,0.18323338821292343
2.0,0.9494094021175276,0.8322128517360647,0.594279564194529,0.3005954559850772
3.0,0.8612392904665893,0.7300003759584712,0.5183748981747939,0.232264228251484
4.0,0.8162271720743073,0.6537819153118534,0.7103167955028409,0.2594274666675836
5.0,0.9322973759347682,0.8604937389100085,0.4391883433136283,0.23953030663409688
