predicted_SD,SD
8.086678344027024e-07,8.75
5.1005708757758917e-26,35.18
6.1207588994125375e-27,26.91
3.968105205382841e-14,3.9999999999999996
9.59127270739295e-116,6.9399999999999995
2.8634355844902646e-110,7.17
1.632712580332321e-06,10.71
3.9600909333266374e-33,12.29
7.387545563633212e-114,6.299999999999999
2.7436228729935437e-24,2.57
1.6213157383235594e-16,0.03
