predicted_SD,SD
2.0581404659103397e-07,3.57
7.417582678755157e-14,4.13
2.123961479233794e-13,9.2
6.06167736646305e-35,18.07
3.0533196842821616e-37,11.789999999999997
2.0345369398860735e-37,11.82
3.4499480989876384e-07,20.51
7.951370530431291e-60,2.28
5.0841895691102427e-110,1.25
2.1441498873152805e-113,2.5
9.557537159192412e-30,0.86
