predicted_SD,SD
4.415933566704177e-08,0.83
2.77586376866902e-108,19.28
5.0842180303471535e-110,15.08
2.402682185009627e-23,0.3
2.3515962163081637e-59,11.17
1.801461952508464e-17,0.27
4.534217501526609e-08,2.22
8.161037345541456e-26,0.33000000000000007
9.071450508198055e-27,2.91
1.7584966681931614e-139,8.01
7.951863012331965e-60,0.96
