predicted_SD,SD
0.030000088712951116,1.25
0.030000000000110598,17.61
0.030000000000026776,0.27
0.03,19.32
0.03,12.98
0.03,7.61
0.030000005519916956,0.0
0.03,3.17
0.03,0.4
0.03,0.56
0.03,1.74
