predicted_SD,SD
9.387380733678143e-25,0.17000000000000004
3.2564997321480683e-15,2.25
1.2231545985789353e-34,15.65
4.981238449310375e-14,6.15
1.6638886155668122e-117,17.01
7.603348518864639e-116,15.580000000000002
4.691929414623188e-08,1.61
1.4075788243869567e-07,5.22
1.926606432809522e-37,2.76
1.885635471308347e-37,3.2899999999999996
5.027365520291671e-125,0.99
