predicted_SD,SD
4.2227364731608694e-07,41.41
6.347904502137256e-08,1.19
4.824444018702542e-14,3.2899999999999996
6.078799463565203e-14,8.63
2.5530662028759606e-113,5.43
3.728578616242945e-35,12.92
4.09218096586143e-34,27.510000000000005
4.9284972842680546e-08,2.28
9.989556362123024e-22,15.13
1.1275634734786067e-115,2.28
3.9605673190235015e-33,0.3
