predicted_SD,SD
8.753011176860064e-08,1.15
1.0408737970350735e-13,5.04
5.359870964038093e-34,16.91
6.800886562319059e-27,21.08
6.1217131967073696e-27,9.28
3.0474552298393595e-113,5.94
3.2725221967539886e-08,1.12
7.482272239508223e-27,3.6
4.346768161908227e-33,11.47
9.795163517929685e-60,2.63
2.717444937836365e-106,0.2
