fold,r,r2,rmse,mae
0.0,0.7244079961842872,-0.7854620518610751,16.49826510066899,10.942727224087475
1.0,-0.14158493828508287,-1.0942765865790474,8.889090342965396,6.425454528392979
2.0,-0.04018612581174513,-1.1664338248154538,14.972579333494377,10.986363414419957
3.0,0.43646731563576674,-1.3941725792555446,10.242930086733422,7.816363586290078
4.0,-0.294427247838437,-0.7423777339655204,8.54577301001323,5.578181810045317
5.0,-0.38474552137615897,-1.1841814654896172,9.68209594009561,7.129090898158595
6.0,-0.2270559065524214,-0.6996238687031007,9.150597594910835,5.876363628800621
