predicted_SD,SD
12.504847530126572,41.40999855995178
6.1600808614492415,1.190000025331974
0.6586520030722022,3.2900000700354575
3.510316518098116,8.629999809265136
0.6586520030722022,5.4299998909235
7.72163379251957,12.919999526143075
7.72163379251957,27.509999012947084
3.510316518098116,2.2800000859797
7.72163379251957,15.130000396966935
0.4170908997580409,2.2800000859797
13.757417222261429,0.29999999234452845
