predicted_SD,SD
12.592651700377463,8.75000028192997
9.827907685041426,35.179999147653575
9.827907685041426,26.91000016748905
2.7208018376678225,4.000000049546361
0.17499754358083008,6.939999692589044
0.17499754358083008,7.169999699294567
9.827907685041426,10.709999426901339
12.592651700377463,12.290000009536742
9.657878839373588,6.299999808073044
15.805936979055403,2.57000002797693
15.805936979055403,0.02999999940744601
