predicted_SD,SD
2.7267780355364084,1.1500000335276126
2.8250598027557134,5.040000093281269
10.38201013803482,16.91000019788742
15.73114225566387,21.080000399947163
15.73114225566387,9.279999868124722
2.7267780355364084,5.940000065863132
3.7099443449825045,1.1200000292994081
15.73114225566387,3.5999998903274535
9.631840264499187,11.470000253915785
3.828461573719978,2.630000036433339
3.7099443449825045,0.20000000247731803
