predicted_SD,SD
1.0270897440053521,0.16999999824911355
1.0270897440053521,2.249999931454658
13.593266533017157,15.650000483095644
4.945167366638779,6.150000018328428
14.733323925733565,17.010000469088553
14.733323925733565,15.580000293254852
8.241311996281146,1.6100000469386577
14.733323925733565,5.219999964386225
6.296133945435285,2.7600000804662703
6.296133945435285,3.2899999751895663
14.733323925733565,0.9899999852664768
