predicted_SD,SD
2.7189747316390274,0.8300000141374766
9.800760875642299,19.280000454783437
9.800760875642299,15.080000171363352
2.6701877302676436,0.30000000371597707
4.865845603942871,11.169999440312385
2.6701877302676436,0.26999999948777254
4.642889612391591,2.2200000043585897
2.6701877302676436,0.33000000794418155
2.6701877302676436,2.9099998702108856
9.800760875642299,8.010000126212836
4.865845603942871,0.9599999810382723
