predicted_SD,SD
6.449905214607715,1.2499999809265137
3.011016394644975,17.610000190138816
0.17129908336326477,0.270000008251518
10.18162183910608,19.320000446438787
10.18162183910608,12.979999878406522
3.011016394644975,7.610000295937061
0.17129908336326477,-1.03143974958253e-09
5.776065119206905,3.1700000469386573
13.163744740486143,0.3999999822117388
6.449905214607715,0.5600000005587935
5.776065119206905,1.7399999479949473
