predicted_SD,SD
8.753433587551116,3.5700001174956557
5.341467034518718,4.130000093579292
5.163055468350649,9.2000002682209
8.365113393366336,18.06999964147806
2.061522930115461,11.789999887645244
2.061522930115461,11.819999969005584
7.2518584921956055,20.510000088214873
5.163055468350649,2.2800000128149986
5.341467034518718,1.2499999962002037
3.4815233873575924,2.4999999924004075
14.873541509509085,0.8600000183656811
