fold,r,r2,rmse,mae
0.0,0.5020755029821132,0.06038438572485272,11.968454209050618,8.667577410789038
1.0,0.6227219508318947,0.13568952713647076,5.71051401465205,4.081377012020146
2.0,0.013266842187018263,-0.3018490125599549,11.606578473065346,8.624594024985031
3.0,-0.16236127783301144,-0.5078777347148733,8.128858112191095,6.804674039215526
4.0,0.8473662496282667,0.5612621162713665,4.2882763988348955,3.492861702608961
5.0,0.6403026628627558,0.3612362496155602,5.2359460296963665,4.236416678614915
6.0,0.23056028401961928,-0.058054243901524805,7.2198308001290235,5.627309982016979
