fold,r,r2,rmse,mae
1.0,0.049701838840589645,0.0024702727841359453,13.465663339470842,8.153008981618013
2.0,0.8410394942930742,0.70734743096075,3.7586502660748273,3.271440817984668
3.0,0.05071940550329626,0.002572458094607799,10.787426978261147,7.803943479711359
4.0,0.3301354499662818,0.10898941532443936,6.5861233358127755,5.401016581600363
5.0,0.5758496661535013,0.3316028380090989,5.375799361179731,4.481610875996676
6.0,0.6913867694747624,0.47801566500474824,5.389813152256128,3.6928940473903307
7.0,0.435606658215282,0.1897531606814855,7.99152931542551,4.928217438784514
