fold,r,r2,rmse,mae
0.0,0.8915701954825884,0.7914209357239209,0.45138507185325294,0.2418292185258308
1.0,0.893723792386291,0.7964432246274759,0.4474179859680031,0.2651564589294778
2.0,0.7642159693747168,0.5834284395528211,0.6947978592441458,0.25663217574827957
3.0,0.9397605012936222,0.870589115647416,0.4378624183647326,0.2630604499647861
4.0,0.8964210669954774,0.801935775548889,0.5489438051295532,0.3099330177237093
