predicted_SD,SD
1.6085337,1.15
12.655076,5.04
17.943052,16.91
20.194084,21.08
18.52587,9.28
6.891386,5.94
2.7371469,1.12
17.974468,3.6
9.16055,11.47
2.8045619,2.63
-0.46773142,0.2
