predicted_SD,SD
5.470834,41.41
2.2623577,1.19
11.576117,3.2899999999999996
8.696733,8.63
8.461557,5.43
8.879621,12.92
7.63679,27.510000000000005
3.7190855,2.28
5.293011,15.13
1.6459535,2.28
7.6278806,0.3
