predicted_SD,SD
7.5961795,3.57
9.148677,4.13
8.397298,9.2
15.997632,18.07
9.059876,11.789999999999997
6.9283414,11.82
9.166576,20.51
3.2267249,2.28
1.5734862,1.25
1.3167323,2.5
10.212871,0.86
