predicted_SD,SD
-1.8025116,0.17000000000000004
3.6845453,2.25
18.851366,15.65
5.572736,6.15
12.084702,17.01
9.642343,15.580000000000002
4.3281374,1.61
11.129873,5.22
2.7064223,2.76
3.0173018,3.2899999999999996
4.721033,0.99
