predicted_SD,SD
3.384001,1.25
6.4755263,17.61
2.7498984,0.27
16.929047,19.32
15.737245,12.98
8.216266,7.61
-0.6256113,0.0
0.18158373,3.17
15.345896,0.4
-2.0228562,0.56
-3.4697342,1.74
