predicted_SD,SD
1.802581,0.83
9.988957,19.28
10.46663,15.08
5.105541,0.3
10.749617,11.17
3.4147954,0.27
3.0757146,2.22
-1.3651804,0.33000000000000007
-2.9645464,2.91
6.4937544,8.01
0.08759424,0.96
