predicted_SD,SD
11.74105,8.75
13.248576,35.18
14.20906,26.91
9.04247,3.9999999999999996
6.9967566,6.9399999999999995
5.2218833,7.17
12.229323,10.71
10.898693,12.29
8.221507,6.299999999999999
17.585737,2.57
12.803779,0.03
