fold,r,r2,rmse,mae
0.0,0.06999324898577292,-0.15378581723071072,13.262505094593228,8.322502028291877
1.0,0.8287443138620929,0.6810841445375417,3.4687927843891386,2.7939966041391546
2.0,0.2470059808396726,0.05377245995742219,9.895134484591505,7.026582761244341
3.0,0.6226042473300313,0.38538933655142127,5.189751076906978,3.8810437852686097
4.0,0.8099471851806302,0.6033263187715137,4.077527418599913,3.096527849652551
5.0,0.7545369306260966,0.2343019586543248,5.732628403111713,3.5757446846094996
6.0,0.6221809890131554,0.23442974150503126,6.141374384155887,4.3504864125902
