fold,r,r2,rmse,mae
1.0,0.3482248642402524,0.12126055607514222,12.167633830431603,7.3255636127508845
2.0,0.846583408775702,0.7167034680142874,3.6911102333709844,3.2479174259013335
3.0,0.1439452664075198,0.02072023972113185,10.23521063340532,6.778071366461126
4.0,0.4972874637702004,0.24729482162299837,5.776169670358707,4.6028102821756285
5.0,0.6222449504177398,0.3871887783203754,5.268168238802563,3.996112170700869
6.0,0.7925158208879944,0.6280813263577717,4.810199943323282,3.207417775054412
7.0,0.23216389731097287,0.05390007521461995,7.449802013643654,5.066710906121585
