fold,r,r2,rmse,mae
0.0,0.8829114850144362,0.7690446221999985,0.474980600060516,0.23464060080906726
1.0,0.7685961749433183,0.5742870052761038,0.6470369783420165,0.3134168058032363
2.0,0.6985331452225162,0.4527917166338623,0.7963243590148935,0.3166658810160655
3.0,0.8895068695228204,0.7474297429555503,0.611706890376674,0.36818179073904284
4.0,0.8084174333057266,0.6422246597257291,0.7377854168883604,0.3808134220242977
