fold,r,r2,rmse,mae
0.0,0.9903025649310334,0.9683934094973984,0.0218006797880894,0.013627631471187708
1.0,0.9580144282380254,0.8741084577972873,0.04004492268084205,0.02141051338767363
2.0,0.9837202201716447,0.9317126645518438,0.03005388883186653,0.018510599890570287
3.0,0.9930936915716309,0.9801688030212033,0.01920601172620863,0.015067416752390476
4.0,0.9842892632951903,0.9546165234568321,0.03144664294209848,0.018929495731266597
5.0,0.9869622943510381,0.9705272347605984,0.026153832283492225,0.01540336045525739
6.0,0.9584446256559709,0.9146121279378964,0.040484591312015955,0.022141858886044523
