fold,r,r2,rmse,mae
0.0,0.9902379897634526,0.9550750097364195,0.025991132721877693,0.015694914548602383
1.0,0.9644395872236655,0.9180797531485978,0.03230314513926035,0.016435620939991177
2.0,0.982410644143127,0.9594946320742094,0.023146582744100162,0.015037656975051742
3.0,0.9944394162028061,0.9851642088958056,0.016611853038122543,0.011398702766770356
4.0,0.9767958479231782,0.9358552691412819,0.03738573321030706,0.021162501765057854
5.0,0.9863278696633818,0.9647420320666107,0.028605762674691892,0.016940754058004097
6.0,0.9918464810200383,0.9825266792663351,0.01831383885549839,0.012071312652909743
