Dataset,num_of_folds,Features,Targets,Model,r_mean,r_std,r2_mean,r2_std,rmse_mean,rmse_std,mae_mean,mae_std,num_of_data,feature_length
CO2_Soleimani,7,"3mer_circular_graph_fp,T_K,P_Mpa",exp_CO2_sol_g_g,NN,0.9792610126020762,0.01364067329556701,0.9420198887175799,0.035033928283145416,0.029884367080659037,0.007665891529027131,0.017870125224912943,0.003029695575063186,515,514
