Dataset,num_of_folds,Features,Targets,Model,r_mean,r_std,r2_mean,r2_std,rmse_mean,rmse_std,mae_mean,mae_std,num_of_data,feature_length
CO2_Soleimani,7,"3mer_circular_graph_fp,T_K,P_Mpa",exp_CO2_sol_g_g,NN,0.9837854051342355,0.009648045094239244,0.9572767977613229,0.022284045520669496,0.026051149769122584,0.006881576746122966,0.015534494815198191,0.0030198165617356105,515,514
