predicted_SD,SD
7.455317639559507,3.5700001174956557
7.401682420670985,4.130000093579292
8.86502095669508,9.2000002682209
9.036396837979554,18.06999964147806
9.036274660676717,11.789999887645244
8.932978687584399,11.819999969005584
2.9351946195214986,20.510000088214873
4.625252578258514,2.2800000128149986
4.628149044215679,1.2499999962002037
2.214802069738507,2.4999999924004075
1.9788982151076195,0.8600000183656811
