predicted_SD,SD
5.120670664906502,41.40999855995178
5.521983701884746,1.190000025331974
6.934843442440033,3.2900000700354575
10.035264084935188,8.629999809265136
10.084428849220275,5.4299998909235
8.900913984775544,12.919999526143075
3.1463378462195397,27.509999012947084
3.1667904007434844,2.2800000859797
3.380320521891117,15.130000396966935
3.0781367154419423,2.2800000859797
3.0555922496318817,0.29999999234452845
