predicted_SD,SD
9.805807168483733,1.1500000335276126
10.29219007462263,5.040000093281269
10.39544964134693,16.91000019788742
10.62598216831684,21.080000399947163
10.45279892683029,9.279999868124722
10.541888394653796,5.940000065863132
6.591240879297256,1.1200000292994081
6.046370217353105,3.5999998903274535
3.4616171257942914,11.470000253915785
2.602803862467408,2.630000036433339
1.8033629062771797,0.20000000247731803
