predicted_SD,SD
9.432004684805868,1.2499999809265137
9.628462196290492,17.610000190138816
11.513828200697898,0.270000008251518
11.61226136267185,19.320000446438787
11.591368147730826,12.979999878406522
11.546861234307288,7.610000295937061
8.499431929290292,-1.03143974958253e-09
7.539990390837192,3.1700000469386573
5.943553673923015,0.3999999822117388
1.866477151662111,0.5600000005587935
5.96787647396326,1.7399999479949473
