predicted_SD,SD
8.150438616424799,8.75000028192997
8.099430826604365,35.179999147653575
12.26923850685358,26.91000016748905
12.27039857417345,4.000000049546361
12.319882850050925,6.939999692589044
12.2790114569664,7.169999699294567
6.610014224052429,10.709999426901339
7.200842063575982,12.290000009536742
7.168331176936626,6.299999808073044
5.419528458118438,2.57000002797693
4.5936555531620975,0.02999999940744601
