predicted_SD,SD
10.268373522311448,0.8300000141374766
10.28913996145129,19.280000454783437
11.52393597960472,15.080000171363352
11.68453619301319,0.30000000371597707
11.684249878525733,11.169999440312385
11.604607554674148,0.26999999948777254
6.875248190313577,2.2200000043585897
7.967558939903974,0.33000000794418155
4.9005643208324905,2.9099998702108856
4.741288928985595,8.010000126212836
3.6804126099497076,0.9599999810382723
