predicted_SD,SD
10.278805489391088,0.16999999824911355
10.508118094503878,2.249999931454658
11.214216516911982,15.650000483095644
11.212529482841491,6.150000018328428
11.295735928416251,17.010000469088553
11.183384642601013,15.580000293254852
8.543887789100408,1.6100000469386577
8.475277211815119,5.219999964386225
8.397061523944139,2.7600000804662703
5.312097585499286,3.2899999751895663
3.850299532487988,0.9899999852664768
