fold,r,r2,rmse,mae
0.0,-0.08733353586948209,-0.26982019523699874,13.913425434392718,8.627163087513976
1.0,0.5766777376124261,0.10753331584880466,5.802782871474291,5.334976442437618
2.0,0.2162787421538428,-0.004977731856853129,10.197697437904948,7.140985780774551
3.0,0.3670690551242002,0.06532200537648969,6.399963363749638,4.260784697647799
4.0,0.28334953182232353,-0.17764729052160289,7.025671189686316,5.953744342785158
5.0,0.4513509219329199,0.19634722851090325,5.872989895947991,4.927982424988665
6.0,0.5372426369834193,0.12246041916812411,6.575161282499928,5.853448389635463
