fold,r,r2,rmse,mae
0.0,0.8566525080407476,0.6908117197866286,0.06818560886877899,0.044574595906759065
1.0,0.7565702312769985,0.5657806941592004,0.07437102154856097,0.053101315692641364
2.0,0.7932974520401606,0.6160563999929911,0.07126303402098386,0.04650902185738591
3.0,0.7871730298992685,0.6121439529327346,0.08493721346585563,0.058523731479349674
4.0,0.8031820693489895,0.6350412474773202,0.08917585882233622,0.058362465577021454
5.0,0.8442611506994031,0.7040061133731526,0.08288315276230625,0.06234777466604767
6.0,0.8153067338397729,0.6634733407509614,0.08037137553606528,0.0546416768001737
