fold,r,r2,rmse,mae
1.0,0.906313086341716,0.8214034104742468,0.42710740994479673,0.2385816545308393
2.0,0.9040326491849556,0.8172750307923691,0.3559437261103901,0.19741398470246496
3.0,0.9629338987227166,0.927241693309331,0.4522544146122056,0.23497314994782376
4.0,0.8758878623454516,0.7671795474040847,0.48778929089526485,0.2550804256123761
5.0,0.8096484879098488,0.6555306739747045,0.7086367874362296,0.3055510091331244
6.0,0.9357136181283283,0.8755599751508071,0.41853121011746375,0.23151128840114546
