predicted_SD,SD
10.162543296217919,41.40999855995178
6.328691899180412,1.190000025331974
2.2084806245565414,3.2900000700354575
4.044753064811229,8.629999809265136
2.2084806245565414,5.4299998909235
7.381417356133461,12.919999526143075
7.381417356133461,27.509999012947084
4.044753064811229,2.2800000859797
7.381417356133461,15.130000396966935
2.565314401090145,2.2800000859797
13.57829761326313,0.29999999234452845
