predicted_SD,SD
4.019267657026648,0.8300000141374766
7.887593895196914,19.280000454783437
7.887593895196914,15.080000171363352
0.8469621420837938,0.30000000371597707
5.864917793869972,11.169999440312385
0.8469621420837938,0.26999999948777254
3.8052892290055746,2.2200000043585897
0.8469621420837938,0.33000000794418155
0.8469621420837938,2.9099998702108856
7.887593895196914,8.010000126212836
5.864917793869972,0.9599999810382723
