predicted_SD,SD
10.516381722986697,3.5700001174956557
3.713712095543742,4.130000093579292
5.502577554136514,9.2000002682209
12.51005614131689,18.06999964147806
3.1053329928219315,11.789999887645244
3.1053329928219315,11.819999969005584
11.730910501182079,20.510000088214873
5.502577554136514,2.2800000128149986
3.713712095543742,1.2499999962002037
3.513786217048764,2.4999999924004075
18.608238790929317,0.8600000183656811
