predicted_SD,SD
0.6197348813898861,0.16999999824911355
0.6197348813898861,2.249999931454658
12.577500480711459,15.650000483095644
3.421686744764447,6.150000018328428
10.691620998680591,17.010000469088553
10.691620998680591,15.580000293254852
6.935366827994584,1.6100000469386577
10.691620998680591,5.219999964386225
6.5227796298265455,2.7600000804662703
6.5227796298265455,3.2899999751895663
10.691620998680591,0.9899999852664768
