predicted_SD,SD
12.379485628008842,8.75000028192997
10.679572342038155,35.179999147653575
10.679572342038155,26.91000016748905
2.7595428411662577,4.000000049546361
2.260808766148984,6.939999692589044
2.260808766148984,7.169999699294567
10.679572342038155,10.709999426901339
12.379485628008842,12.290000009536742
8.99364774018526,6.299999808073044
17.830458081066606,2.57000002797693
17.830458081066606,0.02999999940744601
