predicted_SD,SD
2.991310099363327,1.1500000335276126
5.212355861216783,5.040000093281269
11.883776521086691,16.91000019788742
17.44354601114988,21.080000399947163
17.44354601114988,9.279999868124722
2.991310099363327,5.940000065863132
4.541327261179685,1.1200000292994081
17.44354601114988,3.5999998903274535
11.238505117893219,11.470000253915785
6.469977438002824,2.630000036433339
4.541327261179685,0.20000000247731803
