predicted_SD,SD
5.396642140746116,1.2499999809265137
4.175395990908146,17.610000190138816
0.613814334385097,0.270000008251518
11.385859417319296,19.320000446438787
11.385859417319296,12.979999878406522
4.175395990908146,7.610000295937061
0.613814334385097,-1.03143974958253e-09
2.6115332414209838,3.1700000469386573
15.730186759233472,0.3999999822117388
5.396642140746116,0.5600000005587935
2.6115332414209838,1.7399999479949473
