fold,r,r2,rmse,mae
0.0,0.3778556821932521,-0.020169457271598024,12.470937666829816,8.54714039785449
1.0,0.6261524847721193,0.37210600296521046,4.867248046967246,4.23470363699069
2.0,-0.018042329647149608,-0.3014693449887973,11.604885894760267,8.278514165027934
3.0,0.13458515336521426,-0.3565875366321585,7.710284268256129,6.113343083062632
4.0,0.7809015443929643,0.45435030143685506,4.782303800149447,3.3996090488008814
5.0,0.6415983342266514,0.249664547301386,5.6748287953736645,4.315113923444666
6.0,0.3429933039164403,0.012877671718608985,6.9736242122962935,4.8271445301807985
