predicted_SD,SD
10.28918007016182,3.5700001174956557
8.795794556438922,4.130000093579292
5.839008183926343,9.2000002682209
17.572878707945346,18.06999964147806
7.800732620507478,11.789999887645244
7.498187680542468,11.819999969005584
10.069375697672367,20.510000088214873
2.9753039471060037,2.2800000128149986
2.976725338101387,1.2499999962002037
2.904546628221869,2.4999999924004075
-1.6714660287648437,0.8600000183656811
