predicted_SD,SD
7.714165713787079,41.40999855995178
0.8134964900463819,1.190000025331974
5.073224827349186,3.2900000700354575
12.962877810001373,8.629999809265136
6.559247205853462,5.4299998909235
17.759661580324174,12.919999526143075
8.484579866230488,27.509999012947084
2.4743384085595608,2.2800000859797
5.723725623786449,15.130000396966935
2.798582036793232,2.2800000859797
9.90196679532528,0.29999999234452845
