predicted_SD,SD
40.764770556688305,8.75000028192997
12.537475689947604,35.179999147653575
10.886128498911857,26.91000016748905
6.050873499959707,4.000000049546361
6.278462664633989,6.939999692589044
5.419712341129779,7.169999699294567
16.317943797707557,10.709999426901339
12.872042807340621,12.290000009536742
8.009763793349265,6.299999808073044
14.871893967092037,2.57000002797693
5.890205410271882,0.02999999940744601
