predicted_SD,SD
-0.9424173250608145,1.1500000335276126
20.808863048553466,5.040000093281269
12.022054077386855,16.91000019788742
26.4381933838129,21.080000399947163
25.368909970521926,9.279999868124722
6.846470499038696,5.940000065863132
2.563394586145878,1.1200000292994081
2.292902676463127,3.5999998903274535
2.464389628022909,11.470000253915785
2.4601365620642897,2.630000036433339
0.6836390100233256,0.20000000247731803
