predicted_SD,SD
2.134626372158527,1.2499999809265137
3.9576009969413275,17.610000190138816
4.108495033681392,0.270000008251518
14.744218656420706,19.320000446438787
14.629909018874166,12.979999878406522
9.54763880074024,7.610000295937061
2.3342683662474153,-1.03143974958253e-09
2.0818380774557586,3.1700000469386573
2.122867926806211,0.3999999822117388
3.014809471368789,0.5600000005587935
2.829393596053123,1.7399999479949473
