predicted_SD,SD
0.9654269209690391,0.16999999824911355
8.486899482011795,2.249999931454658
18.87202822655439,15.650000483095644
6.393933791071176,6.150000018328428
14.70359781771898,17.010000469088553
14.51330481737852,15.580000293254852
1.9992947285249827,1.6100000469386577
13.607595832645892,5.219999964386225
2.540805051848292,2.7600000804662703
2.380034222155809,3.2899999751895663
3.5288621557503936,0.9899999852664768
