predicted_SD,SD
0.8406322933733462,0.8300000141374766
10.421020486950873,19.280000454783437
15.338735909461974,15.080000171363352
7.362091421037912,0.30000000371597707
9.050372563898563,11.169999440312385
4.255189252048731,0.26999999948777254
0.6446364514529704,2.2200000043585897
1.9888150937855242,0.33000000794418155
0.6595648363791405,2.9099998702108856
3.0204475349187847,8.010000126212836
-0.5985547826066613,0.9599999810382723
