fold,r,r2,rmse,mae
0.0,0.26719859100392246,-0.028746992726135012,12.523255446044702,7.718539045898413
1.0,0.8698179263453775,0.6765124243476459,3.4935673216260423,2.3923908744278277
2.0,0.07643219037232517,-0.7768307362632703,13.559601681033344,9.20051943104005
3.0,0.7355575668665819,0.5185150565536625,4.5934377398108195,3.5775303035127837
4.0,0.7814287975352577,0.5956691885228954,4.116694322847908,3.120725141725588
5.0,0.6578267286768804,-0.37779028033768647,7.689827339184412,5.228400439301676
6.0,0.7432146054226377,0.5458166629264292,4.730299635665184,3.202577404124789
