fold,r,r2,rmse,mae
0.0,0.9944120458074027,0.9886439397209095,0.012668641100756991,0.007578298943223051
1.0,0.988859761512373,0.9777836318913622,0.017098021252593062,0.010781166777164465
2.0,0.9911577463016978,0.9823934321625227,0.017767900276873277,0.012730293151880928
3.0,0.9929036872258433,0.9841184597870829,0.019063734117222404,0.009641121409017484
4.0,0.9934858291072656,0.9867232171628528,0.016631352431236462,0.009923559313433843
