Dataset,num_of_folds,Features,Targets,Model,r_mean,r_std,r2_mean,r2_std,rmse_mean,rmse_std,mae_mean,mae_std,num_of_data,feature_length
CO2_Soleimani,5,"2mer_fp,T_K,P_Mpa",exp_CO2_sol_g_g,BRT,0.9921638139909165,0.0019635996357983375,0.9839325361449459,0.003746936252152271,0.016645929835736442,0.0021507217414472035,0.010130887918943954,0.001672024941342019,515,514
