fold,r,r2,rmse,mae
1.0,0.9068354712526542,0.8223505719220234,0.4203202060815038,0.21688365863615544
2.0,0.8745159788270359,0.7647781972238087,0.3989529769877806,0.22151586138018164
3.0,0.9382997545189834,0.8804064293303845,0.662632043259321,0.33452267449721856
4.0,0.8467333332227759,0.7169573375905525,0.5354451325758242,0.24405708448805438
5.0,0.7643572572145682,0.5842420166565775,0.786352273705734,0.3072319607917805
6.0,0.9230664688613525,0.8520517059361662,0.4742303646301981,0.2572066751289167
