predicted_SD,SD
2.1981870795161944e-06,8.75
4.970436604232815e-16,35.18
6.011640433682957e-17,26.91
7.970152361781023e-13,3.9999999999999996
2.0501477972432356e-68,6.9399999999999995
6.622674361282786e-57,7.17
4.43817293821568e-06,10.71
4.3093908952039845e-20,12.29
7.789095975061257e-69,6.299999999999999
9.575253993469445e-18,2.57
1.4513842381224725e-18,0.03
