predicted_SD,SD
8.767504079414248e-11,0.17000000000000004
6.606759307684823e-14,2.25
3.613901544711864e-21,15.65
1.000508487968256e-12,6.15
4.32450608535401e-68,17.01
4.4678254653267175e-68,15.580000000000002
1.2753986840329577e-07,1.61
3.82619594045481e-07,5.22
1.8847021750578052e-24,2.76
1.527188719229536e-20,3.2899999999999996
1.3889198336927186e-69,0.99
