predicted_SD,SD
1.2003751970054303e-07,0.83
2.5735173101602856e-68,19.28
3.8322352197301704e-68,15.08
6.189211494981921e-15,0.3
2.183758563621336e-30,11.17
3.759238096437307e-17,0.27
1.2325281040680758e-07,2.22
2.8107213054951406e-16,0.33000000000000007
5.193199275624329e-16,2.91
1.4207311058620034e-68,8.01
3.6633493094593027e-31,0.96
