predicted_SD,SD
0.030000241148600712,1.25
0.030000000002259497,17.61
0.030000000000539005,0.27
0.03,19.32
0.03,12.98
0.03,7.61
0.030000015004887564,0.0
0.03,3.17
0.03000000000000082,0.4
0.03,0.56
0.03,1.74
