predicted_SD,SD
1.1478616379348215e-06,41.41
1.7255543598212487e-07,1.19
9.69015484715018e-13,3.2899999999999996
1.2209596193833452e-12,8.63
6.461624349867032e-56,5.43
1.406589403459925e-17,12.92
2.3051152752084387e-16,27.510000000000005
1.33970450599292e-07,2.28
1.361775273304488e-16,15.13
3.8662758241742934e-57,2.28
8.464323908997142e-20,0.3
