predicted_SD,SD
5.594605828900308e-07,3.57
1.48986130774934e-12,4.13
4.266138893009676e-12,9.2
5.118229847479922e-17,18.07
1.1713492910898266e-20,11.789999999999997
5.22595246339251e-26,11.82
9.377931226604924e-07,20.51
7.3266940660230845e-31,2.28
1.1437382375041099e-73,1.25
1.8024056125404613e-57,2.5
1.752527312828959e-15,0.86
