predicted_SD,SD
2.3793151226357637e-07,1.15
2.1316328327575905e-12,5.04
4.212715625699408e-17,16.91
7.698175161657321e-17,21.08
2.4171903001781833e-16,9.28
5.2022112846453224e-62,5.94
8.895637620665243e-08,1.12
2.730178187239698e-11,3.6
9.181556922327434e-20,11.47
5.850153583743838e-31,2.63
3.049113426005059e-57,0.2
