predicted_SD,SD
9.360282453596591,1.2499999809265137
11.173375594019888,17.610000190138816
9.196513290703296,0.270000008251518
18.840977063179015,19.320000446438787
17.44243640899658,12.979999878406522
9.706994268894194,7.610000295937061
3.1285339459776873,-1.03143974958253e-09
5.0507439424097536,3.1700000469386573
20.499809784293173,0.3999999822117388
5.545128006935119,0.5600000005587935
3.0616770763695236,1.7399999479949473
