predicted_SD,SD
14.314721038043498,3.5700001174956557
10.603929782211779,4.130000093579292
11.919433781802653,9.2000002682209
17.94219601213932,18.06999964147806
8.334925726652145,11.789999887645244
6.627159772217273,11.819999969005584
12.339311509430408,20.510000088214873
6.676921723783016,2.2800000128149986
3.8336195538938043,1.2499999962002037
2.568455071300268,2.4999999924004075
17.653178814649582,0.8600000183656811
