predicted_SD,SD
1.445088918469846,0.8300000141374766
8.3767979863286,19.280000454783437
9.694804769456386,15.080000171363352
0.6635501766949892,0.30000000371597707
4.943098374232649,11.169999440312385
0.15742121243849394,0.26999999948777254
1.9500838089361785,2.2200000043585897
-0.18424086588434874,0.33000000794418155
-0.27085570340044796,2.9099998702108856
3.2372307959198947,8.010000126212836
0.7375961013138294,0.9599999810382723
