predicted_SD,SD
0.8330208942294121,0.16999999824911355
0.9227280361950396,2.249999931454658
19.344635950326918,15.650000483095644
4.784607261940836,6.150000018328428
12.34001372039318,17.010000469088553
9.555088236033916,15.580000293254852
3.9460149592906233,1.6100000469386577
8.112203908264636,5.219999964386225
3.690167356878519,2.7600000804662703
2.8926642684638497,3.2899999751895663
4.547408358752727,0.9899999852664768
