predicted_SD,SD
5.435006100982427,3.5700001174956557
2.807536615654826,4.130000093579292
3.3347520402818915,9.2000002682209
10.209253900051117,18.06999964147806
2.077721604183316,11.789999887645244
1.759326318874955,11.819999969005584
3.8401254952698944,20.510000088214873
1.7288725462928414,2.2800000128149986
1.8625692250579593,1.2499999962002037
1.9226354128867387,2.4999999924004075
5.341612659990787,0.8600000183656811
