predicted_SD,SD
3.2853948781639333,1.1500000335276126
4.970315528139472,5.040000093281269
10.477446655035019,16.91000019788742
13.237173996269702,21.080000399947163
10.471645084321498,9.279999868124722
3.247509732842445,5.940000065863132
3.1921408920735117,1.1200000292994081
8.82988449215889,3.5999998903274535
3.74944000929594,11.470000253915785
3.2070816952735184,2.630000036433339
2.9742675997316836,0.20000000247731803
