predicted_SD,SD
0.28465603084303437,0.16999999824911355
0.6457809380814432,2.249999931454658
16.74075871706009,15.650000483095644
3.6020050173252818,6.150000018328428
9.604758863151073,17.010000469088553
7.192392083853482,15.580000293254852
2.8806267188489434,1.6100000469386577
6.302279834002256,5.219999964386225
2.475470430627465,2.7600000804662703
1.5424242743849752,3.2899999751895663
3.1181862919032572,0.9899999852664768
