predicted_SD,SD
2.031695933267474,1.1500000335276126
10.880097382962703,5.040000093281269
18.904853195250034,16.91000019788742
24.503652780055997,21.080000399947163
20.994821839928626,9.279999868124722
2.5257309643179178,5.940000065863132
2.0392669151723384,1.1200000292994081
19.64420112162828,3.5999998903274535
8.008653707653284,11.470000253915785
2.6811691866815086,2.630000036433339
1.5792641250044106,0.20000000247731803
