predicted_SD,SD
2.280855099670589,0.8300000141374766
11.166473576128482,19.280000454783437
12.137063645124435,15.080000171363352
1.53493890915066,0.30000000371597707
7.41799987822771,11.169999440312385
0.9898264379613101,0.26999999948777254
2.405849576629698,2.2200000043585897
0.6900036453269421,0.33000000794418155
0.7575585922040045,2.9099998702108856
4.083069816976785,8.010000126212836
1.8292563184723256,0.9599999810382723
