predicted_SD,SD
5.194205669909715,1.2499999809265137
5.9029647007584565,17.610000190138816
5.866647602021694,0.270000008251518
14.346790047883985,19.320000446438787
12.749756452441213,12.979999878406522
5.2898440468311305,7.610000295937061
2.3022402528673407,-1.03143974958253e-09
3.1611236369609825,3.1700000469386573
14.863170134425161,0.3999999822117388
3.2038627293705937,0.5600000005587935
2.639101260155439,1.7399999479949473
