predicted_SD,SD
2.5638381895422935,41.40999855995178
1.790464799106121,1.190000025331974
7.078672369122505,3.2900000700354575
9.506654537320136,8.629999809265136
6.420895359516144,5.4299998909235
9.204848957657815,12.919999526143075
6.355646389722824,27.509999012947084
3.0576152256131173,2.2800000859797
4.938024084568023,15.130000396966935
1.843566214889288,2.2800000859797
9.560684089660645,0.29999999234452845
