predicted_SD,SD
9.517505140155553,8.75000028192997
9.480415072888135,35.179999147653575
10.06355623230338,26.91000016748905
3.7637424669414754,4.000000049546361
3.4365467134863135,6.939999692589044
2.3926314425468442,7.169999699294567
7.769047973304986,10.709999426901339
8.921241644769907,12.290000009536742
7.184735639542341,6.299999808073044
9.514158839583397,2.57000002797693
8.048575449883938,0.02999999940744601
