predicted_SD,SD
11.78727372944355,8.75000028192997
14.63149469733238,35.179999147653575
15.362598741054533,26.91000016748905
3.5689810477197166,4.000000049546361
2.34372920576483,6.939999692589044
1.3013254161551593,7.169999699294567
11.562669886946678,10.709999426901339
11.086486934423446,12.290000009536742
7.120315496921538,6.299999808073044
14.20420611411333,2.57000002797693
11.686571247279643,0.02999999940744601
