predicted_SD,SD
2.1116592851281166,41.40999855995178
1.5882416406273843,1.190000025331974
5.425176516473293,3.2900000700354575
8.867426629066467,8.629999809265136
5.607343432903289,5.4299998909235
9.0622383248806,12.919999526143075
3.8120563077926635,27.509999012947084
2.9558968584239484,2.2800000859797
3.0178791335225106,15.130000396966935
1.3098053914308547,2.2800000859797
9.743379946947098,0.29999999234452845
