fold,r,r2,rmse,mae
0.0,-0.12963713400725782,-0.29833186582434434,14.068759582803963,8.2399145683697
1.0,0.845725547959183,0.6484342735516784,3.642030504019761,2.514879661370916
2.0,0.4270743045959942,0.02191458316414252,10.060331578609636,6.726162872595225
3.0,0.3293725880743207,-0.20001630256111147,7.251703718488668,5.520605984773826
4.0,0.9599007732361214,0.7534147958958364,3.214872167321266,2.3371422300682485
5.0,0.7869744942138736,0.5437413295848199,4.425176481455521,3.521684533713216
6.0,0.527548142870668,-0.20931097173386615,7.718662462340214,5.62979700157821
