fold,r,r2,rmse,mae
0.0,0.8386100195260586,0.16649978312338887,0.7262335208654418,0.4262901712014561
1.0,0.7880135539180849,0.6005627813192312,0.5171856837559757,0.26338893378428585
2.0,0.8780814586207364,0.7230693163056138,0.7634788080302456,0.41181477655668686
3.0,0.7561686920673979,0.5148442244200164,0.6948690723715462,0.3018234847528302
4.0,0.7323621169033001,0.5336846770207656,0.8243602574646236,0.37496229916253
5.0,0.921648363564318,0.8249419002868776,0.49197728891820647,0.27517643519149776
