fold,r,r2,rmse,mae
0.0,0.8491750135089119,0.6272208488504023,0.48567890395850855,0.28209312746460063
1.0,0.7768396212795349,0.6005088531303102,0.5172205953073158,0.2953352836569253
2.0,0.8585099601937006,0.6916464544496445,0.8056305398185665,0.43419645082129354
3.0,0.7659141232533249,0.5811967947295456,0.6456057322660231,0.2783691858171966
4.0,0.6800664508912954,0.41282869758605634,0.9250380854247056,0.37401370162690156
5.0,0.9089019187759888,0.7780354742265762,0.5539821044253782,0.3476572152787141
