predicted_SD,SD
3.382707343570979,41.41
4.665351577311948,1.19
7.423493219040746,3.2899999999999996
10.510199099321635,8.63
7.369440583485507,5.43
13.239696830533838,12.92
16.43038057935478,27.510000000000005
7.582679603876092,2.28
8.019754362008303,15.13
4.034067344549049,2.28
6.00552167957166,0.3
