predicted_SD,SD
7.610897135500104,3.57
9.86034404099207,4.13
13.101208188300378,9.2
16.472858874537646,18.07
5.106010436784227,11.789999999999997
4.470682619980375,11.82
10.716246744267435,20.51
6.375642970590642,2.28
5.7930400430567195,1.25
1.990861614711456,2.5
2.5206646544618003,0.86
