predicted_SD,SD
13.196831088377767,8.75
9.080144086756695,35.18
11.04639077644627,26.91
8.7276297463747,3.9999999999999996
10.459678961415344,6.9399999999999995
8.510454257464335,7.17
10.0933529769933,10.71
11.191486989414525,12.29
6.909254178345493,6.299999999999999
3.377808512779011,2.57
6.398006346244555,0.03
