predicted_SD,SD
7.318700283204528,0.17000000000000004
17.10453319933142,2.25
12.019440570181892,15.65
7.955515126632224,6.15
8.303527986224971,17.01
8.986199578843774,15.580000000000002
5.662895433292666,1.61
6.703715772461242,5.22
6.524775938335383,2.76
3.404048726029732,3.2899999999999996
6.304967777405746,0.99
