predicted_SD,SD
4.816743297157174,0.83
9.124902156597456,19.28
10.157996092764296,15.08
4.815357760127164,0.3
9.531489176034285,11.17
5.4883422574260905,0.27
5.584372583002124,2.22
1.5184930274954913,0.33000000000000007
1.6115349204461458,2.91
7.070795954730395,8.01
9.094933518478394,0.96
