predicted_SD,SD
3.8631896683653695,1.25
4.021373344716491,17.61
11.269808501180869,0.27
10.650293061237603,19.32
13.653045299889486,12.98
6.704389813035649,7.61
6.072269059637116,0.0
4.206004235321845,3.17
-0.7137296109321578,0.4
12.22049561388239,0.56
4.466220853429063,1.74
