predicted_SD,SD
4.906987935283394,1.15
6.7556703547940105,5.04
22.245182236725324,16.91
9.85006544565533,21.08
6.268384703970705,9.28
7.4176390844064635,5.94
5.972359600410452,1.12
1.2020295187983783,3.6
8.095971505207897,11.47
6.163444443422487,2.63
5.244094523938777,0.2
