fold,r,r2,rmse,mae
0.0,0.9920010822128913,0.9834188480098969,0.015790233747107564,0.009572979601029622
1.0,0.9839931367921491,0.9680292653850014,0.0201802012186658,0.012133914871478602
2.0,0.9855478534759904,0.9710866536590492,0.019555988369859535,0.011580290351207341
3.0,0.9933260078807717,0.9859870626437951,0.01614460090544618,0.011724639405030077
4.0,0.9840207131400541,0.9652971663781503,0.027498428616858556,0.016276254322384085
5.0,0.9903708132468798,0.9805870251510592,0.021226135899540085,0.012070772008317061
6.0,0.9901228280755084,0.9802244283624499,0.019483016120098836,0.012447113964448685
