fold,r,r2,rmse,mae
0.0,0.9892008796187607,0.9777447974819446,0.017735031477120973,0.01067125438432827
1.0,0.980297020174567,0.9581219079219152,0.02347484670507047,0.013328819926179724
2.0,0.9870669873075371,0.9734905266872241,0.021802149107762594,0.014074051001386935
3.0,0.9866600820235423,0.9703189647493173,0.02606160662966973,0.01504219651564186
4.0,0.9906145039732228,0.9806958621264876,0.0200542463772565,0.012678619754743981
