Dataset,num_of_folds,Features,Targets,Model,r_mean,r_std,r2_mean,r2_std,rmse_mean,rmse_std,mae_mean,mae_std,num_of_data,feature_length
CO2_Soleimani,5,"3mer_circular_graph_fp,T_K,P_Mpa",exp_CO2_sol_g_g,RF,0.9867678946195261,0.0035408788626765204,0.9720744117933778,0.007826135952098405,0.021825576059376055,0.0028472710197467296,0.013158988316456153,0.0014718851644497392,515,514
