fold,r,r2,rmse,mae
0.0,0.4550680685063481,0.07457997500595936,0.9507827222952412,0.71881136111198
1.0,0.4688242301883102,0.1025760187792133,0.9394409621368005,0.717974326051581
2.0,0.34979461916204646,0.06813561033099524,1.0391781846121557,0.7010039274874034
3.0,0.47856249680863555,0.10343808574091273,1.1525039219631839,0.7818651881762159
4.0,0.42898834593016744,0.12165907615608718,1.1559962586602848,0.8168807505550512
