fold,r,r2,rmse,mae
0.0,0.9890815566389602,0.9774517317999316,0.017851420668186638,0.010464042726286708
1.0,0.9677212102797688,0.9305290023247568,0.030235077706698144,0.015546335011558039
2.0,0.9860457908643292,0.9718920530350882,0.0224498435378508,0.014152269766527963
3.0,0.987736673529889,0.9722484332880386,0.02520028289041788,0.01459553203883497
4.0,0.9896772548792845,0.979100743493534,0.020866353424063823,0.013539566412971571
