Dataset,num_of_folds,Features,Targets,Model,r_mean,r_std,r2_mean,r2_std,rmse_mean,rmse_std,mae_mean,mae_std,num_of_data,feature_length
CO2_Soleimani,5,"polymer_automated_frag_SMILES,T_K,P_Mpa",exp_CO2_sol_g_g,RF,0.9840524972384465,0.008260588903028044,0.9662443927882698,0.01807995512011365,0.02332059564544346,0.004196109516212941,0.01365954919123585,0.0017265257381630082,515,97
